id,selected_model,asset,pictured_model,existing_kind,identity_name_match,source_url,rights,review_status
"rtx4080s","GeForce RTX 4080 SUPER","/assets/hardware/gpu-ada.png","ASUS TUF GeForce RTX 4080 SUPER OC","exact","false","https://www.asus.com/us/motherboards-components/graphics-cards/tuf-gaming/tuf-rtx4080s-o16g-gaming/","not recorded","metadata audit; not a complete visual or rights verification"
"rx7900xtx","Radeon RX 7900 XTX","/assets/hardware/gpu-rdna3.png","ASUS TUF Radeon RX 7900 XTX OC","exact","false","https://www.asus.com/motherboards-components/graphics-cards/tuf-gaming/tuf-rx7900xtx-o24g-gaming/","not recorded","metadata audit; not a complete visual or rights verification"
"ddr4","VENGEANCE LPX DDR4-3200 CL16","/assets/hardware/official-core-official-core-ddr4.png","CORSAIR VENGEANCE LPX DDR4-3200 CL16","exact","true","https://www.corsair.com/us/en/p/memory/cmk32gx4m2e3200c16/vengeance-lpx-32gb-2-x-16gb-ddr4-dram-3200mhz-c16-memory-kit-black-cmk32gx4m2e3200c16","Manufacturer product media","metadata audit; not a complete visual or rights verification"
"rtx4090","GeForce RTX 4090","/assets/hardware/gpu-ada.png","ASUS TUF GeForce RTX 4080 SUPER OC","family","false","https://www.asus.com/us/motherboards-components/graphics-cards/tuf-gaming/tuf-rtx4080s-o16g-gaming/","not recorded","metadata audit; not a complete visual or rights verification"
"gtx1080ti","GeForce GTX 1080 Ti","/assets/hardware/gpu-pascal.png","NVIDIA GeForce GTX 1080 Ti Founders Edition","exact","false","https://www.nvidia.com/en-us/geforce/10-series/","not recorded","metadata audit; not a complete visual or rights verification"
"7800x3d","Ryzen 7 7800X3D","/assets/hardware/amd-ryzen-7-7800x3d.jpg","AMD Ryzen 7 7800X3D packaging","exact","true","https://www.amd.com/en/products/processors/desktops/ryzen/7000-series/amd-ryzen-7-7800x3d.html","Manufacturer product media","metadata audit; not a complete visual or rights verification"
"9800x3d","Ryzen 7 9800X3D","/assets/hardware/official-core-official-core-9800x3d.jpg","AMD Ryzen 7 9800X3D","exact","true","https://www.amd.com/en/products/processors/desktops/ryzen/9000-series/amd-ryzen-7-9800x3d.html","Manufacturer product media","metadata audit; not a complete visual or rights verification"
"b650","MAG B650 TOMAHAWK WIFI","/assets/hardware/component-new-board-asus-rog.jpg","ASUS ROG Strix Z390-F Gaming","reference","false","https://commons.wikimedia.org/wiki/File:Asus-ROG-Strix-Z390-F-Gaming-Motherboard_20201120_DSC6025.jpg","CC BY 4.0","metadata audit; not a complete visual or rights verification"
"b450","B450 TOMAHAWK MAX","/assets/hardware/component-new-board-asus-rog.jpg","ASUS ROG Strix Z390-F Gaming","reference","false","https://commons.wikimedia.org/wiki/File:Asus-ROG-Strix-Z390-F-Gaming-Motherboard_20201120_DSC6025.jpg","CC BY 4.0","metadata audit; not a complete visual or rights verification"
"ddr5","VENGEANCE DDR5-6000 CL30","/assets/hardware/official-core-official-core-ddr5.webp","CORSAIR VENGEANCE DDR5 black two-module kit","family","false","https://www.corsair.com/us/en/p/memory/cmk32gx5m2b6000c30/vengeance-32gb-2x16gb-ddr5-dram-6000mt-s-c30-memory-kit-black-cmk32gx5m2b6000c30","Manufacturer product media","metadata audit; not a complete visual or rights verification"
"990pro","990 PRO 1 TB","/assets/hardware/memory-storage-samsung990.optimized.jpg","Samsung 990 PRO 1TB MZ-V9P1T0BW","exact","false","https://smcinternational.in/storage/m2-nvme-gen4/samsung-990-pro-nvme-m2-gen4-ssd-1tb","not recorded","metadata audit; not a complete visual or rights verification"
"980pro","980 PRO 1 TB","/assets/hardware/memory-storage-samsung990.optimized.jpg","Samsung 990 PRO 1TB MZ-V9P1T0BW","reference","false","https://smcinternational.in/storage/m2-nvme-gen4/samsung-990-pro-nvme-m2-gen4-ssd-1tb","not recorded","metadata audit; not a complete visual or rights verification"
"barracuda2","BarraCuda 2 TB","/assets/hardware/component-new-hdd-barracuda-500.jpg","Seagate Barracuda 500 GB","family","false","https://commons.wikimedia.org/wiki/File:Seagate_500gb_Barracuda_7200rpm_3.5_SATA_Hard_Disk.jpg","CC BY-SA 4.0","metadata audit; not a complete visual or rights verification"
"barracuda1","BarraCuda 1 TB","/assets/hardware/component-new-hdd-barracuda-500.jpg","Seagate Barracuda 500 GB","family","false","https://commons.wikimedia.org/wiki/File:Seagate_500gb_Barracuda_7200rpm_3.5_SATA_Hard_Disk.jpg","CC BY-SA 4.0","metadata audit; not a complete visual or rights verification"
"rm850x","RM850x (2021)","/assets/hardware/component-new-psu-corsair-modular.jpg","Corsair CX600M","reference","false","https://commons.wikimedia.org/wiki/File:Corsair_CX600M_1_2019-05-06.jpg","CC BY-SA 4.0","metadata audit; not a complete visual or rights verification"
"rm750x","RM750x (2021)","/assets/hardware/component-new-psu-corsair-modular.jpg","Corsair CX600M","reference","false","https://commons.wikimedia.org/wiki/File:Corsair_CX600M_1_2019-05-06.jpg","CC BY-SA 4.0","metadata audit; not a complete visual or rights verification"
"ps4","PlayStation 4","/assets/hardware/device-new-device-9.webp","PlayStation 4, Slim and Pro","family","false","https://commons.wikimedia.org/wiki/File:PS4_consoles_montage.jpg","CC BY 4.0","metadata audit; not a complete visual or rights verification"
"ps4pro","PlayStation 4 Pro","/assets/hardware/device-new-device-9.webp","PlayStation 4, Slim and Pro","family","false","https://commons.wikimedia.org/wiki/File:PS4_consoles_montage.jpg","CC BY 4.0","metadata audit; not a complete visual or rights verification"
"ps5","PlayStation 5 (2020)","/assets/hardware/official-device-official-ps5-2020.jpg","PlayStation 5 Disc Edition and Digital Edition (2020)","exact","false","https://blog.playstation.com/?p=331829","Copyright Sony Interactive Entertainment; manufacturer media used for product identification","metadata audit; not a complete visual or rights verification"
"seriesx","Xbox Series X (2020)","/assets/hardware/official-device-official-xbox-series-x.jpg","Xbox Series X 1 TB with Xbox Wireless Controller","exact","false","https://www.xbox.com/en-US/consoles/xbox-series-x","Copyright Microsoft; manufacturer media used for product identification","metadata audit; not a complete visual or rights verification"
"decklcd","Steam Deck LCD (512 GB)","/assets/hardware/device-new-device-22.webp","Valve Steam Deck LCD","exact","false","https://commons.wikimedia.org/wiki/File:Steam_Deck_(front).png","CC BY-SA 4.0","metadata audit; not a complete visual or rights verification"
"deckoled","Steam Deck OLED (512 GB)","/assets/hardware/device-new-device-22.webp","Valve Steam Deck LCD","family","false","https://commons.wikimedia.org/wiki/File:Steam_Deck_(front).png","CC BY-SA 4.0","metadata audit; not a complete visual or rights verification"
"iphone15pro","iPhone 15 Pro","/assets/hardware/official-device-official-iphone15pro.png","Apple iPhone 15 Pro color lineup","exact","false","https://support.apple.com/en-us/111829","Copyright Apple Inc.; manufacturer media used for product identification","metadata audit; not a complete visual or rights verification"
"iphone16pro","iPhone 16 Pro","/assets/hardware/official-device-official-iphone16pro.png","Apple iPhone 16 Pro color lineup","exact","false","https://support.apple.com/en-us/121031","Copyright Apple Inc.; manufacturer media used for product identification","metadata audit; not a complete visual or rights verification"
"rtx5090","GeForce RTX 5090","/assets/hardware/official-core-official-core-rtx5090.jpg","NVIDIA GeForce RTX 5090","exact","true","https://www.nvidia.com/en-us/geforce/graphics-cards/50-series/rtx-5090/","Manufacturer product media","metadata audit; not a complete visual or rights verification"
"rtx5080","GeForce RTX 5080","/assets/hardware/official-core-official-core-rtx5080.jpg","NVIDIA GeForce RTX 5080","exact","true","https://www.nvidia.com/en-us/geforce/graphics-cards/50-series/rtx-5080/","Manufacturer product media","metadata audit; not a complete visual or rights verification"
"rtx5070ti","GeForce RTX 5070 Ti","/assets/hardware/official-core-official-core-rtx5070ti.jpg","NVIDIA GeForce RTX 5070 Ti","exact","true","https://www.nvidia.com/en-us/geforce/graphics-cards/50-series/rtx-5070-family/","Manufacturer product media","metadata audit; not a complete visual or rights verification"
"rtx5070","GeForce RTX 5070","/assets/hardware/gpu-blackwell.png","ASUS Prime GeForce RTX 5070 OC","exact","false","https://www.asus.com/motherboards-components/graphics-cards/prime/prime-rtx5070-o12g/","not recorded","metadata audit; not a complete visual or rights verification"
"rtx4070tis","GeForce RTX 4070 Ti SUPER","/assets/hardware/gpu-ada.png","ASUS TUF GeForce RTX 4080 SUPER OC","family","false","https://www.asus.com/us/motherboards-components/graphics-cards/tuf-gaming/tuf-rtx4080s-o16g-gaming/","not recorded","metadata audit; not a complete visual or rights verification"
"rtx4070s","GeForce RTX 4070 SUPER","/assets/hardware/gpu-ada.png","ASUS TUF GeForce RTX 4080 SUPER OC","family","false","https://www.asus.com/us/motherboards-components/graphics-cards/tuf-gaming/tuf-rtx4080s-o16g-gaming/","not recorded","metadata audit; not a complete visual or rights verification"
"rtx4070","GeForce RTX 4070","/assets/hardware/gpu-ada.png","ASUS TUF GeForce RTX 4080 SUPER OC","family","false","https://www.asus.com/us/motherboards-components/graphics-cards/tuf-gaming/tuf-rtx4080s-o16g-gaming/","not recorded","metadata audit; not a complete visual or rights verification"
"rtx4060ti","GeForce RTX 4060 Ti 8 GB","/assets/hardware/gpu-ada.png","ASUS TUF GeForce RTX 4080 SUPER OC","family","false","https://www.asus.com/us/motherboards-components/graphics-cards/tuf-gaming/tuf-rtx4080s-o16g-gaming/","not recorded","metadata audit; not a complete visual or rights verification"
"rtx4060","GeForce RTX 4060","/assets/hardware/gpu-ada.png","ASUS TUF GeForce RTX 4080 SUPER OC","family","false","https://www.asus.com/us/motherboards-components/graphics-cards/tuf-gaming/tuf-rtx4080s-o16g-gaming/","not recorded","metadata audit; not a complete visual or rights verification"
"rtx3090","GeForce RTX 3090","/assets/hardware/gpu-ampere.optimized.jpg","NVIDIA GeForce RTX 3090 Founders Edition","exact","false","https://en.wikipedia.org/wiki/GeForce_RTX_30_series","CC BY-SA 4.0","metadata audit; not a complete visual or rights verification"
"rtx3080","GeForce RTX 3080 10 GB","/assets/hardware/gpu-ampere.optimized.jpg","NVIDIA GeForce RTX 3090 Founders Edition","family","false","https://en.wikipedia.org/wiki/GeForce_RTX_30_series","CC BY-SA 4.0","metadata audit; not a complete visual or rights verification"
"rtx3070","GeForce RTX 3070","/assets/hardware/gpu-ampere.optimized.jpg","NVIDIA GeForce RTX 3090 Founders Edition","family","false","https://en.wikipedia.org/wiki/GeForce_RTX_30_series","CC BY-SA 4.0","metadata audit; not a complete visual or rights verification"
"rtx3060ti","GeForce RTX 3060 Ti","/assets/hardware/gpu-ampere.optimized.jpg","NVIDIA GeForce RTX 3090 Founders Edition","family","false","https://en.wikipedia.org/wiki/GeForce_RTX_30_series","CC BY-SA 4.0","metadata audit; not a complete visual or rights verification"
"rtx3060","GeForce RTX 3060 12 GB","/assets/hardware/gpu-ampere.optimized.jpg","NVIDIA GeForce RTX 3090 Founders Edition","family","false","https://en.wikipedia.org/wiki/GeForce_RTX_30_series","CC BY-SA 4.0","metadata audit; not a complete visual or rights verification"
"rtx2080ti","GeForce RTX 2080 Ti","/assets/hardware/gpu-turing.optimized.jpg","NVIDIA TITAN RTX","family","false","https://en.wikipedia.org/wiki/GeForce_RTX_20_series","CC BY 3.0","metadata audit; not a complete visual or rights verification"
"rtx2070s","GeForce RTX 2070 SUPER","/assets/hardware/gpu-turing.optimized.jpg","NVIDIA TITAN RTX","family","false","https://en.wikipedia.org/wiki/GeForce_RTX_20_series","CC BY 3.0","metadata audit; not a complete visual or rights verification"
"rtx2060","GeForce RTX 2060","/assets/hardware/gpu-turing.optimized.jpg","NVIDIA TITAN RTX","family","false","https://en.wikipedia.org/wiki/GeForce_RTX_20_series","CC BY 3.0","metadata audit; not a complete visual or rights verification"
"gtx1080","GeForce GTX 1080","/assets/hardware/gpu-pascal.png","NVIDIA GeForce GTX 1080 Ti Founders Edition","family","false","https://www.nvidia.com/en-us/geforce/10-series/","not recorded","metadata audit; not a complete visual or rights verification"
"gtx1070","GeForce GTX 1070","/assets/hardware/gpu-pascal.png","NVIDIA GeForce GTX 1080 Ti Founders Edition","family","false","https://www.nvidia.com/en-us/geforce/10-series/","not recorded","metadata audit; not a complete visual or rights verification"
"gtx1060","GeForce GTX 1060 6 GB","/assets/hardware/gpu-pascal.png","NVIDIA GeForce GTX 1080 Ti Founders Edition","family","false","https://www.nvidia.com/en-us/geforce/10-series/","not recorded","metadata audit; not a complete visual or rights verification"
"gtx980ti","GeForce GTX 980 Ti","/assets/hardware/gpu-maxwell.jpg","Gigabyte GeForce GTX 970 Windforce","family","false","https://en.wikipedia.org/wiki/File:Gigabyte_GTX_970_Windforce.jpg","CC BY-SA 4.0","metadata audit; not a complete visual or rights verification"
"gtx970","GeForce GTX 970","/assets/hardware/gpu-maxwell.jpg","Gigabyte GeForce GTX 970 Windforce","exact","false","https://en.wikipedia.org/wiki/File:Gigabyte_GTX_970_Windforce.jpg","CC BY-SA 4.0","metadata audit; not a complete visual or rights verification"
"rx9070xt","Radeon RX 9070 XT","/assets/hardware/gpu-rdna4.optimized.jpg","ASUS TUF Gaming Radeon RX 9070 XT OC","exact","false","https://www.asus.com/motherboards-components/graphics-cards/tuf-gaming/tuf-rx9070xt-o16g-gaming/","not recorded","metadata audit; not a complete visual or rights verification"
"rx9070","Radeon RX 9070","/assets/hardware/official-core-official-core-rx9070.jpg","AMD Radeon RX 9070","exact","true","https://www.amd.com/en/products/graphics/desktops/radeon/9000-series/amd-radeon-rx-9070.html","Manufacturer product media","metadata audit; not a complete visual or rights verification"
"rx7900xt","Radeon RX 7900 XT","/assets/hardware/gpu-rdna3.png","ASUS TUF Radeon RX 7900 XTX OC","family","false","https://www.asus.com/motherboards-components/graphics-cards/tuf-gaming/tuf-rx7900xtx-o24g-gaming/","not recorded","metadata audit; not a complete visual or rights verification"
"rx7800xt","Radeon RX 7800 XT","/assets/hardware/gpu-rdna3.png","ASUS TUF Radeon RX 7900 XTX OC","family","false","https://www.asus.com/motherboards-components/graphics-cards/tuf-gaming/tuf-rx7900xtx-o24g-gaming/","not recorded","metadata audit; not a complete visual or rights verification"
"rx7700xt","Radeon RX 7700 XT","/assets/hardware/gpu-rdna3.png","ASUS TUF Radeon RX 7900 XTX OC","family","false","https://www.asus.com/motherboards-components/graphics-cards/tuf-gaming/tuf-rx7900xtx-o24g-gaming/","not recorded","metadata audit; not a complete visual or rights verification"
"rx7600","Radeon RX 7600","/assets/hardware/gpu-rdna3.png","ASUS TUF Radeon RX 7900 XTX OC","family","false","https://www.asus.com/motherboards-components/graphics-cards/tuf-gaming/tuf-rx7900xtx-o24g-gaming/","not recorded","metadata audit; not a complete visual or rights verification"
"rx6950xt","Radeon RX 6950 XT","/assets/hardware/gpu-rdna2.optimized.jpg","ASUS TUF Gaming Radeon RX 6800 XT OC","family","false","https://www.asus.com/motherboards-components/graphics-cards/tuf-gaming/tuf-rx6800xt-o16g-gaming/","not recorded","metadata audit; not a complete visual or rights verification"
"rx6900xt","Radeon RX 6900 XT","/assets/hardware/gpu-rdna2.optimized.jpg","ASUS TUF Gaming Radeon RX 6800 XT OC","family","false","https://www.asus.com/motherboards-components/graphics-cards/tuf-gaming/tuf-rx6800xt-o16g-gaming/","not recorded","metadata audit; not a complete visual or rights verification"
"rx6800xt","Radeon RX 6800 XT","/assets/hardware/gpu-rdna2.optimized.jpg","ASUS TUF Gaming Radeon RX 6800 XT OC","exact","false","https://www.asus.com/motherboards-components/graphics-cards/tuf-gaming/tuf-rx6800xt-o16g-gaming/","not recorded","metadata audit; not a complete visual or rights verification"
"rx6800","Radeon RX 6800","/assets/hardware/gpu-rdna2.optimized.jpg","ASUS TUF Gaming Radeon RX 6800 XT OC","family","false","https://www.asus.com/motherboards-components/graphics-cards/tuf-gaming/tuf-rx6800xt-o16g-gaming/","not recorded","metadata audit; not a complete visual or rights verification"
"rx6700xt","Radeon RX 6700 XT","/assets/hardware/gpu-rdna2.optimized.jpg","ASUS TUF Gaming Radeon RX 6800 XT OC","family","false","https://www.asus.com/motherboards-components/graphics-cards/tuf-gaming/tuf-rx6800xt-o16g-gaming/","not recorded","metadata audit; not a complete visual or rights verification"
"rx6600","Radeon RX 6600","/assets/hardware/gpu-rdna2.optimized.jpg","ASUS TUF Gaming Radeon RX 6800 XT OC","family","false","https://www.asus.com/motherboards-components/graphics-cards/tuf-gaming/tuf-rx6800xt-o16g-gaming/","not recorded","metadata audit; not a complete visual or rights verification"
"rx5700xt","Radeon RX 5700 XT","/assets/hardware/gpu-rdna2.optimized.jpg","ASUS TUF Gaming Radeon RX 6800 XT OC","reference","false","https://www.asus.com/motherboards-components/graphics-cards/tuf-gaming/tuf-rx6800xt-o16g-gaming/","not recorded","metadata audit; not a complete visual or rights verification"
"rx580","Radeon RX 580","/assets/hardware/gpu-polaris.jpg","XFX Radeon RX 570 RS 8GB XXX Edition","family","false","https://en.wikipedia.org/wiki/File:XFX_AMD_Radeon_RX_570_RS_8GB_XXX_Edition_-_top.jpg","CC BY-SA 4.0","metadata audit; not a complete visual or rights verification"
"arcb580","Arc B580","/assets/hardware/gpu-arcb580.jpg","Intel Arc B580 Limited Edition","exact","false","https://en.wikipedia.org/wiki/File:Intel_Arc_Battlemage_B580_Limited_Edition.jpg","CC0","metadata audit; not a complete visual or rights verification"
"arca770","Arc A770 16 GB","/assets/hardware/gpu-arca770.jpg","Intel Arc A770 Limited Edition","exact","false","https://en.wikipedia.org/wiki/File:Intel_Arc_A770_with_Rubik's_Cube-2.jpg","CC0","metadata audit; not a complete visual or rights verification"
"arca750","Arc A750","/assets/hardware/gpu-arca770.jpg","Intel Arc A770 Limited Edition","family","false","https://en.wikipedia.org/wiki/File:Intel_Arc_A770_with_Rubik's_Cube-2.jpg","CC0","metadata audit; not a complete visual or rights verification"
"9950x3d","Ryzen 9 9950X3D","/assets/hardware/official-core-official-core-9950x3d.jpg","AMD Ryzen 9 9900X3D","family","false","https://www.amd.com/en/products/processors/desktops/ryzen/9000-series/amd-ryzen-9-9950x3d.html","Manufacturer product media","metadata audit; not a complete visual or rights verification"
"9950x","Ryzen 9 9950X","/assets/hardware/official-core-official-core-9950x.jpg","AMD Ryzen 9 9950X","exact","true","https://www.amd.com/en/products/processors/desktops/ryzen/9000-series/amd-ryzen-9-9950x.html","Manufacturer product media","metadata audit; not a complete visual or rights verification"
"9900x","Ryzen 9 9900X","/assets/hardware/official-core-official-core-9900x.jpg","AMD Ryzen 9 9950X","family","false","https://www.amd.com/en/products/processors/desktops/ryzen/9000-series/amd-ryzen-9-9900x.html","Manufacturer product media","metadata audit; not a complete visual or rights verification"
"9700x","Ryzen 7 9700X","/assets/hardware/official-core-official-core-9700x.jpg","AMD Ryzen 7 9700X","exact","true","https://www.amd.com/en/products/processors/desktops/ryzen/9000-series/amd-ryzen-7-9700x.html","Manufacturer product media","metadata audit; not a complete visual or rights verification"
"9600x","Ryzen 5 9600X","/assets/hardware/official-core-official-core-9600x.jpg","AMD Ryzen 5 9600X","exact","true","https://www.amd.com/en/products/processors/desktops/ryzen/9000-series/amd-ryzen-5-9600x.html","Manufacturer product media","metadata audit; not a complete visual or rights verification"
"7950x3d","Ryzen 9 7950X3D","/assets/hardware/cpu-ryzen-am5.jpg","AMD Ryzen 9 7900X","family","false","https://commons.wikimedia.org/wiki/File:AMD_Ryzen_9_7900X.jpg","CC BY-SA 4.0","metadata audit; not a complete visual or rights verification"
"7950x","Ryzen 9 7950X","/assets/hardware/cpu-ryzen-am5.jpg","AMD Ryzen 9 7900X","family","false","https://commons.wikimedia.org/wiki/File:AMD_Ryzen_9_7900X.jpg","CC BY-SA 4.0","metadata audit; not a complete visual or rights verification"
"7900x","Ryzen 9 7900X","/assets/hardware/cpu-ryzen-am5.jpg","AMD Ryzen 9 7900X","exact","true","https://commons.wikimedia.org/wiki/File:AMD_Ryzen_9_7900X.jpg","CC BY-SA 4.0","metadata audit; not a complete visual or rights verification"
"7700x","Ryzen 7 7700X","/assets/hardware/cpu-ryzen-am5.jpg","AMD Ryzen 9 7900X","family","false","https://commons.wikimedia.org/wiki/File:AMD_Ryzen_9_7900X.jpg","CC BY-SA 4.0","metadata audit; not a complete visual or rights verification"
"7600x","Ryzen 5 7600X","/assets/hardware/cpu-ryzen-am5.jpg","AMD Ryzen 9 7900X","family","false","https://commons.wikimedia.org/wiki/File:AMD_Ryzen_9_7900X.jpg","CC BY-SA 4.0","metadata audit; not a complete visual or rights verification"
"5950x","Ryzen 9 5950X","/assets/hardware/cpu-ryzen-am4.jpg","AMD Ryzen 7 3700X","reference","false","https://commons.wikimedia.org/wiki/File:AMD_Ryzen_7_3700X_top_IMGP3165_smial_wp.jpg","FAL","metadata audit; not a complete visual or rights verification"
"5900x","Ryzen 9 5900X","/assets/hardware/cpu-ryzen-am4.jpg","AMD Ryzen 7 3700X","reference","false","https://commons.wikimedia.org/wiki/File:AMD_Ryzen_7_3700X_top_IMGP3165_smial_wp.jpg","FAL","metadata audit; not a complete visual or rights verification"
"5800x3d","Ryzen 7 5800X3D","/assets/hardware/amd-ryzen-7-5800x3d.jpg","AMD Ryzen 7 5800X3D packaging","exact","true","https://www.amd.com/en/products/processors/desktops/ryzen/5000-series/amd-ryzen-7-5800x3d.html","Manufacturer product media","metadata audit; not a complete visual or rights verification"
"5800x","Ryzen 7 5800X","/assets/hardware/cpu-ryzen-am4.jpg","AMD Ryzen 7 3700X","reference","false","https://commons.wikimedia.org/wiki/File:AMD_Ryzen_7_3700X_top_IMGP3165_smial_wp.jpg","FAL","metadata audit; not a complete visual or rights verification"
"5600x","Ryzen 5 5600X","/assets/hardware/cpu-ryzen-am4.jpg","AMD Ryzen 7 3700X","reference","false","https://commons.wikimedia.org/wiki/File:AMD_Ryzen_7_3700X_top_IMGP3165_smial_wp.jpg","FAL","metadata audit; not a complete visual or rights verification"
"3950x","Ryzen 9 3950X","/assets/hardware/cpu-ryzen-am4.jpg","AMD Ryzen 7 3700X","family","false","https://commons.wikimedia.org/wiki/File:AMD_Ryzen_7_3700X_top_IMGP3165_smial_wp.jpg","FAL","metadata audit; not a complete visual or rights verification"
"3700x","Ryzen 7 3700X","/assets/hardware/cpu-ryzen-am4.jpg","AMD Ryzen 7 3700X","exact","true","https://commons.wikimedia.org/wiki/File:AMD_Ryzen_7_3700X_top_IMGP3165_smial_wp.jpg","FAL","metadata audit; not a complete visual or rights verification"
"3600","Ryzen 5 3600","/assets/hardware/cpu-ryzen-am4.jpg","AMD Ryzen 7 3700X","family","false","https://commons.wikimedia.org/wiki/File:AMD_Ryzen_7_3700X_top_IMGP3165_smial_wp.jpg","FAL","metadata audit; not a complete visual or rights verification"
"2700x","Ryzen 7 2700X","/assets/hardware/cpu-ryzen-am4.jpg","AMD Ryzen 7 3700X","reference","false","https://commons.wikimedia.org/wiki/File:AMD_Ryzen_7_3700X_top_IMGP3165_smial_wp.jpg","FAL","metadata audit; not a complete visual or rights verification"
"1600","Ryzen 5 1600","/assets/hardware/cpu-ryzen-am4.jpg","AMD Ryzen 7 3700X","reference","false","https://commons.wikimedia.org/wiki/File:AMD_Ryzen_7_3700X_top_IMGP3165_smial_wp.jpg","FAL","metadata audit; not a complete visual or rights verification"
"ultra9285k","Core Ultra 9 285K","/assets/hardware/cpu-core-ultra.jpg","Intel Core Ultra 9 285K","exact","true","https://www.techspot.com/review/2934-intel-core-ultra-285k-vs-intel-core-14900k/","not recorded","metadata audit; not a complete visual or rights verification"
"ultra7265k","Core Ultra 7 265K","/assets/hardware/cpu-core-ultra.jpg","Intel Core Ultra 9 285K","family","false","https://www.techspot.com/review/2934-intel-core-ultra-285k-vs-intel-core-14900k/","not recorded","metadata audit; not a complete visual or rights verification"
"i914900k","Core i9-14900K","/assets/hardware/cpu-core-lga1700.jpg","Intel Core i7-13700K","reference","false","https://commons.wikimedia.org/wiki/File:Intel_Core_i7_13700K.jpg","CC BY 4.0","metadata audit; not a complete visual or rights verification"
"i714700k","Core i7-14700K","/assets/hardware/cpu-core-lga1700.jpg","Intel Core i7-13700K","reference","false","https://commons.wikimedia.org/wiki/File:Intel_Core_i7_13700K.jpg","CC BY 4.0","metadata audit; not a complete visual or rights verification"
"i514600k","Core i5-14600K","/assets/hardware/cpu-core-lga1700.jpg","Intel Core i7-13700K","reference","false","https://commons.wikimedia.org/wiki/File:Intel_Core_i7_13700K.jpg","CC BY 4.0","metadata audit; not a complete visual or rights verification"
"i913900k","Core i9-13900K","/assets/hardware/cpu-core-lga1700.jpg","Intel Core i7-13700K","family","false","https://commons.wikimedia.org/wiki/File:Intel_Core_i7_13700K.jpg","CC BY 4.0","metadata audit; not a complete visual or rights verification"
"i713700k","Core i7-13700K","/assets/hardware/cpu-core-lga1700.jpg","Intel Core i7-13700K","exact","true","https://commons.wikimedia.org/wiki/File:Intel_Core_i7_13700K.jpg","CC BY 4.0","metadata audit; not a complete visual or rights verification"
"i513600k","Core i5-13600K","/assets/hardware/cpu-core-lga1700.jpg","Intel Core i7-13700K","family","false","https://commons.wikimedia.org/wiki/File:Intel_Core_i7_13700K.jpg","CC BY 4.0","metadata audit; not a complete visual or rights verification"
"i912900k","Core i9-12900K","/assets/hardware/cpu-core-lga1700.jpg","Intel Core i7-13700K","reference","false","https://commons.wikimedia.org/wiki/File:Intel_Core_i7_13700K.jpg","CC BY 4.0","metadata audit; not a complete visual or rights verification"
"i712700k","Core i7-12700K","/assets/hardware/cpu-core-lga1700.jpg","Intel Core i7-13700K","reference","false","https://commons.wikimedia.org/wiki/File:Intel_Core_i7_13700K.jpg","CC BY 4.0","metadata audit; not a complete visual or rights verification"
"i512600k","Core i5-12600K","/assets/hardware/cpu-core-lga1700.jpg","Intel Core i7-13700K","reference","false","https://commons.wikimedia.org/wiki/File:Intel_Core_i7_13700K.jpg","CC BY 4.0","metadata audit; not a complete visual or rights verification"
"i910900k","Core i9-10900K","/assets/hardware/cpu-core-lga1200.jpg","Intel Core i5-10500TE","family","false","https://commons.wikimedia.org/wiki/File:Intel_Core_i5_-10500TE_top_IMGP4955_smial_wp.JPG","FAL","metadata audit; not a complete visual or rights verification"
"i99900k","Core i9-9900K","/assets/hardware/cpu-core-coffee.jpg","Intel Core i7-8700K","family","false","https://commons.wikimedia.org/wiki/File:Intel_i7_8700K.jpg","CC BY-SA 4.0","metadata audit; not a complete visual or rights verification"
"i78700k","Core i7-8700K","/assets/hardware/cpu-core-coffee.jpg","Intel Core i7-8700K","exact","true","https://commons.wikimedia.org/wiki/File:Intel_i7_8700K.jpg","CC BY-SA 4.0","metadata audit; not a complete visual or rights verification"
"i77700k","Core i7-7700K","/assets/hardware/cpu-core-coffee.jpg","Intel Core i7-8700K","reference","false","https://commons.wikimedia.org/wiki/File:Intel_i7_8700K.jpg","CC BY-SA 4.0","metadata audit; not a complete visual or rights verification"
"i74790k","Core i7-4790K","/assets/hardware/cpu-core-haswell.jpg","Intel Core i7-4771","family","false","https://commons.wikimedia.org/wiki/File:Intel_Haswell_4771_CPU.jpg","CC BY-SA 3.0","metadata audit; not a complete visual or rights verification"
"i72600k","Core i7-2600K","/assets/hardware/cpu-core-sandy.jpg","Intel Core i7-2600K","exact","true","https://commons.wikimedia.org/wiki/File:Intel_CPU_Core_i7_2600K_Sandy_Bridge_perspective.jpg","CC BY-SA 3.0","metadata audit; not a complete visual or rights verification"
"x870etomahawk","MAG X870E TOMAHAWK WIFI","/assets/hardware/component-new-board-asus-rog.jpg","ASUS ROG Strix Z390-F Gaming","reference","false","https://commons.wikimedia.org/wiki/File:Asus-ROG-Strix-Z390-F-Gaming-Motherboard_20201120_DSC6025.jpg","CC BY 4.0","metadata audit; not a complete visual or rights verification"
"x670etomahawk","MAG X670E TOMAHAWK WIFI","/assets/hardware/component-new-board-asus-rog.jpg","ASUS ROG Strix Z390-F Gaming","reference","false","https://commons.wikimedia.org/wiki/File:Asus-ROG-Strix-Z390-F-Gaming-Motherboard_20201120_DSC6025.jpg","CC BY 4.0","metadata audit; not a complete visual or rights verification"
"b550tomahawk","MAG B550 TOMAHAWK","/assets/hardware/component-new-board-asus-rog.jpg","ASUS ROG Strix Z390-F Gaming","reference","false","https://commons.wikimedia.org/wiki/File:Asus-ROG-Strix-Z390-F-Gaming-Motherboard_20201120_DSC6025.jpg","CC BY 4.0","metadata audit; not a complete visual or rights verification"
"z790tomahawk","MAG Z790 TOMAHAWK WIFI","/assets/hardware/component-new-board-asus-rog.jpg","ASUS ROG Strix Z390-F Gaming","reference","false","https://commons.wikimedia.org/wiki/File:Asus-ROG-Strix-Z390-F-Gaming-Motherboard_20201120_DSC6025.jpg","CC BY 4.0","metadata audit; not a complete visual or rights verification"
"z690tomahawk","MAG Z690 TOMAHAWK WIFI DDR4","/assets/hardware/component-new-board-asus-rog.jpg","ASUS ROG Strix Z390-F Gaming","reference","false","https://commons.wikimedia.org/wiki/File:Asus-ROG-Strix-Z390-F-Gaming-Motherboard_20201120_DSC6025.jpg","CC BY 4.0","metadata audit; not a complete visual or rights verification"
"gskill6000c30","Trident Z5 Neo RGB DDR5-6000 CL30","/assets/hardware/memory-storage-gskill-z5.jpg","G.SKILL Trident Z5 Neo RGB DDR5-5600 32GB F5-5600J2834F16GX2-TZ5NR","family","false","https://www.walmart.com/ip/1658538623","not recorded","metadata audit; not a complete visual or rights verification"
"gskill3600c16","Trident Z Neo DDR4-3600 CL16","/assets/hardware/memory-storage-gskill-zneo.jpg","G.SKILL Trident Z Neo 32GB DDR4-3600 CL18 F4-3600C18D-32GTZN","family","false","https://www.ebay.com/itm/317741335507","not recorded","metadata audit; not a complete visual or rights verification"
"kingston6000","FURY Beast DDR5-6000 CL36","/assets/hardware/memory-storage-kingston-ddr5.jpg","Kingston FURY Beast DDR5 32GB DDR5-6000 CL36 single module","family","false","https://www.spdigital.cl/32gb-6000mts-ddr5-cl36-dimm-fury-beast-black-expo/","not recorded","metadata audit; not a complete visual or rights verification"
"crucialpro6000","Crucial Pro Overclocking DDR5-6000 CL36","/assets/hardware/memory-storage-crucial-oc.jpg","Crucial Pro Overclocking DDR5-6000 32GB CP2K16G60C36U5B","family","false","https://www.theitdepot.com/crucial_pro_overclocking_32gb_kit_2x16gb_ddr5-6000_udimm_black_cp2k16g60c36u5b","not recorded","metadata audit; not a complete visual or rights verification"
"corsair3600","VENGEANCE LPX DDR4-3600 CL18","/assets/hardware/official-core-official-core-corsair3600.png","CORSAIR VENGEANCE LPX DDR4-3600 CL18","exact","true","https://www.corsair.com/us/en/p/memory/cmk32gx4m2d3600c18/vengeance-lpx-32gb-2-x-16gb-ddr4-dram-3600mhz-c18-memory-kit-black-cmk32gx4m2d3600c18","Manufacturer product media","metadata audit; not a complete visual or rights verification"
"samsung9100pro","9100 PRO 2 TB","/assets/hardware/official-core-official-core-samsung9100pro.png","Samsung 9100 PRO 1 TB","family","false","https://semiconductor.samsung.com/consumer-storage/internal-ssd/9100-pro/","Manufacturer product media","metadata audit; not a complete visual or rights verification"
"samsung970evo","970 EVO Plus 1 TB","/assets/hardware/memory-storage-samsung990.optimized.jpg","Samsung 990 PRO 1TB MZ-V9P1T0BW","reference","false","https://smcinternational.in/storage/m2-nvme-gen4/samsung-990-pro-nvme-m2-gen4-ssd-1tb","not recorded","metadata audit; not a complete visual or rights verification"
"samsung870evo","870 EVO 1 TB","/assets/hardware/official-core-official-core-samsung870evo.png","Samsung 870 EVO 1 TB","exact","true","https://semiconductor.samsung.com/consumer-storage/internal-ssd/870evo/","Manufacturer product media","metadata audit; not a complete visual or rights verification"
"sn850x","WD_BLACK SN850X 2 TB","/assets/hardware/official-core-official-core-sn850x.png","Western Digital WD_BLACK SN850X 2 TB","exact","true","https://www.westerndigital.com/products/internal-drives/wd-black-sn850x-nvme-ssd","Manufacturer product media","metadata audit; not a complete visual or rights verification"
"sn770","WD_BLACK SN770 1 TB","/assets/hardware/memory-storage-wd-sn850x.png","WD_BLACK SN850X NVMe SSD (capacity unspecified)","reference","false","https://www.westerndigital.com/products/internal-drives/wd-black-sn850x-nvme-ssd","not recorded","metadata audit; not a complete visual or rights verification"
"crucialt705","T705 2 TB","/assets/hardware/memory-storage-t705.jpg","Crucial T705 4TB CT4000T705SSD3","family","false","https://www.ldlc.com/es-es/ficha/PB00602373.html","not recorded","metadata audit; not a complete visual or rights verification"
"crucialp3plus","P3 Plus 1 TB","/assets/hardware/memory-storage-t705.jpg","Crucial T705 4TB CT4000T705SSD3","reference","false","https://www.ldlc.com/es-es/ficha/PB00602373.html","not recorded","metadata audit; not a complete visual or rights verification"
"crucialmx500","MX500 1 TB","/assets/hardware/memory-storage-mx500.jpg","Crucial MX500 500GB CT500MX500SSD1","family","false","https://www.ebay.de/itm/265069707081","not recorded","metadata audit; not a complete visual or rights verification"
"kc3000","KC3000 2 TB","/assets/hardware/memory-storage-kc3000.jpg","Kingston KC3000 4TB SKC3000D/4096GB","family","false","https://www.jarcomputers.com/kingston-kc3000-4096gb-m2-2280-skc3000d4096gb-prod-ssdkingstonskc3000d4096gb.html","not recorded","metadata audit; not a complete visual or rights verification"
"wdblue4tb","WD Blue 4 TB","/assets/hardware/component-new-hdd-wdblue.jpg","Western Digital Caviar Blue 500 GB","family","false","https://commons.wikimedia.org/wiki/File:Western_Digital_3.5_Hard_Disk_Caviar_500gb_Blue.jpg","CC BY-SA 4.0","metadata audit; not a complete visual or rights verification"
"wdblack8tb","WD_BLACK 8 TB","/assets/hardware/component-new-hdd-wdblue.jpg","Western Digital Caviar Blue 500 GB","reference","false","https://commons.wikimedia.org/wiki/File:Western_Digital_3.5_Hard_Disk_Caviar_500gb_Blue.jpg","CC BY-SA 4.0","metadata audit; not a complete visual or rights verification"
"ironwolf8tb","IronWolf 8 TB","/assets/hardware/component-new-hdd-barracuda-500.jpg","Seagate Barracuda 500 GB","reference","false","https://commons.wikimedia.org/wiki/File:Seagate_500gb_Barracuda_7200rpm_3.5_SATA_Hard_Disk.jpg","CC BY-SA 4.0","metadata audit; not a complete visual or rights verification"
"exos18tb","Exos X18 18 TB","/assets/hardware/component-new-hdd-barracuda-500.jpg","Seagate Barracuda 500 GB","reference","false","https://commons.wikimedia.org/wiki/File:Seagate_500gb_Barracuda_7200rpm_3.5_SATA_Hard_Disk.jpg","CC BY-SA 4.0","metadata audit; not a complete visual or rights verification"
"rm1000x","RM1000x (2021)","/assets/hardware/component-new-psu-corsair-modular.jpg","Corsair CX600M","reference","false","https://commons.wikimedia.org/wiki/File:Corsair_CX600M_1_2019-05-06.jpg","CC BY-SA 4.0","metadata audit; not a complete visual or rights verification"
"sf750","SF750 Platinum","/assets/hardware/component-new-psu-corsair-modular.jpg","Corsair CX600M","reference","false","https://commons.wikimedia.org/wiki/File:Corsair_CX600M_1_2019-05-06.jpg","CC BY-SA 4.0","metadata audit; not a complete visual or rights verification"
"ax1600i","AX1600i","/assets/hardware/component-new-psu-corsair-modular.jpg","Corsair CX600M","reference","false","https://commons.wikimedia.org/wiki/File:Corsair_CX600M_1_2019-05-06.jpg","CC BY-SA 4.0","metadata audit; not a complete visual or rights verification"
"focusgx850","FOCUS GX-850","/assets/hardware/component-new-psu-corsair-modular.jpg","Corsair CX600M","reference","false","https://commons.wikimedia.org/wiki/File:Corsair_CX600M_1_2019-05-06.jpg","CC BY-SA 4.0","metadata audit; not a complete visual or rights verification"
"primetx1000","PRIME TX-1000","/assets/hardware/component-new-psu-corsair-modular.jpg","Corsair CX600M","reference","false","https://commons.wikimedia.org/wiki/File:Corsair_CX600M_1_2019-05-06.jpg","CC BY-SA 4.0","metadata audit; not a complete visual or rights verification"
"straightpower850","Straight Power 12 850W","/assets/hardware/component-new-psu-bequiet-full.jpg","be quiet! Straight Power 12 1200W","family","false","https://commons.wikimedia.org/wiki/File:Be_quiet!_Straight_Power_12_1200W_20240405_HOF1650-HDR_RAW-Export_000105.png","CC BY 4.0","metadata audit; not a complete visual or rights verification"
"rtx5060ti16","GeForce RTX 5060 Ti 16 GB","/assets/hardware/gpu-rtx5060ti.png","ASUS Dual GeForce RTX 5060 Ti OC 16GB","exact","false","https://www.asus.com/motherboards-components/graphics-cards/dual/dual-rtx5060ti-o16g/","not recorded","metadata audit; not a complete visual or rights verification"
"rtx5060","GeForce RTX 5060","/assets/hardware/gpu-blackwell.png","ASUS Prime GeForce RTX 5070 OC","family","false","https://www.asus.com/motherboards-components/graphics-cards/prime/prime-rtx5070-o12g/","not recorded","metadata audit; not a complete visual or rights verification"
"rtx5050","GeForce RTX 5050","/assets/hardware/gpu-blackwell.png","ASUS Prime GeForce RTX 5070 OC","family","false","https://www.asus.com/motherboards-components/graphics-cards/prime/prime-rtx5070-o12g/","not recorded","metadata audit; not a complete visual or rights verification"
"rx9060xt16","Radeon RX 9060 XT 16 GB","/assets/hardware/gpu-rdna4.optimized.jpg","ASUS TUF Gaming Radeon RX 9070 XT OC","family","false","https://www.asus.com/motherboards-components/graphics-cards/tuf-gaming/tuf-rx9070xt-o16g-gaming/","not recorded","metadata audit; not a complete visual or rights verification"
"rx7600xt","Radeon RX 7600 XT","/assets/hardware/official-core-official-core-rx7600xt.jpg","AMD Radeon RX 7600 XT","exact","true","https://www.amd.com/en/products/graphics/desktops/radeon/7000-series/amd-radeon-rx-7600-xt.html","Manufacturer product media","metadata audit; not a complete visual or rights verification"
"rx6750xt","Radeon RX 6750 XT","/assets/hardware/gpu-rdna2.optimized.jpg","ASUS TUF Gaming Radeon RX 6800 XT OC","family","false","https://www.asus.com/motherboards-components/graphics-cards/tuf-gaming/tuf-rx6800xt-o16g-gaming/","not recorded","metadata audit; not a complete visual or rights verification"
"rx6650xt","Radeon RX 6650 XT","/assets/hardware/gpu-rdna2.optimized.jpg","ASUS TUF Gaming Radeon RX 6800 XT OC","family","false","https://www.asus.com/motherboards-components/graphics-cards/tuf-gaming/tuf-rx6800xt-o16g-gaming/","not recorded","metadata audit; not a complete visual or rights verification"
"rx6600xt","Radeon RX 6600 XT","/assets/hardware/gpu-rdna2.optimized.jpg","ASUS TUF Gaming Radeon RX 6800 XT OC","family","false","https://www.asus.com/motherboards-components/graphics-cards/tuf-gaming/tuf-rx6800xt-o16g-gaming/","not recorded","metadata audit; not a complete visual or rights verification"
"rx6500xt","Radeon RX 6500 XT","/assets/hardware/gpu-rdna2.optimized.jpg","ASUS TUF Gaming Radeon RX 6800 XT OC","family","false","https://www.asus.com/motherboards-components/graphics-cards/tuf-gaming/tuf-rx6800xt-o16g-gaming/","not recorded","metadata audit; not a complete visual or rights verification"
"rx6400","Radeon RX 6400","/assets/hardware/gpu-rdna2.optimized.jpg","ASUS TUF Gaming Radeon RX 6800 XT OC","family","false","https://www.asus.com/motherboards-components/graphics-cards/tuf-gaming/tuf-rx6800xt-o16g-gaming/","not recorded","metadata audit; not a complete visual or rights verification"
"rx5600xt","Radeon RX 5600 XT","/assets/hardware/gpu-rdna2.optimized.jpg","ASUS TUF Gaming Radeon RX 6800 XT OC","reference","false","https://www.asus.com/motherboards-components/graphics-cards/tuf-gaming/tuf-rx6800xt-o16g-gaming/","not recorded","metadata audit; not a complete visual or rights verification"
"rx5500xt","Radeon RX 5500 XT 8 GB","/assets/hardware/gpu-rdna2.optimized.jpg","ASUS TUF Gaming Radeon RX 6800 XT OC","reference","false","https://www.asus.com/motherboards-components/graphics-cards/tuf-gaming/tuf-rx6800xt-o16g-gaming/","not recorded","metadata audit; not a complete visual or rights verification"
"veg64","Radeon RX Vega 64","/assets/hardware/gpu-hd7970.png","VisionTek Radeon HD 7970","reference","false","https://www.tweaktown.com/reviews/4581/visiontek_radeon_hd_7970_3gb_video_cards_in_4_way_crossfirex/index.html","not recorded","metadata audit; not a complete visual or rights verification"
"arcb570","Arc B570","/assets/hardware/gpu-arcb580.jpg","Intel Arc B580 Limited Edition","family","false","https://en.wikipedia.org/wiki/File:Intel_Arc_Battlemage_B580_Limited_Edition.jpg","CC0","metadata audit; not a complete visual or rights verification"
"arca580","Arc A580","/assets/hardware/gpu-arca770.jpg","Intel Arc A770 Limited Edition","family","false","https://en.wikipedia.org/wiki/File:Intel_Arc_A770_with_Rubik's_Cube-2.jpg","CC0","metadata audit; not a complete visual or rights verification"
"arca380","Arc A380","/assets/hardware/gpu-arca770.jpg","Intel Arc A770 Limited Edition","family","false","https://en.wikipedia.org/wiki/File:Intel_Arc_A770_with_Rubik's_Cube-2.jpg","CC0","metadata audit; not a complete visual or rights verification"
"gtx980","GeForce GTX 980","/assets/hardware/gpu-maxwell.jpg","Gigabyte GeForce GTX 970 Windforce","family","false","https://en.wikipedia.org/wiki/File:Gigabyte_GTX_970_Windforce.jpg","CC BY-SA 4.0","metadata audit; not a complete visual or rights verification"
"9900x3d","Ryzen 9 9900X3D","/assets/hardware/official-core-official-core-9900x3d.jpg","AMD Ryzen 9 9900X3D","exact","true","https://www.amd.com/en/products/processors/desktops/ryzen/9000-series/amd-ryzen-9-9900x3d.html","Manufacturer product media","metadata audit; not a complete visual or rights verification"
"7900x3d","Ryzen 9 7900X3D","/assets/hardware/cpu-ryzen-am5.jpg","AMD Ryzen 9 7900X","family","false","https://commons.wikimedia.org/wiki/File:AMD_Ryzen_9_7900X.jpg","CC BY-SA 4.0","metadata audit; not a complete visual or rights verification"
"7900","Ryzen 9 7900","/assets/hardware/cpu-ryzen-am5.jpg","AMD Ryzen 9 7900X","family","false","https://commons.wikimedia.org/wiki/File:AMD_Ryzen_9_7900X.jpg","CC BY-SA 4.0","metadata audit; not a complete visual or rights verification"
"7700","Ryzen 7 7700","/assets/hardware/cpu-ryzen-am5.jpg","AMD Ryzen 9 7900X","family","false","https://commons.wikimedia.org/wiki/File:AMD_Ryzen_9_7900X.jpg","CC BY-SA 4.0","metadata audit; not a complete visual or rights verification"
"7600","Ryzen 5 7600","/assets/hardware/cpu-ryzen-am5.jpg","AMD Ryzen 9 7900X","family","false","https://commons.wikimedia.org/wiki/File:AMD_Ryzen_9_7900X.jpg","CC BY-SA 4.0","metadata audit; not a complete visual or rights verification"
"5700x3d","Ryzen 7 5700X3D","/assets/hardware/cpu-ryzen-am4.jpg","AMD Ryzen 7 3700X","reference","false","https://commons.wikimedia.org/wiki/File:AMD_Ryzen_7_3700X_top_IMGP3165_smial_wp.jpg","FAL","metadata audit; not a complete visual or rights verification"
"5700x","Ryzen 7 5700X","/assets/hardware/cpu-ryzen-am4.jpg","AMD Ryzen 7 3700X","reference","false","https://commons.wikimedia.org/wiki/File:AMD_Ryzen_7_3700X_top_IMGP3165_smial_wp.jpg","FAL","metadata audit; not a complete visual or rights verification"
"5600","Ryzen 5 5600","/assets/hardware/cpu-ryzen-am4.jpg","AMD Ryzen 7 3700X","reference","false","https://commons.wikimedia.org/wiki/File:AMD_Ryzen_7_3700X_top_IMGP3165_smial_wp.jpg","FAL","metadata audit; not a complete visual or rights verification"
"3800x","Ryzen 7 3800X","/assets/hardware/cpu-ryzen-am4.jpg","AMD Ryzen 7 3700X","family","false","https://commons.wikimedia.org/wiki/File:AMD_Ryzen_7_3700X_top_IMGP3165_smial_wp.jpg","FAL","metadata audit; not a complete visual or rights verification"
"2600x","Ryzen 5 2600X","/assets/hardware/cpu-ryzen-am4.jpg","AMD Ryzen 7 3700X","reference","false","https://commons.wikimedia.org/wiki/File:AMD_Ryzen_7_3700X_top_IMGP3165_smial_wp.jpg","FAL","metadata audit; not a complete visual or rights verification"
"ultra5245k","Core Ultra 5 245K","/assets/hardware/cpu-core-ultra.jpg","Intel Core Ultra 9 285K","family","false","https://www.techspot.com/review/2934-intel-core-ultra-285k-vs-intel-core-14900k/","not recorded","metadata audit; not a complete visual or rights verification"
"i911900k","Core i9-11900K","/assets/hardware/cpu-core-lga1200.jpg","Intel Core i5-10500TE","reference","false","https://commons.wikimedia.org/wiki/File:Intel_Core_i5_-10500TE_top_IMGP4955_smial_wp.JPG","FAL","metadata audit; not a complete visual or rights verification"
"i711700k","Core i7-11700K","/assets/hardware/cpu-core-lga1200.jpg","Intel Core i5-10500TE","reference","false","https://commons.wikimedia.org/wiki/File:Intel_Core_i5_-10500TE_top_IMGP4955_smial_wp.JPG","FAL","metadata audit; not a complete visual or rights verification"
"i511600k","Core i5-11600K","/assets/hardware/cpu-core-lga1200.jpg","Intel Core i5-10500TE","reference","false","https://commons.wikimedia.org/wiki/File:Intel_Core_i5_-10500TE_top_IMGP4955_smial_wp.JPG","FAL","metadata audit; not a complete visual or rights verification"
"i710700k","Core i7-10700K","/assets/hardware/cpu-core-lga1200.jpg","Intel Core i5-10500TE","family","false","https://commons.wikimedia.org/wiki/File:Intel_Core_i5_-10500TE_top_IMGP4955_smial_wp.JPG","FAL","metadata audit; not a complete visual or rights verification"
"i79700k","Core i7-9700K","/assets/hardware/cpu-core-coffee.jpg","Intel Core i7-8700K","family","false","https://commons.wikimedia.org/wiki/File:Intel_i7_8700K.jpg","CC BY-SA 4.0","metadata audit; not a complete visual or rights verification"
"i76700k","Core i7-6700K","/assets/hardware/cpu-core-coffee.jpg","Intel Core i7-8700K","reference","false","https://commons.wikimedia.org/wiki/File:Intel_i7_8700K.jpg","CC BY-SA 4.0","metadata audit; not a complete visual or rights verification"
"i73770k","Core i7-3770K","/assets/hardware/cpu-core-sandy.jpg","Intel Core i7-2600K","reference","false","https://commons.wikimedia.org/wiki/File:Intel_CPU_Core_i7_2600K_Sandy_Bridge_perspective.jpg","CC BY-SA 3.0","metadata audit; not a complete visual or rights verification"
"x870ehero","ROG CROSSHAIR X870E HERO","/assets/hardware/component-new-board-asus-rog.jpg","ASUS ROG Strix Z390-F Gaming","family","false","https://commons.wikimedia.org/wiki/File:Asus-ROG-Strix-Z390-F-Gaming-Motherboard_20201120_DSC6025.jpg","CC BY 4.0","metadata audit; not a complete visual or rights verification"
"b650ehero","ROG STRIX B650E-E GAMING WIFI","/assets/hardware/component-new-board-asus-rog.jpg","ASUS ROG Strix Z390-F Gaming","family","false","https://commons.wikimedia.org/wiki/File:Asus-ROG-Strix-Z390-F-Gaming-Motherboard_20201120_DSC6025.jpg","CC BY 4.0","metadata audit; not a complete visual or rights verification"
"b550f","ROG STRIX B550-F GAMING WIFI II","/assets/hardware/component-new-board-asus-rog.jpg","ASUS ROG Strix Z390-F Gaming","family","false","https://commons.wikimedia.org/wiki/File:Asus-ROG-Strix-Z390-F-Gaming-Motherboard_20201120_DSC6025.jpg","CC BY 4.0","metadata audit; not a complete visual or rights verification"
"z890hero","ROG MAXIMUS Z890 HERO","/assets/hardware/component-new-board-asus-rog.jpg","ASUS ROG Strix Z390-F Gaming","family","false","https://commons.wikimedia.org/wiki/File:Asus-ROG-Strix-Z390-F-Gaming-Motherboard_20201120_DSC6025.jpg","CC BY 4.0","metadata audit; not a complete visual or rights verification"
"z790hero","ROG MAXIMUS Z790 HERO","/assets/hardware/component-new-board-asus-rog.jpg","ASUS ROG Strix Z390-F Gaming","family","false","https://commons.wikimedia.org/wiki/File:Asus-ROG-Strix-Z390-F-Gaming-Motherboard_20201120_DSC6025.jpg","CC BY 4.0","metadata audit; not a complete visual or rights verification"
"b760plus","TUF GAMING B760-PLUS WIFI","/assets/hardware/component-new-board-asus-rog.jpg","ASUS ROG Strix Z390-F Gaming","reference","false","https://commons.wikimedia.org/wiki/File:Asus-ROG-Strix-Z390-F-Gaming-Motherboard_20201120_DSC6025.jpg","CC BY 4.0","metadata audit; not a complete visual or rights verification"
"b650aorus","B650 AORUS ELITE AX","/assets/hardware/component-new-board-asus-rog.jpg","ASUS ROG Strix Z390-F Gaming","reference","false","https://commons.wikimedia.org/wiki/File:Asus-ROG-Strix-Z390-F-Gaming-Motherboard_20201120_DSC6025.jpg","CC BY 4.0","metadata audit; not a complete visual or rights verification"
"z790aorus","Z790 AORUS ELITE AX","/assets/hardware/component-new-board-asus-rog.jpg","ASUS ROG Strix Z390-F Gaming","reference","false","https://commons.wikimedia.org/wiki/File:Asus-ROG-Strix-Z390-F-Gaming-Motherboard_20201120_DSC6025.jpg","CC BY 4.0","metadata audit; not a complete visual or rights verification"
"corsair6400","VENGEANCE DDR5-6400 CL32","/assets/hardware/official-core-official-core-corsair6400.webp","CORSAIR VENGEANCE DDR5 black two-module kit","family","false","https://www.corsair.com/us/en/p/memory/cmk32gx5m2b6400c32/vengeance-32gb-2x16gb-ddr5-dram-6400mt-s-c32-memory-kit-black-cmk32gx5m2b6400c32","Manufacturer product media","metadata audit; not a complete visual or rights verification"
"corsair5600","VENGEANCE DDR5-5600 CL36","/assets/hardware/official-core-official-core-corsair5600.optimized.jpg","CORSAIR VENGEANCE DDR5-5600 CL36","exact","true","https://www.corsair.com/us/en/p/memory/cmk32gx5m2b5600c36/vengeance-32gb-2x16gb-ddr5-dram-5600mt-s-c36-memory-kit-black-cmk32gx5m2b5600c36","Manufacturer product media","metadata audit; not a complete visual or rights verification"
"gskill6400c32","Trident Z5 RGB DDR5-6400 CL32","/assets/hardware/memory-storage-gskill-z5.jpg","G.SKILL Trident Z5 Neo RGB DDR5-5600 32GB F5-5600J2834F16GX2-TZ5NR","reference","false","https://www.walmart.com/ip/1658538623","not recorded","metadata audit; not a complete visual or rights verification"
"gskill3200c16","Ripjaws V DDR4-3200 CL16","/assets/hardware/memory-storage-gskill-ripjaws.png","G.SKILL Ripjaws V DDR4-3200 module (128GB kit announcement)","family","false","https://www.gskill.com/community/1502239313/1525326815/G.SKILL-Announces-New-DDR4-3200MHz-128GB-16GBx8-Memory-Kit","not recorded","metadata audit; not a complete visual or rights verification"
"kingston5200","FURY Beast DDR5-5200 CL40","/assets/hardware/memory-storage-kingston-ddr5.jpg","Kingston FURY Beast DDR5 32GB DDR5-6000 CL36 single module","family","false","https://www.spdigital.cl/32gb-6000mts-ddr5-cl36-dimm-fury-beast-black-expo/","not recorded","metadata audit; not a complete visual or rights verification"
"kingston3200","FURY Beast DDR4-3200 CL16","/assets/hardware/memory-storage-kingston-ddr4.jpg","Kingston FURY Beast Black DDR4 (capacity unspecified)","family","false","https://www.kingston.com/de/memory/gaming/kingston-fury-beast-ddr4-memory","not recorded","metadata audit; not a complete visual or rights verification"
"crucial3200","Crucial Pro DDR4-3200 CL22","/assets/hardware/memory-storage-crucial-ddr4.jpg","Crucial 8GB DDR4-3200 UDIMM CT8G4DFRA32A","reference","false","https://kr.rs-online.com/web/p/ram/2069241","not recorded","metadata audit; not a complete visual or rights verification"
"sn580","WD Blue SN580 1 TB","/assets/hardware/memory-storage-wd-sn850x.png","WD_BLACK SN850X NVMe SSD (capacity unspecified)","reference","false","https://www.westerndigital.com/products/internal-drives/wd-black-sn850x-nvme-ssd","not recorded","metadata audit; not a complete visual or rights verification"
"wdsa510","WD Blue SA510 1 TB","/assets/hardware/official-core-official-core-wdsa510.png","WD Blue SA510 250 GB","family","false","https://www.westerndigital.com/products/internal-drives/wd-blue-sa510-sata-2-5-ssd","Manufacturer product media","metadata audit; not a complete visual or rights verification"
"crucialt700","T700 2 TB","/assets/hardware/memory-storage-t705.jpg","Crucial T705 4TB CT4000T705SSD3","reference","false","https://www.ldlc.com/es-es/ficha/PB00602373.html","not recorded","metadata audit; not a complete visual or rights verification"
"crucialp5plus","P5 Plus 1 TB","/assets/hardware/memory-storage-t705.jpg","Crucial T705 4TB CT4000T705SSD3","reference","false","https://www.ldlc.com/es-es/ficha/PB00602373.html","not recorded","metadata audit; not a complete visual or rights verification"
"furyrenegade","FURY Renegade 2 TB","/assets/hardware/memory-storage-kc3000.jpg","Kingston KC3000 4TB SKC3000D/4096GB","reference","false","https://www.jarcomputers.com/kingston-kc3000-4096gb-m2-2280-skc3000d4096gb-prod-ssdkingstonskc3000d4096gb.html","not recorded","metadata audit; not a complete visual or rights verification"
"kingstonnv3","NV3 2 TB","/assets/hardware/memory-storage-kc3000.jpg","Kingston KC3000 4TB SKC3000D/4096GB","reference","false","https://www.jarcomputers.com/kingston-kc3000-4096gb-m2-2280-skc3000d4096gb-prod-ssdkingstonskc3000d4096gb.html","not recorded","metadata audit; not a complete visual or rights verification"
"firecuda530","FireCuda 530 2 TB","/assets/hardware/memory-storage-firecuda530.jpg","Seagate FireCuda 530 PCIe Gen4 SSD (capacity unspecified)","family","false","https://www.hardwareluxx.de/index.php/news/hardware/festplatten/56523-4-tb-und-bis-zu-7-300-mb-s-seagate-stellt-die-firecuda-530-vor.html","not recorded","metadata audit; not a complete visual or rights verification"
"rocket4plus","Rocket 4 Plus 2 TB","/assets/hardware/memory-storage-sabrent-rocket.jpg","Sabrent Rocket 4 Plus 2TB SB-RKT4P-2TB","exact","false","https://sabrent.com/products/sb-rkt4p-2tb","not recorded","metadata audit; not a complete visual or rights verification"
"wdblue2tb","WD Blue 2 TB","/assets/hardware/component-new-hdd-wdblue.jpg","Western Digital Caviar Blue 500 GB","family","false","https://commons.wikimedia.org/wiki/File:Western_Digital_3.5_Hard_Disk_Caviar_500gb_Blue.jpg","CC BY-SA 4.0","metadata audit; not a complete visual or rights verification"
"wdred8tb","WD Red Plus 8 TB","/assets/hardware/component-new-hdd-wdred.jpg","Western Digital Red 4 TB","family","false","https://commons.wikimedia.org/wiki/File:Western_Digital_%22Red%22_4_TB_SATA_NAS-optimized_3.5-inch_HDD.jpg","CC BY-SA 3.0","metadata audit; not a complete visual or rights verification"
"wdgold18tb","WD Gold 18 TB","/assets/hardware/component-new-hdd-wdred.jpg","Western Digital Red 4 TB","reference","false","https://commons.wikimedia.org/wiki/File:Western_Digital_%22Red%22_4_TB_SATA_NAS-optimized_3.5-inch_HDD.jpg","CC BY-SA 3.0","metadata audit; not a complete visual or rights verification"
"ironwolf12tb","IronWolf 12 TB","/assets/hardware/component-new-hdd-barracuda-500.jpg","Seagate Barracuda 500 GB","reference","false","https://commons.wikimedia.org/wiki/File:Seagate_500gb_Barracuda_7200rpm_3.5_SATA_Hard_Disk.jpg","CC BY-SA 4.0","metadata audit; not a complete visual or rights verification"
"toshibax3008","X300 8 TB","/assets/hardware/component-new-hdd-barracuda-500.jpg","Seagate Barracuda 500 GB","reference","false","https://commons.wikimedia.org/wiki/File:Seagate_500gb_Barracuda_7200rpm_3.5_SATA_Hard_Disk.jpg","CC BY-SA 4.0","metadata audit; not a complete visual or rights verification"
"rm650x","RM650x (2021)","/assets/hardware/component-new-psu-corsair-modular.jpg","Corsair CX600M","reference","false","https://commons.wikimedia.org/wiki/File:Corsair_CX600M_1_2019-05-06.jpg","CC BY-SA 4.0","metadata audit; not a complete visual or rights verification"
"sf1000l","SF1000L","/assets/hardware/component-new-psu-corsair-modular.jpg","Corsair CX600M","reference","false","https://commons.wikimedia.org/wiki/File:Corsair_CX600M_1_2019-05-06.jpg","CC BY-SA 4.0","metadata audit; not a complete visual or rights verification"
"hx1000i","HX1000i","/assets/hardware/component-new-psu-corsair-modular.jpg","Corsair CX600M","reference","false","https://commons.wikimedia.org/wiki/File:Corsair_CX600M_1_2019-05-06.jpg","CC BY-SA 4.0","metadata audit; not a complete visual or rights verification"
"focusgx750","FOCUS GX-750","/assets/hardware/component-new-psu-corsair-modular.jpg","Corsair CX600M","reference","false","https://commons.wikimedia.org/wiki/File:Corsair_CX600M_1_2019-05-06.jpg","CC BY-SA 4.0","metadata audit; not a complete visual or rights verification"
"focusgx1000","FOCUS GX-1000","/assets/hardware/component-new-psu-corsair-modular.jpg","Corsair CX600M","reference","false","https://commons.wikimedia.org/wiki/File:Corsair_CX600M_1_2019-05-06.jpg","CC BY-SA 4.0","metadata audit; not a complete visual or rights verification"
"darkpower1000","Dark Power 13 1000W","/assets/hardware/component-new-psu-bequiet-full.jpg","be quiet! Straight Power 12 1200W","reference","false","https://commons.wikimedia.org/wiki/File:Be_quiet!_Straight_Power_12_1200W_20240405_HOF1650-HDR_RAW-Export_000105.png","CC BY 4.0","metadata audit; not a complete visual or rights verification"
"evgag6850","SuperNOVA 850 G6","/assets/hardware/component-new-psu-corsair-modular.jpg","Corsair CX600M","reference","false","https://commons.wikimedia.org/wiki/File:Corsair_CX600M_1_2019-05-06.jpg","CC BY-SA 4.0","metadata audit; not a complete visual or rights verification"
"ps5pro","PlayStation 5 Pro","/assets/hardware/official-device-official-ps5-pro.jpg","PlayStation 5 Pro with DualSense wireless controller","exact","false","https://www.playstation.com/en-ca/ps5/ps5-pro/","Copyright Sony Interactive Entertainment; manufacturer media used for product identification","metadata audit; not a complete visual or rights verification"
"ps3","PlayStation 3","/assets/hardware/device-new-device-11.webp","Sony PlayStation 3 CECHA01","exact","false","https://commons.wikimedia.org/wiki/File:Sony-PlayStation-3-CECHA01-Console-BR.jpg","Public domain","metadata audit; not a complete visual or rights verification"
"seriess","Xbox Series S (2020)","/assets/hardware/official-device-official-xbox-series-s.jpg","Xbox Series S 512 GB with Xbox Wireless Controller","exact","false","https://www.xbox.com/en-US/consoles/xbox-series-s","Copyright Microsoft; manufacturer media used for product identification","metadata audit; not a complete visual or rights verification"
"xboxonex","Xbox One X","/assets/hardware/device-new-device-16.webp","Xbox One, One X and One S","family","false","https://commons.wikimedia.org/wiki/File:Xbox_One_consoles_montage.png","Public domain","metadata audit; not a complete visual or rights verification"
"xboxone","Xbox One","/assets/hardware/device-new-device-16.webp","Xbox One, One X and One S","family","false","https://commons.wikimedia.org/wiki/File:Xbox_One_consoles_montage.png","Public domain","metadata audit; not a complete visual or rights verification"
"switch","Nintendo Switch","/assets/hardware/device-new-device-29.webp","Nintendo Switch","exact","true","https://commons.wikimedia.org/wiki/File:Nintendo-Switch-wJoyCons-BlRd-Standing-FL.jpg","Public domain","metadata audit; not a complete visual or rights verification"
"switcholed","Nintendo Switch OLED","/assets/hardware/device-new-device-29.webp","Nintendo Switch","family","false","https://commons.wikimedia.org/wiki/File:Nintendo-Switch-wJoyCons-BlRd-Standing-FL.jpg","Public domain","metadata audit; not a complete visual or rights verification"
"switchlite","Nintendo Switch Lite","/assets/hardware/nintendo-switch-lite.jpg","Nintendo Switch Lite","exact","true","https://www.nintendo.com/us/store/products/nintendo-switch-lite-110672-3/","Manufacturer product media","metadata audit; not a complete visual or rights verification"
"switch2","Nintendo Switch 2","/assets/hardware/nintendo-switch-2.jpg","Nintendo Switch 2","exact","true","https://www.nintendo.com/us/store/products/nintendo-switch-2-system-123669/","Manufacturer product media","metadata audit; not a complete visual or rights verification"
"rogally","ROG Ally Z1 Extreme","/assets/hardware/device-new-device-30.webp","ASUS ROG Ally","family","false","https://commons.wikimedia.org/wiki/File:ROG_ALLY_-_11.jpg","CC BY-SA 4.0","metadata audit; not a complete visual or rights verification"
"rogallyx","ROG Ally X","/assets/hardware/device-new-device-30.webp","ASUS ROG Ally","family","false","https://commons.wikimedia.org/wiki/File:ROG_ALLY_-_11.jpg","CC BY-SA 4.0","metadata audit; not a complete visual or rights verification"
"legiongo","Legion Go","/assets/hardware/device-new-device-28.webp","Lenovo Legion Go","exact","true","https://commons.wikimedia.org/wiki/File:Lenovo_Legion_Go.jpg","CC BY-SA 4.0","metadata audit; not a complete visual or rights verification"
"iphone14pro","iPhone 14 Pro","/assets/hardware/official-device-official-iphone14pro.png","Apple iPhone 14 Pro and iPhone 14 Pro Max color lineup","family","false","https://support.apple.com/en-us/111849","Copyright Apple Inc.; manufacturer media used for product identification","metadata audit; not a complete visual or rights verification"
"s24ultra","Galaxy S24 Ultra","/assets/hardware/official-device-official-galaxy-s24-ultra.jpg","Samsung Galaxy S24 Ultra","exact","true","https://www.samsung.com/ca/smartphones/galaxy-s24-ultra/specs/","Copyright Samsung Electronics; manufacturer media used for product identification","metadata audit; not a complete visual or rights verification"
"s25ultra","Galaxy S25 Ultra","/assets/hardware/official-device-official-galaxy-s25-ultra.jpg","Samsung Galaxy S25 Ultra","exact","true","https://www.samsung.com/ca/smartphones/galaxy-s25-ultra/specs/","Copyright Samsung Electronics; manufacturer media used for product identification","metadata audit; not a complete visual or rights verification"
"pixel9pro","Pixel 9 Pro","/assets/hardware/official-device-official-pixel9pro.jpg","Google Pixel 9 Pro and Pixel 9 Pro XL","family","false","https://blog.google/products-and-platforms/devices/pixel/google-pixel-9-pro-xl/","Copyright Google LLC; manufacturer media used for product identification","metadata audit; not a complete visual or rights verification"
"rtx3090ti","GeForce RTX 3090 Ti","/assets/hardware/gpu-ampere.optimized.jpg","NVIDIA GeForce RTX 3090 Founders Edition","family","false","https://en.wikipedia.org/wiki/GeForce_RTX_30_series","CC BY-SA 4.0","metadata audit; not a complete visual or rights verification"
"rtx3080ti","GeForce RTX 3080 Ti","/assets/hardware/gpu-ampere.optimized.jpg","NVIDIA GeForce RTX 3090 Founders Edition","family","false","https://en.wikipedia.org/wiki/GeForce_RTX_30_series","CC BY-SA 4.0","metadata audit; not a complete visual or rights verification"
"rtx3070ti","GeForce RTX 3070 Ti","/assets/hardware/gpu-ampere.optimized.jpg","NVIDIA GeForce RTX 3090 Founders Edition","family","false","https://en.wikipedia.org/wiki/GeForce_RTX_30_series","CC BY-SA 4.0","metadata audit; not a complete visual or rights verification"
"rtx3050","GeForce RTX 3050 8 GB","/assets/hardware/gpu-ampere.optimized.jpg","NVIDIA GeForce RTX 3090 Founders Edition","family","false","https://en.wikipedia.org/wiki/GeForce_RTX_30_series","CC BY-SA 4.0","metadata audit; not a complete visual or rights verification"
"rtx2080s","GeForce RTX 2080 SUPER","/assets/hardware/gpu-turing.optimized.jpg","NVIDIA TITAN RTX","family","false","https://en.wikipedia.org/wiki/GeForce_RTX_20_series","CC BY 3.0","metadata audit; not a complete visual or rights verification"
"rtx2080","GeForce RTX 2080","/assets/hardware/gpu-turing.optimized.jpg","NVIDIA TITAN RTX","family","false","https://en.wikipedia.org/wiki/GeForce_RTX_20_series","CC BY 3.0","metadata audit; not a complete visual or rights verification"
"rtx2070","GeForce RTX 2070","/assets/hardware/gpu-turing.optimized.jpg","NVIDIA TITAN RTX","family","false","https://en.wikipedia.org/wiki/GeForce_RTX_20_series","CC BY 3.0","metadata audit; not a complete visual or rights verification"
"rtx2060s","GeForce RTX 2060 SUPER","/assets/hardware/gpu-turing.optimized.jpg","NVIDIA TITAN RTX","family","false","https://en.wikipedia.org/wiki/GeForce_RTX_20_series","CC BY 3.0","metadata audit; not a complete visual or rights verification"
"gtx1660ti","GeForce GTX 1660 Ti","/assets/hardware/gpu-turing.optimized.jpg","NVIDIA TITAN RTX","family","false","https://en.wikipedia.org/wiki/GeForce_RTX_20_series","CC BY 3.0","metadata audit; not a complete visual or rights verification"
"gtx1660s","GeForce GTX 1660 SUPER","/assets/hardware/gpu-turing.optimized.jpg","NVIDIA TITAN RTX","family","false","https://en.wikipedia.org/wiki/GeForce_RTX_20_series","CC BY 3.0","metadata audit; not a complete visual or rights verification"
"gtx1660","GeForce GTX 1660","/assets/hardware/gpu-turing.optimized.jpg","NVIDIA TITAN RTX","family","false","https://en.wikipedia.org/wiki/GeForce_RTX_20_series","CC BY 3.0","metadata audit; not a complete visual or rights verification"
"gtx1650s","GeForce GTX 1650 SUPER","/assets/hardware/gpu-turing.optimized.jpg","NVIDIA TITAN RTX","family","false","https://en.wikipedia.org/wiki/GeForce_RTX_20_series","CC BY 3.0","metadata audit; not a complete visual or rights verification"
"gtx1650","GeForce GTX 1650","/assets/hardware/gpu-turing.optimized.jpg","NVIDIA TITAN RTX","family","false","https://en.wikipedia.org/wiki/GeForce_RTX_20_series","CC BY 3.0","metadata audit; not a complete visual or rights verification"
"gtx1070ti","GeForce GTX 1070 Ti","/assets/hardware/gpu-pascal.png","NVIDIA GeForce GTX 1080 Ti Founders Edition","family","false","https://www.nvidia.com/en-us/geforce/10-series/","not recorded","metadata audit; not a complete visual or rights verification"
"gtx1050ti","GeForce GTX 1050 Ti","/assets/hardware/gpu-pascal.png","NVIDIA GeForce GTX 1080 Ti Founders Edition","family","false","https://www.nvidia.com/en-us/geforce/10-series/","not recorded","metadata audit; not a complete visual or rights verification"
"titanxp","TITAN Xp","/assets/hardware/gpu-pascal.png","NVIDIA GeForce GTX 1080 Ti Founders Edition","family","false","https://www.nvidia.com/en-us/geforce/10-series/","not recorded","metadata audit; not a complete visual or rights verification"
"gtx960","GeForce GTX 960","/assets/hardware/gpu-maxwell.jpg","Gigabyte GeForce GTX 970 Windforce","family","false","https://en.wikipedia.org/wiki/File:Gigabyte_GTX_970_Windforce.jpg","CC BY-SA 4.0","metadata audit; not a complete visual or rights verification"
"gtx780ti","GeForce GTX 780 Ti","/assets/hardware/gpu-kepler.jpg","NVIDIA GeForce GTX TITAN","family","false","https://en.wikipedia.org/wiki/GeForce_700_series","Public domain","metadata audit; not a complete visual or rights verification"
"gtx780","GeForce GTX 780","/assets/hardware/gpu-kepler.jpg","NVIDIA GeForce GTX TITAN","family","false","https://en.wikipedia.org/wiki/GeForce_700_series","Public domain","metadata audit; not a complete visual or rights verification"
"gtx770","GeForce GTX 770","/assets/hardware/gpu-kepler.jpg","NVIDIA GeForce GTX TITAN","family","false","https://en.wikipedia.org/wiki/GeForce_700_series","Public domain","metadata audit; not a complete visual or rights verification"
"gtx760","GeForce GTX 760","/assets/hardware/gpu-kepler.jpg","NVIDIA GeForce GTX TITAN","family","false","https://en.wikipedia.org/wiki/GeForce_700_series","Public domain","metadata audit; not a complete visual or rights verification"
"rx5700","Radeon RX 5700","/assets/hardware/gpu-rdna2.optimized.jpg","ASUS TUF Gaming Radeon RX 6800 XT OC","reference","false","https://www.asus.com/motherboards-components/graphics-cards/tuf-gaming/tuf-rx6800xt-o16g-gaming/","not recorded","metadata audit; not a complete visual or rights verification"
"rx590","Radeon RX 590","/assets/hardware/gpu-polaris.jpg","XFX Radeon RX 570 RS 8GB XXX Edition","family","false","https://en.wikipedia.org/wiki/File:XFX_AMD_Radeon_RX_570_RS_8GB_XXX_Edition_-_top.jpg","CC BY-SA 4.0","metadata audit; not a complete visual or rights verification"
"rx570","Radeon RX 570","/assets/hardware/gpu-polaris.jpg","XFX Radeon RX 570 RS 8GB XXX Edition","exact","false","https://en.wikipedia.org/wiki/File:XFX_AMD_Radeon_RX_570_RS_8GB_XXX_Edition_-_top.jpg","CC BY-SA 4.0","metadata audit; not a complete visual or rights verification"
"rx560","Radeon RX 560","/assets/hardware/gpu-polaris.jpg","XFX Radeon RX 570 RS 8GB XXX Edition","family","false","https://en.wikipedia.org/wiki/File:XFX_AMD_Radeon_RX_570_RS_8GB_XXX_Edition_-_top.jpg","CC BY-SA 4.0","metadata audit; not a complete visual or rights verification"
"rx480","Radeon RX 480","/assets/hardware/gpu-polaris.jpg","XFX Radeon RX 570 RS 8GB XXX Edition","family","false","https://en.wikipedia.org/wiki/File:XFX_AMD_Radeon_RX_570_RS_8GB_XXX_Edition_-_top.jpg","CC BY-SA 4.0","metadata audit; not a complete visual or rights verification"
"rx470","Radeon RX 470","/assets/hardware/gpu-polaris.jpg","XFX Radeon RX 570 RS 8GB XXX Edition","family","false","https://en.wikipedia.org/wiki/File:XFX_AMD_Radeon_RX_570_RS_8GB_XXX_Edition_-_top.jpg","CC BY-SA 4.0","metadata audit; not a complete visual or rights verification"
"furyx","Radeon R9 Fury X","/assets/hardware/gpu-hd7970.png","VisionTek Radeon HD 7970","reference","false","https://www.tweaktown.com/reviews/4581/visiontek_radeon_hd_7970_3gb_video_cards_in_4_way_crossfirex/index.html","not recorded","metadata audit; not a complete visual or rights verification"
"r9390x","Radeon R9 390X","/assets/hardware/gpu-hd7970.png","VisionTek Radeon HD 7970","reference","false","https://www.tweaktown.com/reviews/4581/visiontek_radeon_hd_7970_3gb_video_cards_in_4_way_crossfirex/index.html","not recorded","metadata audit; not a complete visual or rights verification"
"r9290x","Radeon R9 290X","/assets/hardware/gpu-hd7970.png","VisionTek Radeon HD 7970","reference","false","https://www.tweaktown.com/reviews/4581/visiontek_radeon_hd_7970_3gb_video_cards_in_4_way_crossfirex/index.html","not recorded","metadata audit; not a complete visual or rights verification"
"hd7970","Radeon HD 7970","/assets/hardware/gpu-hd7970.png","VisionTek Radeon HD 7970","exact","false","https://www.tweaktown.com/reviews/4581/visiontek_radeon_hd_7970_3gb_video_cards_in_4_way_crossfirex/index.html","not recorded","metadata audit; not a complete visual or rights verification"
"7500f","Ryzen 5 7500F","/assets/hardware/cpu-ryzen-am5.jpg","AMD Ryzen 9 7900X","family","false","https://commons.wikimedia.org/wiki/File:AMD_Ryzen_9_7900X.jpg","CC BY-SA 4.0","metadata audit; not a complete visual or rights verification"
"5500","Ryzen 5 5500","/assets/hardware/cpu-ryzen-am4.jpg","AMD Ryzen 7 3700X","reference","false","https://commons.wikimedia.org/wiki/File:AMD_Ryzen_7_3700X_top_IMGP3165_smial_wp.jpg","FAL","metadata audit; not a complete visual or rights verification"
"5700g","Ryzen 7 5700G","/assets/hardware/cpu-ryzen-am4.jpg","AMD Ryzen 7 3700X","reference","false","https://commons.wikimedia.org/wiki/File:AMD_Ryzen_7_3700X_top_IMGP3165_smial_wp.jpg","FAL","metadata audit; not a complete visual or rights verification"
"5600g","Ryzen 5 5600G","/assets/hardware/cpu-ryzen-am4.jpg","AMD Ryzen 7 3700X","reference","false","https://commons.wikimedia.org/wiki/File:AMD_Ryzen_7_3700X_top_IMGP3165_smial_wp.jpg","FAL","metadata audit; not a complete visual or rights verification"
"3300x","Ryzen 3 3300X","/assets/hardware/cpu-ryzen-am4.jpg","AMD Ryzen 7 3700X","family","false","https://commons.wikimedia.org/wiki/File:AMD_Ryzen_7_3700X_top_IMGP3165_smial_wp.jpg","FAL","metadata audit; not a complete visual or rights verification"
"3100","Ryzen 3 3100","/assets/hardware/cpu-ryzen-am4.jpg","AMD Ryzen 7 3700X","family","false","https://commons.wikimedia.org/wiki/File:AMD_Ryzen_7_3700X_top_IMGP3165_smial_wp.jpg","FAL","metadata audit; not a complete visual or rights verification"
"3400g","Ryzen 5 3400G","/assets/hardware/cpu-ryzen-am4.jpg","AMD Ryzen 7 3700X","reference","false","https://commons.wikimedia.org/wiki/File:AMD_Ryzen_7_3700X_top_IMGP3165_smial_wp.jpg","FAL","metadata audit; not a complete visual or rights verification"
"3200g","Ryzen 3 3200G","/assets/hardware/cpu-ryzen-am4.jpg","AMD Ryzen 7 3700X","reference","false","https://commons.wikimedia.org/wiki/File:AMD_Ryzen_7_3700X_top_IMGP3165_smial_wp.jpg","FAL","metadata audit; not a complete visual or rights verification"
"2990wx","Ryzen Threadripper 2990WX","/assets/hardware/cpu-threadripper.jpg","AMD Ryzen Threadripper 3990X","reference","false","https://www.newegg.com/amd-ryzen-threadripper-3990x/p/N82E16819113621","not recorded","metadata audit; not a complete visual or rights verification"
"1950x","Ryzen Threadripper 1950X","/assets/hardware/cpu-threadripper.jpg","AMD Ryzen Threadripper 3990X","reference","false","https://www.newegg.com/amd-ryzen-threadripper-3990x/p/N82E16819113621","not recorded","metadata audit; not a complete visual or rights verification"
"fx8350","FX-8350","/assets/hardware/cpu-fx.jpg","AMD FX-8310","family","false","https://commons.wikimedia.org/wiki/File:Microprocessors_AMD_FX_8310.jpg","CC BY-SA 4.0","metadata audit; not a complete visual or rights verification"
"i914900ks","Core i9-14900KS","/assets/hardware/cpu-core-lga1700.jpg","Intel Core i7-13700K","reference","false","https://commons.wikimedia.org/wiki/File:Intel_Core_i7_13700K.jpg","CC BY 4.0","metadata audit; not a complete visual or rights verification"
"i913900ks","Core i9-13900KS","/assets/hardware/cpu-core-lga1700.jpg","Intel Core i7-13700K","family","false","https://commons.wikimedia.org/wiki/File:Intel_Core_i7_13700K.jpg","CC BY 4.0","metadata audit; not a complete visual or rights verification"
"i912900ks","Core i9-12900KS","/assets/hardware/cpu-core-lga1700.jpg","Intel Core i7-13700K","reference","false","https://commons.wikimedia.org/wiki/File:Intel_Core_i7_13700K.jpg","CC BY 4.0","metadata audit; not a complete visual or rights verification"
"i911900","Core i9-11900","/assets/hardware/cpu-core-lga1200.jpg","Intel Core i5-10500TE","reference","false","https://commons.wikimedia.org/wiki/File:Intel_Core_i5_-10500TE_top_IMGP4955_smial_wp.JPG","FAL","metadata audit; not a complete visual or rights verification"
"i711700","Core i7-11700","/assets/hardware/cpu-core-lga1200.jpg","Intel Core i5-10500TE","reference","false","https://commons.wikimedia.org/wiki/File:Intel_Core_i5_-10500TE_top_IMGP4955_smial_wp.JPG","FAL","metadata audit; not a complete visual or rights verification"
"i511600","Core i5-11600","/assets/hardware/cpu-core-lga1200.jpg","Intel Core i5-10500TE","reference","false","https://commons.wikimedia.org/wiki/File:Intel_Core_i5_-10500TE_top_IMGP4955_smial_wp.JPG","FAL","metadata audit; not a complete visual or rights verification"
"i910900","Core i9-10900","/assets/hardware/cpu-core-lga1200.jpg","Intel Core i5-10500TE","family","false","https://commons.wikimedia.org/wiki/File:Intel_Core_i5_-10500TE_top_IMGP4955_smial_wp.JPG","FAL","metadata audit; not a complete visual or rights verification"
"i710700","Core i7-10700","/assets/hardware/cpu-core-lga1200.jpg","Intel Core i5-10500TE","family","false","https://commons.wikimedia.org/wiki/File:Intel_Core_i5_-10500TE_top_IMGP4955_smial_wp.JPG","FAL","metadata audit; not a complete visual or rights verification"
"i510600","Core i5-10600","/assets/hardware/cpu-core-lga1200.jpg","Intel Core i5-10500TE","family","false","https://commons.wikimedia.org/wiki/File:Intel_Core_i5_-10500TE_top_IMGP4955_smial_wp.JPG","FAL","metadata audit; not a complete visual or rights verification"
"i510400f","Core i5-10400F","/assets/hardware/cpu-core-lga1200.jpg","Intel Core i5-10500TE","family","false","https://commons.wikimedia.org/wiki/File:Intel_Core_i5_-10500TE_top_IMGP4955_smial_wp.JPG","FAL","metadata audit; not a complete visual or rights verification"
"i99900ks","Core i9-9900KS","/assets/hardware/cpu-core-coffee.jpg","Intel Core i7-8700K","family","false","https://commons.wikimedia.org/wiki/File:Intel_i7_8700K.jpg","CC BY-SA 4.0","metadata audit; not a complete visual or rights verification"
"i79700","Core i7-9700","/assets/hardware/cpu-core-coffee.jpg","Intel Core i7-8700K","family","false","https://commons.wikimedia.org/wiki/File:Intel_i7_8700K.jpg","CC BY-SA 4.0","metadata audit; not a complete visual or rights verification"
"i59600k","Core i5-9600K","/assets/hardware/cpu-core-coffee.jpg","Intel Core i7-8700K","family","false","https://commons.wikimedia.org/wiki/File:Intel_i7_8700K.jpg","CC BY-SA 4.0","metadata audit; not a complete visual or rights verification"
"i78700","Core i7-8700","/assets/hardware/cpu-core-coffee.jpg","Intel Core i7-8700K","family","false","https://commons.wikimedia.org/wiki/File:Intel_i7_8700K.jpg","CC BY-SA 4.0","metadata audit; not a complete visual or rights verification"
"i58600k","Core i5-8600K","/assets/hardware/cpu-core-coffee.jpg","Intel Core i7-8700K","family","false","https://commons.wikimedia.org/wiki/File:Intel_i7_8700K.jpg","CC BY-SA 4.0","metadata audit; not a complete visual or rights verification"
"i77700","Core i7-7700","/assets/hardware/cpu-core-coffee.jpg","Intel Core i7-8700K","reference","false","https://commons.wikimedia.org/wiki/File:Intel_i7_8700K.jpg","CC BY-SA 4.0","metadata audit; not a complete visual or rights verification"
"i57600k","Core i5-7600K","/assets/hardware/cpu-core-coffee.jpg","Intel Core i7-8700K","reference","false","https://commons.wikimedia.org/wiki/File:Intel_i7_8700K.jpg","CC BY-SA 4.0","metadata audit; not a complete visual or rights verification"
"i76700","Core i7-6700","/assets/hardware/cpu-core-coffee.jpg","Intel Core i7-8700K","reference","false","https://commons.wikimedia.org/wiki/File:Intel_i7_8700K.jpg","CC BY-SA 4.0","metadata audit; not a complete visual or rights verification"
"i56600k","Core i5-6600K","/assets/hardware/cpu-core-coffee.jpg","Intel Core i7-8700K","reference","false","https://commons.wikimedia.org/wiki/File:Intel_i7_8700K.jpg","CC BY-SA 4.0","metadata audit; not a complete visual or rights verification"
"i74770k","Core i7-4770K","/assets/hardware/cpu-core-haswell.jpg","Intel Core i7-4771","family","false","https://commons.wikimedia.org/wiki/File:Intel_Haswell_4771_CPU.jpg","CC BY-SA 3.0","metadata audit; not a complete visual or rights verification"
"i53570k","Core i5-3570K","/assets/hardware/cpu-core-sandy.jpg","Intel Core i7-2600K","reference","false","https://commons.wikimedia.org/wiki/File:Intel_CPU_Core_i7_2600K_Sandy_Bridge_perspective.jpg","CC BY-SA 3.0","metadata audit; not a complete visual or rights verification"
"i52500k","Core i5-2500K","/assets/hardware/cpu-core-sandy.jpg","Intel Core i7-2600K","family","false","https://commons.wikimedia.org/wiki/File:Intel_CPU_Core_i7_2600K_Sandy_Bridge_perspective.jpg","CC BY-SA 3.0","metadata audit; not a complete visual or rights verification"
"x570tomahawk","MAG X570 TOMAHAWK WIFI","/assets/hardware/component-new-board-asus-rog.jpg","ASUS ROG Strix Z390-F Gaming","reference","false","https://commons.wikimedia.org/wiki/File:Asus-ROG-Strix-Z390-F-Gaming-Motherboard_20201120_DSC6025.jpg","CC BY 4.0","metadata audit; not a complete visual or rights verification"
"z490tomahawk","MAG Z490 TOMAHAWK","/assets/hardware/component-new-board-asus-rog.jpg","ASUS ROG Strix Z390-F Gaming","reference","false","https://commons.wikimedia.org/wiki/File:Asus-ROG-Strix-Z390-F-Gaming-Motherboard_20201120_DSC6025.jpg","CC BY 4.0","metadata audit; not a complete visual or rights verification"
"z370carbon","Z370 GAMING PRO CARBON","/assets/hardware/component-new-board-asus-rog.jpg","ASUS ROG Strix Z390-F Gaming","reference","false","https://commons.wikimedia.org/wiki/File:Asus-ROG-Strix-Z390-F-Gaming-Motherboard_20201120_DSC6025.jpg","CC BY 4.0","metadata audit; not a complete visual or rights verification"
"x570hero","ROG CROSSHAIR VIII HERO WIFI","/assets/hardware/component-new-board-asus-rog.jpg","ASUS ROG Strix Z390-F Gaming","family","false","https://commons.wikimedia.org/wiki/File:Asus-ROG-Strix-Z390-F-Gaming-Motherboard_20201120_DSC6025.jpg","CC BY 4.0","metadata audit; not a complete visual or rights verification"
"z390hero","ROG MAXIMUS XI HERO WIFI","/assets/hardware/component-new-board-asus-rog.jpg","ASUS ROG Strix Z390-F Gaming","family","false","https://commons.wikimedia.org/wiki/File:Asus-ROG-Strix-Z390-F-Gaming-Motherboard_20201120_DSC6025.jpg","CC BY 4.0","metadata audit; not a complete visual or rights verification"
"b450aorus","B450 AORUS ELITE","/assets/hardware/component-new-board-asus-rog.jpg","ASUS ROG Strix Z390-F Gaming","reference","false","https://commons.wikimedia.org/wiki/File:Asus-ROG-Strix-Z390-F-Gaming-Motherboard_20201120_DSC6025.jpg","CC BY 4.0","metadata audit; not a complete visual or rights verification"
"ballistix3600","Ballistix DDR4-3600 CL16","/assets/hardware/memory-storage-crucial-ddr4.jpg","Crucial 8GB DDR4-3200 UDIMM CT8G4DFRA32A","reference","false","https://kr.rs-online.com/web/p/ram/2069241","not recorded","metadata audit; not a complete visual or rights verification"
"tforcedelta6000","T-FORCE DELTA RGB DDR5-6000 CL30","/assets/hardware/memory-storage-team-delta.jpg","TEAMGROUP T-FORCE DELTA RGB DDR5 black single module (family gallery image)","family","false","https://www.teamgroupinc.com/en/product-detail/memory/T-FORCE/delta-rgb-ddr5-black/delta-rgb-ddr5-black-FF3D532G6000HC30DC01/","not recorded","metadata audit; not a complete visual or rights verification"
"vipersteel4400","Viper Steel DDR4-4400 CL19","/assets/hardware/memory-storage-viper-steel.optimized.jpg","Patriot Viper Steel DDR4 memory kit","family","false","https://viper.patriotmemory.com/products/viper-steel-ddr4-performance-memory-ram-viper-gaming-by-patriot-memory","not recorded","metadata audit; not a complete visual or rights verification"
"furyrenegade7200","FURY Renegade DDR5-7200 CL38","/assets/hardware/memory-storage-kingston-ddr5.jpg","Kingston FURY Beast DDR5 32GB DDR5-6000 CL36 single module","reference","false","https://www.spdigital.cl/32gb-6000mts-ddr5-cl36-dimm-fury-beast-black-expo/","not recorded","metadata audit; not a complete visual or rights verification"
"samsung860evo","860 EVO 1 TB","/assets/hardware/memory-storage-samsung870.png","Samsung 870 EVO 500GB SATA 2.5-inch SSD","reference","false","https://shop.pegasus.hk/products/204718/Samsung-%E4%B8%89%E6%98%9F-870-EVO-500GB-SATA-III-SSD","not recorded","metadata audit; not a complete visual or rights verification"
"wdsn750","WD_BLACK SN750 1 TB","/assets/hardware/memory-storage-wd-sn850x.png","WD_BLACK SN850X NVMe SSD (capacity unspecified)","reference","false","https://www.westerndigital.com/products/internal-drives/wd-black-sn850x-nvme-ssd","not recorded","metadata audit; not a complete visual or rights verification"
"crucialp2","P2 1 TB","/assets/hardware/memory-storage-t705.jpg","Crucial T705 4TB CT4000T705SSD3","reference","false","https://www.ldlc.com/es-es/ficha/PB00602373.html","not recorded","metadata audit; not a complete visual or rights verification"
"intel660p","SSD 660p 1 TB","/assets/hardware/memory-storage-intel660.jpg","Intel SSD 660p 1TB SSDPEKNW010T8","exact","false","https://tiendamia.com/pe/producto?amz=b07gcl6br4","not recorded","metadata audit; not a complete visual or rights verification"
"firecuda520","FireCuda 520 2 TB","/assets/hardware/memory-storage-firecuda530.jpg","Seagate FireCuda 530 PCIe Gen4 SSD (capacity unspecified)","reference","false","https://www.hardwareluxx.de/index.php/news/hardware/festplatten/56523-4-tb-und-bis-zu-7-300-mb-s-seagate-stellt-die-firecuda-530-vor.html","not recorded","metadata audit; not a complete visual or rights verification"
"barracuda4","BarraCuda 4 TB","/assets/hardware/component-new-hdd-barracuda-500.jpg","Seagate Barracuda 500 GB","family","false","https://commons.wikimedia.org/wiki/File:Seagate_500gb_Barracuda_7200rpm_3.5_SATA_Hard_Disk.jpg","CC BY-SA 4.0","metadata audit; not a complete visual or rights verification"
"ironwolf4tb","IronWolf 4 TB","/assets/hardware/component-new-hdd-barracuda-500.jpg","Seagate Barracuda 500 GB","reference","false","https://commons.wikimedia.org/wiki/File:Seagate_500gb_Barracuda_7200rpm_3.5_SATA_Hard_Disk.jpg","CC BY-SA 4.0","metadata audit; not a complete visual or rights verification"
"wdred4tb","WD Red Plus 4 TB","/assets/hardware/component-new-hdd-wdred.jpg","Western Digital Red 4 TB","family","false","https://commons.wikimedia.org/wiki/File:Western_Digital_%22Red%22_4_TB_SATA_NAS-optimized_3.5-inch_HDD.jpg","CC BY-SA 3.0","metadata audit; not a complete visual or rights verification"
"toshiban3008","N300 8 TB","/assets/hardware/component-new-hdd-barracuda-500.jpg","Seagate Barracuda 500 GB","reference","false","https://commons.wikimedia.org/wiki/File:Seagate_500gb_Barracuda_7200rpm_3.5_SATA_Hard_Disk.jpg","CC BY-SA 4.0","metadata audit; not a complete visual or rights verification"
"rm1200xshift","RM1200x SHIFT","/assets/hardware/component-new-psu-corsair-modular.jpg","Corsair CX600M","reference","false","https://commons.wikimedia.org/wiki/File:Corsair_CX600M_1_2019-05-06.jpg","CC BY-SA 4.0","metadata audit; not a complete visual or rights verification"
"vertexgx1000","VERTEX GX-1000","/assets/hardware/component-new-psu-corsair-modular.jpg","Corsair CX600M","reference","false","https://commons.wikimedia.org/wiki/File:Corsair_CX600M_1_2019-05-06.jpg","CC BY-SA 4.0","metadata audit; not a complete visual or rights verification"
"purepower850","Pure Power 12 M 850W","/assets/hardware/component-new-psu-bequiet-full.jpg","be quiet! Straight Power 12 1200W","reference","false","https://commons.wikimedia.org/wiki/File:Be_quiet!_Straight_Power_12_1200W_20240405_HOF1650-HDR_RAW-Export_000105.png","CC BY 4.0","metadata audit; not a complete visual or rights verification"
"v850sfx","V850 SFX Gold","/assets/hardware/component-new-psu-corsair-modular.jpg","Corsair CX600M","reference","false","https://commons.wikimedia.org/wiki/File:Corsair_CX600M_1_2019-05-06.jpg","CC BY-SA 4.0","metadata audit; not a complete visual or rights verification"
"evgag6750","SuperNOVA 750 G6","/assets/hardware/component-new-psu-corsair-modular.jpg","Corsair CX600M","reference","false","https://commons.wikimedia.org/wiki/File:Corsair_CX600M_1_2019-05-06.jpg","CC BY-SA 4.0","metadata audit; not a complete visual or rights verification"
"xbox360","Xbox 360","/assets/hardware/device-new-device-13.webp","Xbox 360 Pro","exact","false","https://commons.wikimedia.org/wiki/File:Xbox-360-Pro-wController.jpg","Public domain","metadata audit; not a complete visual or rights verification"
"wiiu","Wii U","/assets/hardware/official-device-official-wii-u.jpg","Nintendo Wii U console and Wii U GamePad","exact","false","https://www.nintendo.com/en-gb/Wii-U/Hardware-Features/Hardware-Features-663024.html","Copyright Nintendo; manufacturer media used for product identification","metadata audit; not a complete visual or rights verification"
"wii","Wii","/assets/hardware/device-new-device-20.webp","Wii","exact","true","https://commons.wikimedia.org/wiki/File:Wii-Console.png","Public domain","metadata audit; not a complete visual or rights verification"
"ps2","PlayStation 2","/assets/hardware/device-new-device-10.webp","PlayStation 2 original and Slim","family","false","https://commons.wikimedia.org/wiki/File:PS2-Versions.png","Public domain","metadata audit; not a complete visual or rights verification"
"xboxoriginal","Xbox","/assets/hardware/device-new-device-15.webp","Microsoft Xbox original with Duke controller","exact","false","https://commons.wikimedia.org/wiki/File:Xbox-Console-wDuke-L.png","Public domain","metadata audit; not a complete visual or rights verification"
"iphone13pro","iPhone 13 Pro","/assets/hardware/official-device-official-iphone13pro.png","Apple iPhone 13 Pro color lineup","exact","false","https://support.apple.com/en-us/111871","Copyright Apple Inc.; manufacturer media used for product identification","metadata audit; not a complete visual or rights verification"
"s23ultra","Galaxy S23 Ultra","/assets/hardware/device-new-device-4.webp","Samsung Galaxy S24","reference","false","https://commons.wikimedia.org/wiki/File:Samsung_Galaxy_S24,_Sperrbildschirm.JPG","CC BY-SA 4.0","metadata audit; not a complete visual or rights verification"
"pixel8pro","Pixel 8 Pro","/assets/hardware/official-device-official-pixel8pro.webp","Google Pixel 8 Pro camera controls","exact","false","https://blog.google/products-and-platforms/devices/pixel/google-pixel-8-pro-camera/","Copyright Google LLC; manufacturer media used for product identification","metadata audit; not a complete visual or rights verification"
"msiclaw","Claw A1M Core Ultra 7","/assets/hardware/device-new-device-22.webp","Valve Steam Deck LCD","reference","false","https://commons.wikimedia.org/wiki/File:Steam_Deck_(front).png","CC BY-SA 4.0","metadata audit; not a complete visual or rights verification"
"legiongos","Legion Go S","/assets/hardware/device-new-device-28.webp","Lenovo Legion Go","family","false","https://commons.wikimedia.org/wiki/File:Lenovo_Legion_Go.jpg","CC BY-SA 4.0","metadata audit; not a complete visual or rights verification"
"rtx4080","GeForce RTX 4080","/assets/hardware/gpu-ada.png","ASUS TUF GeForce RTX 4080 SUPER OC","family","false","https://www.asus.com/us/motherboards-components/graphics-cards/tuf-gaming/tuf-rtx4080s-o16g-gaming/","not recorded","metadata audit; not a complete visual or rights verification"
"rtx4070ti","GeForce RTX 4070 Ti","/assets/hardware/gpu-ada.png","ASUS TUF GeForce RTX 4080 SUPER OC","family","false","https://www.asus.com/us/motherboards-components/graphics-cards/tuf-gaming/tuf-rtx4080s-o16g-gaming/","not recorded","metadata audit; not a complete visual or rights verification"
"rtx4060ti16","GeForce RTX 4060 Ti 16 GB","/assets/hardware/gpu-ada.png","ASUS TUF GeForce RTX 4080 SUPER OC","family","false","https://www.asus.com/us/motherboards-components/graphics-cards/tuf-gaming/tuf-rtx4080s-o16g-gaming/","not recorded","metadata audit; not a complete visual or rights verification"
"rtx308012","GeForce RTX 3080 12 GB","/assets/hardware/gpu-ampere.optimized.jpg","NVIDIA GeForce RTX 3090 Founders Edition","family","false","https://en.wikipedia.org/wiki/GeForce_RTX_30_series","CC BY-SA 4.0","metadata audit; not a complete visual or rights verification"
"rtx206012","GeForce RTX 2060 12 GB","/assets/hardware/gpu-turing.optimized.jpg","NVIDIA TITAN RTX","family","false","https://en.wikipedia.org/wiki/GeForce_RTX_20_series","CC BY 3.0","metadata audit; not a complete visual or rights verification"
"rtx30506","GeForce RTX 3050 6 GB","/assets/hardware/official-core-official-core-rtx30506.png","MSI GeForce RTX 3050 GAMING X 6G","exact","false","https://www.msi.com/Graphics-Card/GeForce-RTX-3050-GAMING-6G","Manufacturer product media","metadata audit; not a complete visual or rights verification"
"gtx1630","GeForce GTX 1630","/assets/hardware/gpu-turing.optimized.jpg","NVIDIA TITAN RTX","family","false","https://en.wikipedia.org/wiki/GeForce_RTX_20_series","CC BY 3.0","metadata audit; not a complete visual or rights verification"
"gtx10603","GeForce GTX 1060 3 GB","/assets/hardware/gpu-pascal.png","NVIDIA GeForce GTX 1080 Ti Founders Edition","family","false","https://www.nvidia.com/en-us/geforce/10-series/","not recorded","metadata audit; not a complete visual or rights verification"
"gtx1050","GeForce GTX 1050","/assets/hardware/gpu-pascal.png","NVIDIA GeForce GTX 1080 Ti Founders Edition","family","false","https://www.nvidia.com/en-us/geforce/10-series/","not recorded","metadata audit; not a complete visual or rights verification"
"titanrtx","TITAN RTX","/assets/hardware/gpu-turing.optimized.jpg","NVIDIA TITAN RTX","exact","true","https://en.wikipedia.org/wiki/GeForce_RTX_20_series","CC BY 3.0","metadata audit; not a complete visual or rights verification"
"titanv","TITAN V","/assets/hardware/gpu-pascal.png","NVIDIA GeForce GTX 1080 Ti Founders Edition","reference","false","https://www.nvidia.com/en-us/geforce/10-series/","not recorded","metadata audit; not a complete visual or rights verification"
"titanxpascal","TITAN X (Pascal)","/assets/hardware/gpu-pascal.png","NVIDIA GeForce GTX 1080 Ti Founders Edition","family","false","https://www.nvidia.com/en-us/geforce/10-series/","not recorded","metadata audit; not a complete visual or rights verification"
"gt1030","GeForce GT 1030 GDDR5","/assets/hardware/gpu-pascal.png","NVIDIA GeForce GTX 1080 Ti Founders Edition","family","false","https://www.nvidia.com/en-us/geforce/10-series/","not recorded","metadata audit; not a complete visual or rights verification"
"gtx750ti","GeForce GTX 750 Ti","/assets/hardware/gpu-maxwell.jpg","Gigabyte GeForce GTX 970 Windforce","family","false","https://en.wikipedia.org/wiki/File:Gigabyte_GTX_970_Windforce.jpg","CC BY-SA 4.0","metadata audit; not a complete visual or rights verification"
"gtx680","GeForce GTX 680","/assets/hardware/gpu-kepler.jpg","NVIDIA GeForce GTX TITAN","family","false","https://en.wikipedia.org/wiki/GeForce_700_series","Public domain","metadata audit; not a complete visual or rights verification"
"gtx580","GeForce GTX 580","/assets/hardware/gpu-fermi.jpg","EVGA GeForce GTX 590","family","false","https://en.wikipedia.org/wiki/GeForce_500_series","CC BY 2.0","metadata audit; not a complete visual or rights verification"
"gtx480","GeForce GTX 480","/assets/hardware/gpu-fermi.jpg","EVGA GeForce GTX 590","family","false","https://en.wikipedia.org/wiki/GeForce_500_series","CC BY 2.0","metadata audit; not a complete visual or rights verification"
"rx9070gre","Radeon RX 9070 GRE","/assets/hardware/gpu-rdna4.optimized.jpg","ASUS TUF Gaming Radeon RX 9070 XT OC","family","false","https://www.asus.com/motherboards-components/graphics-cards/tuf-gaming/tuf-rx9070xt-o16g-gaming/","not recorded","metadata audit; not a complete visual or rights verification"
"rx7900gre","Radeon RX 7900 GRE","/assets/hardware/official-core-official-core-rx7900gre.jpg","AMD Radeon RX 7900 GRE","exact","true","https://www.amd.com/en/products/graphics/desktops/radeon/7000-series/amd-radeon-rx-7900-gre.html","Manufacturer product media","metadata audit; not a complete visual or rights verification"
"rx6700","Radeon RX 6700 10 GB","/assets/hardware/gpu-rdna2.optimized.jpg","ASUS TUF Gaming Radeon RX 6800 XT OC","family","false","https://www.asus.com/motherboards-components/graphics-cards/tuf-gaming/tuf-rx6800xt-o16g-gaming/","not recorded","metadata audit; not a complete visual or rights verification"
"vega56","Radeon RX Vega 56","/assets/hardware/gpu-hd7970.png","VisionTek Radeon HD 7970","reference","false","https://www.tweaktown.com/reviews/4581/visiontek_radeon_hd_7970_3gb_video_cards_in_4_way_crossfirex/index.html","not recorded","metadata audit; not a complete visual or rights verification"
"r9nano","Radeon R9 Nano","/assets/hardware/gpu-hd7970.png","VisionTek Radeon HD 7970","reference","false","https://www.tweaktown.com/reviews/4581/visiontek_radeon_hd_7970_3gb_video_cards_in_4_way_crossfirex/index.html","not recorded","metadata audit; not a complete visual or rights verification"
"r9380x","Radeon R9 380X","/assets/hardware/gpu-hd7970.png","VisionTek Radeon HD 7970","reference","false","https://www.tweaktown.com/reviews/4581/visiontek_radeon_hd_7970_3gb_video_cards_in_4_way_crossfirex/index.html","not recorded","metadata audit; not a complete visual or rights verification"
"r9280x","Radeon R9 280X","/assets/hardware/gpu-hd7970.png","VisionTek Radeon HD 7970","family","false","https://www.tweaktown.com/reviews/4581/visiontek_radeon_hd_7970_3gb_video_cards_in_4_way_crossfirex/index.html","not recorded","metadata audit; not a complete visual or rights verification"
"hd7870","Radeon HD 7870 GHz Edition","/assets/hardware/gpu-hd7970.png","VisionTek Radeon HD 7970","family","false","https://www.tweaktown.com/reviews/4581/visiontek_radeon_hd_7970_3gb_video_cards_in_4_way_crossfirex/index.html","not recorded","metadata audit; not a complete visual or rights verification"
"hd6870","Radeon HD 6870","/assets/hardware/gpu-hd5870.jpg","Sapphire Radeon HD 5870","family","false","https://en.wikipedia.org/wiki/File:Sapphire_Radeon_HD_5870-front_oblique_PNr°0310.jpg","CC BY-SA 3.0 at","metadata audit; not a complete visual or rights verification"
"hd5870","Radeon HD 5870","/assets/hardware/gpu-hd5870.jpg","Sapphire Radeon HD 5870","exact","false","https://en.wikipedia.org/wiki/File:Sapphire_Radeon_HD_5870-front_oblique_PNr°0310.jpg","CC BY-SA 3.0 at","metadata audit; not a complete visual or rights verification"
"8700g","Ryzen 7 8700G","/assets/hardware/official-core-official-core-8700g.jpg","AMD Ryzen 7 8700G","exact","true","https://www.amd.com/en/products/processors/desktops/ryzen/8000-series/amd-ryzen-7-8700g.html","Manufacturer product media","metadata audit; not a complete visual or rights verification"
"8600g","Ryzen 5 8600G","/assets/hardware/official-core-official-core-8600g.jpg","AMD Ryzen 5 8600G","exact","true","https://www.amd.com/en/products/processors/desktops/ryzen/8000-series/amd-ryzen-5-8600g.html","Manufacturer product media","metadata audit; not a complete visual or rights verification"
"8500g","Ryzen 5 8500G","/assets/hardware/official-core-official-core-8500g.jpg","AMD Ryzen 5 8500G","exact","true","https://www.amd.com/en/products/processors/desktops/ryzen/8000-series/amd-ryzen-5-8500g.html","Manufacturer product media","metadata audit; not a complete visual or rights verification"
"4700g","Ryzen 7 4700G","/assets/hardware/cpu-ryzen-am4.jpg","AMD Ryzen 7 3700X","family","false","https://commons.wikimedia.org/wiki/File:AMD_Ryzen_7_3700X_top_IMGP3165_smial_wp.jpg","FAL","metadata audit; not a complete visual or rights verification"
"4600g","Ryzen 5 4600G","/assets/hardware/cpu-ryzen-am4.jpg","AMD Ryzen 7 3700X","family","false","https://commons.wikimedia.org/wiki/File:AMD_Ryzen_7_3700X_top_IMGP3165_smial_wp.jpg","FAL","metadata audit; not a complete visual or rights verification"
"4500","Ryzen 5 4500","/assets/hardware/cpu-ryzen-am4.jpg","AMD Ryzen 7 3700X","family","false","https://commons.wikimedia.org/wiki/File:AMD_Ryzen_7_3700X_top_IMGP3165_smial_wp.jpg","FAL","metadata audit; not a complete visual or rights verification"
"4100","Ryzen 3 4100","/assets/hardware/cpu-ryzen-am4.jpg","AMD Ryzen 7 3700X","family","false","https://commons.wikimedia.org/wiki/File:AMD_Ryzen_7_3700X_top_IMGP3165_smial_wp.jpg","FAL","metadata audit; not a complete visual or rights verification"
"7995wx","Ryzen Threadripper PRO 7995WX","/assets/hardware/cpu-threadripper-pro.jpg","AMD Ryzen Threadripper PRO 7995WX","exact","true","https://hothardware.com/reviews/amd-threadripper-pro-7000wx-and-threadripper-7000-hedt-launch","not recorded","metadata audit; not a complete visual or rights verification"
"5995wx","Ryzen Threadripper PRO 5995WX","/assets/hardware/cpu-threadripper.jpg","AMD Ryzen Threadripper 3990X","reference","false","https://www.newegg.com/amd-ryzen-threadripper-3990x/p/N82E16819113621","not recorded","metadata audit; not a complete visual or rights verification"
"3990x","Ryzen Threadripper 3990X","/assets/hardware/cpu-threadripper.jpg","AMD Ryzen Threadripper 3990X","exact","true","https://www.newegg.com/amd-ryzen-threadripper-3990x/p/N82E16819113621","not recorded","metadata audit; not a complete visual or rights verification"
"3970x","Ryzen Threadripper 3970X","/assets/hardware/cpu-threadripper.jpg","AMD Ryzen Threadripper 3990X","family","false","https://www.newegg.com/amd-ryzen-threadripper-3990x/p/N82E16819113621","not recorded","metadata audit; not a complete visual or rights verification"
"1700x","Ryzen 7 1700X","/assets/hardware/cpu-ryzen-am4.jpg","AMD Ryzen 7 3700X","reference","false","https://commons.wikimedia.org/wiki/File:AMD_Ryzen_7_3700X_top_IMGP3165_smial_wp.jpg","FAL","metadata audit; not a complete visual or rights verification"
"1600x","Ryzen 5 1600X","/assets/hardware/cpu-ryzen-am4.jpg","AMD Ryzen 7 3700X","reference","false","https://commons.wikimedia.org/wiki/File:AMD_Ryzen_7_3700X_top_IMGP3165_smial_wp.jpg","FAL","metadata audit; not a complete visual or rights verification"
"fx9590","FX-9590","/assets/hardware/cpu-fx.jpg","AMD FX-8310","family","false","https://commons.wikimedia.org/wiki/File:Microprocessors_AMD_FX_8310.jpg","CC BY-SA 4.0","metadata audit; not a complete visual or rights verification"
"fx6300","FX-6300","/assets/hardware/cpu-fx.jpg","AMD FX-8310","family","false","https://commons.wikimedia.org/wiki/File:Microprocessors_AMD_FX_8310.jpg","CC BY-SA 4.0","metadata audit; not a complete visual or rights verification"
"i914900","Core i9-14900","/assets/hardware/cpu-core-lga1700.jpg","Intel Core i7-13700K","reference","false","https://commons.wikimedia.org/wiki/File:Intel_Core_i7_13700K.jpg","CC BY 4.0","metadata audit; not a complete visual or rights verification"
"i714700","Core i7-14700","/assets/hardware/cpu-core-lga1700.jpg","Intel Core i7-13700K","reference","false","https://commons.wikimedia.org/wiki/File:Intel_Core_i7_13700K.jpg","CC BY 4.0","metadata audit; not a complete visual or rights verification"
"i514600","Core i5-14600","/assets/hardware/cpu-core-lga1700.jpg","Intel Core i7-13700K","reference","false","https://commons.wikimedia.org/wiki/File:Intel_Core_i7_13700K.jpg","CC BY 4.0","metadata audit; not a complete visual or rights verification"
"i514400f","Core i5-14400F","/assets/hardware/cpu-core-lga1700.jpg","Intel Core i7-13700K","reference","false","https://commons.wikimedia.org/wiki/File:Intel_Core_i7_13700K.jpg","CC BY 4.0","metadata audit; not a complete visual or rights verification"
"i313100f","Core i3-13100F","/assets/hardware/cpu-core-lga1700.jpg","Intel Core i7-13700K","family","false","https://commons.wikimedia.org/wiki/File:Intel_Core_i7_13700K.jpg","CC BY 4.0","metadata audit; not a complete visual or rights verification"
"i912900","Core i9-12900","/assets/hardware/cpu-core-lga1700.jpg","Intel Core i7-13700K","reference","false","https://commons.wikimedia.org/wiki/File:Intel_Core_i7_13700K.jpg","CC BY 4.0","metadata audit; not a complete visual or rights verification"
"i712700","Core i7-12700","/assets/hardware/cpu-core-lga1700.jpg","Intel Core i7-13700K","reference","false","https://commons.wikimedia.org/wiki/File:Intel_Core_i7_13700K.jpg","CC BY 4.0","metadata audit; not a complete visual or rights verification"
"i512400f","Core i5-12400F","/assets/hardware/cpu-core-lga1700.jpg","Intel Core i7-13700K","reference","false","https://commons.wikimedia.org/wiki/File:Intel_Core_i7_13700K.jpg","CC BY 4.0","metadata audit; not a complete visual or rights verification"
"i312100f","Core i3-12100F","/assets/hardware/cpu-core-lga1700.jpg","Intel Core i7-13700K","reference","false","https://commons.wikimedia.org/wiki/File:Intel_Core_i7_13700K.jpg","CC BY 4.0","metadata audit; not a complete visual or rights verification"
"i910980xe","Core i9-10980XE","/assets/hardware/cpu-core-hedt.jpg","Intel Core i7-6800K","reference","false","https://commons.wikimedia.org/wiki/File:Intel_i7_6800k_cpu.jpg","CC BY-SA 4.0","metadata audit; not a complete visual or rights verification"
"i78086k","Core i7-8086K","/assets/hardware/cpu-core-coffee.jpg","Intel Core i7-8700K","family","false","https://commons.wikimedia.org/wiki/File:Intel_i7_8700K.jpg","CC BY-SA 4.0","metadata audit; not a complete visual or rights verification"
"i58400","Core i5-8400","/assets/hardware/cpu-core-coffee.jpg","Intel Core i7-8700K","family","false","https://commons.wikimedia.org/wiki/File:Intel_i7_8700K.jpg","CC BY-SA 4.0","metadata audit; not a complete visual or rights verification"
"i76950x","Core i7-6950X","/assets/hardware/cpu-core-hedt.jpg","Intel Core i7-6800K","family","false","https://commons.wikimedia.org/wiki/File:Intel_i7_6800k_cpu.jpg","CC BY-SA 4.0","metadata audit; not a complete visual or rights verification"
"i75960x","Core i7-5960X","/assets/hardware/cpu-core-hedt.jpg","Intel Core i7-6800K","reference","false","https://commons.wikimedia.org/wiki/File:Intel_i7_6800k_cpu.jpg","CC BY-SA 4.0","metadata audit; not a complete visual or rights verification"
"b850tomahawk","MAG B850 TOMAHAWK MAX WIFI","/assets/hardware/component-new-board-asus-rog.jpg","ASUS ROG Strix Z390-F Gaming","reference","false","https://commons.wikimedia.org/wiki/File:Asus-ROG-Strix-Z390-F-Gaming-Motherboard_20201120_DSC6025.jpg","CC BY 4.0","metadata audit; not a complete visual or rights verification"
"x870tomahawk","MAG X870 TOMAHAWK WIFI","/assets/hardware/component-new-board-asus-rog.jpg","ASUS ROG Strix Z390-F Gaming","reference","false","https://commons.wikimedia.org/wiki/File:Asus-ROG-Strix-Z390-F-Gaming-Motherboard_20201120_DSC6025.jpg","CC BY 4.0","metadata audit; not a complete visual or rights verification"
"b650mmortar","MAG B650M MORTAR WIFI","/assets/hardware/component-new-board-asus-rog.jpg","ASUS ROG Strix Z390-F Gaming","reference","false","https://commons.wikimedia.org/wiki/File:Asus-ROG-Strix-Z390-F-Gaming-Motherboard_20201120_DSC6025.jpg","CC BY 4.0","metadata audit; not a complete visual or rights verification"
"b550mmortar","MAG B550M MORTAR WIFI","/assets/hardware/component-new-board-asus-rog.jpg","ASUS ROG Strix Z390-F Gaming","reference","false","https://commons.wikimedia.org/wiki/File:Asus-ROG-Strix-Z390-F-Gaming-Motherboard_20201120_DSC6025.jpg","CC BY 4.0","metadata audit; not a complete visual or rights verification"
"z890carbon","MPG Z890 CARBON WIFI","/assets/hardware/component-new-board-asus-rog.jpg","ASUS ROG Strix Z390-F Gaming","reference","false","https://commons.wikimedia.org/wiki/File:Asus-ROG-Strix-Z390-F-Gaming-Motherboard_20201120_DSC6025.jpg","CC BY 4.0","metadata audit; not a complete visual or rights verification"
"z790carbon","MPG Z790 CARBON WIFI","/assets/hardware/component-new-board-asus-rog.jpg","ASUS ROG Strix Z390-F Gaming","reference","false","https://commons.wikimedia.org/wiki/File:Asus-ROG-Strix-Z390-F-Gaming-Motherboard_20201120_DSC6025.jpg","CC BY 4.0","metadata audit; not a complete visual or rights verification"
"x670etuf","TUF GAMING X670E-PLUS WIFI","/assets/hardware/component-new-board-asus-rog.jpg","ASUS ROG Strix Z390-F Gaming","reference","false","https://commons.wikimedia.org/wiki/File:Asus-ROG-Strix-Z390-F-Gaming-Motherboard_20201120_DSC6025.jpg","CC BY 4.0","metadata audit; not a complete visual or rights verification"
"b850aorus","B850 AORUS ELITE WIFI7","/assets/hardware/component-new-board-asus-rog.jpg","ASUS ROG Strix Z390-F Gaming","reference","false","https://commons.wikimedia.org/wiki/File:Asus-ROG-Strix-Z390-F-Gaming-Motherboard_20201120_DSC6025.jpg","CC BY 4.0","metadata audit; not a complete visual or rights verification"
"domtitanium6000","DOMINATOR TITANIUM DDR5-6000 CL30","/assets/hardware/official-core-official-core-domtitanium6000.optimized.jpg","CORSAIR DOMINATOR TITANIUM DDR5-6000 CL30","exact","true","https://www.corsair.com/us/en/p/memory/cmp32gx5m2b6000c30/dominator-titanium-rgb-2x16gb-ddr5-dram-6000mt-s-cl30-intel-xmp-memory-kit-cmp32gx5m2b6000c30","Manufacturer product media","metadata audit; not a complete visual or rights verification"
"domplatinum6200","DOMINATOR PLATINUM RGB DDR5-6200 CL36","/assets/hardware/official-core-official-core-domplatinum6200.optimized.jpg","CORSAIR DOMINATOR PLATINUM RGB DDR5 black two-module kit","family","false","https://www.corsair.com/us/en/p/memory/cmt32gx5m2x6200c36/dominator-platinum-rgb-32gb-2x16gb-ddr5-dram-6200mhz-c36-memory-kit-black-cmt32gx5m2x6200c36","Manufacturer product media","metadata audit; not a complete visual or rights verification"
"flarex5","Flare X5 DDR5-6000 CL30","/assets/hardware/memory-storage-gskill-z5.jpg","G.SKILL Trident Z5 Neo RGB DDR5-5600 32GB F5-5600J2834F16GX2-TZ5NR","reference","false","https://www.walmart.com/ip/1658538623","not recorded","metadata audit; not a complete visual or rights verification"
"tridentneo64","Trident Z5 Neo RGB DDR5-6000 CL30 64 GB","/assets/hardware/memory-storage-gskill-z5.jpg","G.SKILL Trident Z5 Neo RGB DDR5-5600 32GB F5-5600J2834F16GX2-TZ5NR","family","false","https://www.walmart.com/ip/1658538623","not recorded","metadata audit; not a complete visual or rights verification"
"tforce7600","T-FORCE DELTA RGB DDR5-7600 CL36","/assets/hardware/memory-storage-team-delta.jpg","TEAMGROUP T-FORCE DELTA RGB DDR5 black single module (family gallery image)","family","false","https://www.teamgroupinc.com/en/product-detail/memory/T-FORCE/delta-rgb-ddr5-black/delta-rgb-ddr5-black-FF3D532G6000HC30DC01/","not recorded","metadata audit; not a complete visual or rights verification"
"crucialpro6400","Crucial Pro Overclocking DDR5-6400 CL38","/assets/hardware/memory-storage-crucial-oc.jpg","Crucial Pro Overclocking DDR5-6000 32GB CP2K16G60C36U5B","family","false","https://www.theitdepot.com/crucial_pro_overclocking_32gb_kit_2x16gb_ddr5-6000_udimm_black_cp2k16g60c36u5b","not recorded","metadata audit; not a complete visual or rights verification"
"990evoplus","990 EVO Plus 2 TB","/assets/hardware/memory-storage-samsung990.optimized.jpg","Samsung 990 PRO 1TB MZ-V9P1T0BW","reference","false","https://smcinternational.in/storage/m2-nvme-gen4/samsung-990-pro-nvme-m2-gen4-ssd-1tb","not recorded","metadata audit; not a complete visual or rights verification"
"samsung980","980 1 TB","/assets/hardware/memory-storage-samsung990.optimized.jpg","Samsung 990 PRO 1TB MZ-V9P1T0BW","reference","false","https://smcinternational.in/storage/m2-nvme-gen4/samsung-990-pro-nvme-m2-gen4-ssd-1tb","not recorded","metadata audit; not a complete visual or rights verification"
"870qvo2","870 QVO 2 TB","/assets/hardware/memory-storage-samsung870.png","Samsung 870 EVO 500GB SATA 2.5-inch SSD","reference","false","https://shop.pegasus.hk/products/204718/Samsung-%E4%B8%89%E6%98%9F-870-EVO-500GB-SATA-III-SSD","not recorded","metadata audit; not a complete visual or rights verification"
"sn7100","WD_BLACK SN7100 2 TB","/assets/hardware/memory-storage-wd-sn850x.png","WD_BLACK SN850X NVMe SSD (capacity unspecified)","reference","false","https://www.westerndigital.com/products/internal-drives/wd-black-sn850x-nvme-ssd","not recorded","metadata audit; not a complete visual or rights verification"
"sn5000","WD Blue SN5000 1 TB","/assets/hardware/official-core-official-core-sn5000.png","WD Blue SN5000 500 GB","family","false","https://www.westerndigital.com/products/internal-drives/wd-blue-sn5000-nvme-ssd","Manufacturer product media","metadata audit; not a complete visual or rights verification"
"crucialt500","T500 2 TB","/assets/hardware/memory-storage-t705.jpg","Crucial T705 4TB CT4000T705SSD3","reference","false","https://www.ldlc.com/es-es/ficha/PB00602373.html","not recorded","metadata audit; not a complete visual or rights verification"
"kingstonnv2","NV2 2 TB","/assets/hardware/memory-storage-kc3000.jpg","Kingston KC3000 4TB SKC3000D/4096GB","reference","false","https://www.jarcomputers.com/kingston-kc3000-4096gb-m2-2280-skc3000d4096gb-prod-ssdkingstonskc3000d4096gb.html","not recorded","metadata audit; not a complete visual or rights verification"
"p44pro","P44 Pro 2 TB","/assets/hardware/memory-storage-p44pro.webp","Solidigm P44 Pro 2TB SSDPFKKW020X7X1","exact","false","https://ipon.hu/shop/termek/solidigm-2tb-p44-pro-m2-pcie-m2-2280-ssdpfkkw020x7x1/2118356","not recorded","metadata audit; not a complete visual or rights verification"
"barracuda8","BarraCuda 8 TB","/assets/hardware/component-new-hdd-barracuda-500.jpg","Seagate Barracuda 500 GB","family","false","https://commons.wikimedia.org/wiki/File:Seagate_500gb_Barracuda_7200rpm_3.5_SATA_Hard_Disk.jpg","CC BY-SA 4.0","metadata audit; not a complete visual or rights verification"
"ironwolf16tb","IronWolf 16 TB","/assets/hardware/component-new-hdd-barracuda-500.jpg","Seagate Barracuda 500 GB","reference","false","https://commons.wikimedia.org/wiki/File:Seagate_500gb_Barracuda_7200rpm_3.5_SATA_Hard_Disk.jpg","CC BY-SA 4.0","metadata audit; not a complete visual or rights verification"
"wdred12tb","WD Red Plus 12 TB","/assets/hardware/component-new-hdd-wdred.jpg","Western Digital Red 4 TB","family","false","https://commons.wikimedia.org/wiki/File:Western_Digital_%22Red%22_4_TB_SATA_NAS-optimized_3.5-inch_HDD.jpg","CC BY-SA 3.0","metadata audit; not a complete visual or rights verification"
"toshibax30012","X300 12 TB","/assets/hardware/component-new-hdd-barracuda-500.jpg","Seagate Barracuda 500 GB","reference","false","https://commons.wikimedia.org/wiki/File:Seagate_500gb_Barracuda_7200rpm_3.5_SATA_Hard_Disk.jpg","CC BY-SA 4.0","metadata audit; not a complete visual or rights verification"
"rm1000e","RM1000e (2023)","/assets/hardware/component-new-psu-corsair-modular.jpg","Corsair CX600M","reference","false","https://commons.wikimedia.org/wiki/File:Corsair_CX600M_1_2019-05-06.jpg","CC BY-SA 4.0","metadata audit; not a complete visual or rights verification"
"coregx650","CORE GX-650","/assets/hardware/component-new-psu-corsair-cx430.jpg","Corsair CX430","reference","false","https://commons.wikimedia.org/wiki/File:Corsair_CX430.JPG","CC BY 3.0","metadata audit; not a complete visual or rights verification"
"primetx1300","PRIME TX-1300","/assets/hardware/component-new-psu-corsair-modular.jpg","Corsair CX600M","reference","false","https://commons.wikimedia.org/wiki/File:Corsair_CX600M_1_2019-05-06.jpg","CC BY-SA 4.0","metadata audit; not a complete visual or rights verification"
"straightpower1000","Straight Power 12 1000W","/assets/hardware/component-new-psu-bequiet-full.jpg","be quiet! Straight Power 12 1200W","family","false","https://commons.wikimedia.org/wiki/File:Be_quiet!_Straight_Power_12_1200W_20240405_HOF1650-HDR_RAW-Export_000105.png","CC BY 4.0","metadata audit; not a complete visual or rights verification"
"darkpower1600","Dark Power Pro 13 1600W","/assets/hardware/component-new-psu-bequiet-full.jpg","be quiet! Straight Power 12 1200W","reference","false","https://commons.wikimedia.org/wiki/File:Be_quiet!_Straight_Power_12_1200W_20240405_HOF1650-HDR_RAW-Export_000105.png","CC BY 4.0","metadata audit; not a complete visual or rights verification"
"mwegold750","MWE Gold 750 V2","/assets/hardware/component-new-psu-corsair-modular.jpg","Corsair CX600M","reference","false","https://commons.wikimedia.org/wiki/File:Corsair_CX600M_1_2019-05-06.jpg","CC BY-SA 4.0","metadata audit; not a complete visual or rights verification"
"xboxones","Xbox One S","/assets/hardware/device-new-device-16.webp","Xbox One, One X and One S","family","false","https://commons.wikimedia.org/wiki/File:Xbox_One_consoles_montage.png","Public domain","metadata audit; not a complete visual or rights verification"
"iphone12pro","iPhone 12 Pro","/assets/hardware/official-device-official-iphone12pro.png","Apple iPhone 12 Pro color lineup","exact","false","https://support.apple.com/en-us/111875","Copyright Apple Inc.; manufacturer media used for product identification","metadata audit; not a complete visual or rights verification"
"s22ultra","Galaxy S22 Ultra","/assets/hardware/device-new-device-4.webp","Samsung Galaxy S24","reference","false","https://commons.wikimedia.org/wiki/File:Samsung_Galaxy_S24,_Sperrbildschirm.JPG","CC BY-SA 4.0","metadata audit; not a complete visual or rights verification"
"pixel7pro","Pixel 7 Pro","/assets/hardware/official-device-official-pixel7pro.jpg","Google Pixel 7 Pro color variants","exact","false","https://blog.google/products-and-platforms/devices/pixel/pixel-7-pixel-7-pro/","Copyright Google LLC; manufacturer media used for product identification","metadata audit; not a complete visual or rights verification"
"intel4004","Intel 4004","/assets/hardware/cpu-4004.jpg","Intel C4004","exact","false","https://commons.wikimedia.org/wiki/File:Intel_C4004.jpg","CC BY-SA 4.0","metadata audit; not a complete visual or rights verification"
"intel8008","Intel 8008","/assets/hardware/cpu-8008.jpg","Intel C8008-1","family","false","https://commons.wikimedia.org/wiki/File:KL_Intel_C8008-1.jpg","CC BY-SA 4.0","metadata audit; not a complete visual or rights verification"
"intel8080","Intel 8080","/assets/hardware/cpu-8080.jpg","Intel 8080 (intact and opened examples)","exact","false","https://commons.wikimedia.org/wiki/File:Intel_8080_open-closed.jpg","CC BY 4.0","metadata audit; not a complete visual or rights verification"
"intel8085","Intel 8085","/assets/hardware/cpu-8085.jpg","Intel P8085AH","family","false","https://commons.wikimedia.org/wiki/File:KL_Intel_P8085AH.jpg","CC BY-SA 3.0","metadata audit; not a complete visual or rights verification"
"intel8086","Intel 8086","/assets/hardware/cpu-8086.jpg","Intel C8086","exact","false","https://commons.wikimedia.org/wiki/File:Intel_C8086.jpg","CC BY-SA 4.0","metadata audit; not a complete visual or rights verification"
"intel8088","Intel 8088","/assets/hardware/cpu-8088.jpg","Intel TD8088","exact","false","https://commons.wikimedia.org/wiki/File:KL_Intel_TD8088.jpg","CC BY-SA 3.0","metadata audit; not a complete visual or rights verification"
"intel80186","Intel 80186","/assets/hardware/cpu-80186.jpg","Intel 80186","exact","true","https://commons.wikimedia.org/wiki/File:KL_Intel_i186.jpg","CC BY-SA 3.0","metadata audit; not a complete visual or rights verification"
"intel286","Intel 80286","/assets/hardware/cpu-286.jpg","Intel 80286","exact","true","https://commons.wikimedia.org/wiki/File:KL_Intel_i286.jpg","CC BY-SA 3.0","metadata audit; not a complete visual or rights verification"
"intel386dx","Intel 386DX","/assets/hardware/cpu-386.jpg","Intel 386DX","exact","true","https://commons.wikimedia.org/wiki/File:KL_Intel_i386DX.jpg","CC BY-SA 3.0","metadata audit; not a complete visual or rights verification"
"intel386sx","Intel 386SX","/assets/hardware/cpu-386sx.jpg","Intel 386SX-16","exact","false","https://commons.wikimedia.org/wiki/File:I386SX.jpg","CC BY-SA 3.0","metadata audit; not a complete visual or rights verification"
"intel486dx","Intel 486DX","/assets/hardware/cpu-486.jpg","Intel i486 DX2-66","family","false","https://commons.wikimedia.org/wiki/File:Intel_i486_dx2_66mhz_2007_03_27.jpg","CC BY-SA 3.0","metadata audit; not a complete visual or rights verification"
"intel486sx","Intel 486SX","/assets/hardware/cpu-486.jpg","Intel i486 DX2-66","family","false","https://commons.wikimedia.org/wiki/File:Intel_i486_dx2_66mhz_2007_03_27.jpg","CC BY-SA 3.0","metadata audit; not a complete visual or rights verification"
"intel486dx2","Intel 486DX2-66","/assets/hardware/cpu-486.jpg","Intel i486 DX2-66","exact","false","https://commons.wikimedia.org/wiki/File:Intel_i486_dx2_66mhz_2007_03_27.jpg","CC BY-SA 3.0","metadata audit; not a complete visual or rights verification"
"pentium60","Intel Pentium 60","/assets/hardware/cpu-pentium.jpg","Intel Pentium 60","exact","true","https://commons.wikimedia.org/wiki/File:Pentium_60_SX948_gold_front.jpg","CC BY-SA 3.0","metadata audit; not a complete visual or rights verification"
"pentium100","Intel Pentium 100","/assets/hardware/cpu-pentium.jpg","Intel Pentium 60","reference","false","https://commons.wikimedia.org/wiki/File:Pentium_60_SX948_gold_front.jpg","CC BY-SA 3.0","metadata audit; not a complete visual or rights verification"
"pentiumpro200","Intel Pentium Pro 200","/assets/hardware/cpu-pentium-pro.jpg","Intel Pentium Pro 512KB","exact","false","https://commons.wikimedia.org/wiki/File:Ppro512K.jpg","CC BY-SA 3.0","metadata audit; not a complete visual or rights verification"
"pentiummmx233","Intel Pentium MMX 233","/assets/hardware/cpu-pentium-mmx.jpg","Intel Pentium MMX","family","false","https://commons.wikimedia.org/wiki/File:P-MMX.JPG","Public domain","metadata audit; not a complete visual or rights verification"
"pentiumii300","Intel Pentium II 300","/assets/hardware/cpu-pentium-ii.jpg","Intel Pentium II","family","false","https://commons.wikimedia.org/wiki/File:Pentium_II.jpg","CC BY-SA 3.0","metadata audit; not a complete visual or rights verification"
"celeron266","Intel Celeron 266","/assets/hardware/cpu-celeron.jpg","Intel Celeron Covington","family","false","https://commons.wikimedia.org/wiki/File:KL_Intel_Celeron_Covington.jpg","CC BY-SA 4.0","metadata audit; not a complete visual or rights verification"
"pentiumiii600","Intel Pentium III 600","/assets/hardware/cpu-pentium-iii.jpg","Intel Pentium III Katmai","family","false","https://commons.wikimedia.org/wiki/File:Intel_Pentium_III_Katmai.jpg","CC BY-SA 3.0","metadata audit; not a complete visual or rights verification"
"pentium4-1500","Intel Pentium 4 1.50 GHz","/assets/hardware/cpu-pentium4.jpg","Intel Pentium 4 1.5GHz Willamette","exact","false","https://commons.wikimedia.org/wiki/File:Intel_Pentium_4_1%2C5_GHz_Willamette_Socket_423.jpg","CC BY-SA 4.0","metadata audit; not a complete visual or rights verification"
"am386dx40","AMD Am386DX-40","/assets/hardware/cpu-am386.jpg","AMD Am386DX-40","exact","true","https://commons.wikimedia.org/wiki/File:Am386DX-40.jpg","GPL","metadata audit; not a complete visual or rights verification"
"am486dx4","AMD Am486 DX4-100","/assets/hardware/cpu-am486.jpg","AMD Am486DX-40","family","false","https://commons.wikimedia.org/wiki/File:AMD_Am486DX_40MHz_2007_03_27.jpg","CC BY-SA 3.0","metadata audit; not a complete visual or rights verification"
"amdk5pr100","AMD K5 PR100","/assets/hardware/cpu-k5.jpg","AMD K5 PR166","family","false","https://commons.wikimedia.org/wiki/File:AMD_K5_PR166_Front.jpg","CC BY-SA 2.5","metadata audit; not a complete visual or rights verification"
"amdk6-233","AMD K6-233","/assets/hardware/cpu-k6.jpg","AMD K6-166","family","false","https://commons.wikimedia.org/wiki/File:AMD_K6-166ALR.jpg","CC BY-SA 3.0","metadata audit; not a complete visual or rights verification"
"amdk62-300","AMD K6-2 300","/assets/hardware/cpu-k6-2.jpg","AMD K6-2 266MHz","family","false","https://commons.wikimedia.org/wiki/File:AMD_K6-2_266_MHz_(16498137495).jpg","CC BY 2.0","metadata audit; not a complete visual or rights verification"
"athlon500","AMD Athlon 500","/assets/hardware/cpu-athlon.jpg","AMD Athlon Classic Slot A","family","false","https://commons.wikimedia.org/wiki/File:Amd_athlon_classic.jpg","CC BY-SA 2.5","metadata audit; not a complete visual or rights verification"
"duron600","AMD Duron 600","/assets/hardware/cpu-duron.jpg","AMD Duron 600","exact","true","https://commons.wikimedia.org/wiki/File:AMD_Duron_D600AUT1B.jpg","CC BY-SA 3.0","metadata audit; not a complete visual or rights verification"
"athlonxp1800","AMD Athlon XP 1800+","/assets/hardware/cpu-athlon-xp.jpg","AMD Athlon XP Palomino","family","false","https://commons.wikimedia.org/wiki/File:KL_AMD_Athlon_XP_Palomino.jpg","CC BY-SA 3.0","metadata audit; not a complete visual or rights verification"
"athlon643200","AMD Athlon 64 3200+","/assets/hardware/cpu-athlon64.jpg","AMD Athlon 64 3200+","exact","true","https://commons.wikimedia.org/wiki/File:AMD_Athlon_64_3200%2B_ADA3200AEP5AP.jpg","CC BY-SA 4.0","metadata audit; not a complete visual or rights verification"
"athlon64x23800","AMD Athlon 64 X2 3800+","/assets/hardware/cpu-athlon64x2.jpg","AMD Athlon 64 X2 4200+","family","false","https://commons.wikimedia.org/wiki/File:AMD_Athlon_64_X2_4200%2B_(ADA4200DAA5CD).jpg","CC0","metadata audit; not a complete visual or rights verification"
"phenom9500","AMD Phenom 9500","/assets/hardware/cpu-phenom.jpg","AMD Phenom X3 8650","family","false","https://commons.wikimedia.org/wiki/File:AMD_Phenom_X3_8650_%22Toliman%22.jpg","CC BY-SA 4.0","metadata audit; not a complete visual or rights verification"
"phenomii965","AMD Phenom II X4 965 Black Edition","/assets/hardware/cpu-phenomii.jpg","AMD Phenom II X4 840","family","false","https://commons.wikimedia.org/wiki/File:AMD_Phenom_II_X4_840_(HDX840WFK42GM)_CPU-top_oblique_PNr%C2%B00373.jpg","CC BY-SA 3.0 at","metadata audit; not a complete visual or rights verification"
"fx8150","AMD FX-8150","/assets/hardware/cpu-fx.jpg","AMD FX-8310","family","false","https://commons.wikimedia.org/wiki/File:Microprocessors_AMD_FX_8310.jpg","CC BY-SA 4.0","metadata audit; not a complete visual or rights verification"
"ibm-mda","IBM Monochrome Display Adapter","/assets/hardware/gpu-ibmmda.jpg","IBM Monochrome Display and Parallel Printer Adapter","exact","false","https://en.wikipedia.org/wiki/File:IBM_PC_Original_Monochrome_Display_and_Parallel_Printer_Adapter.jpg","CC BY-SA 3.0","metadata audit; not a complete visual or rights verification"
"ibm-cga","IBM Color/Graphics Adapter","/assets/hardware/gpu-ibmcga.jpg","IBM Color Graphics Adapter","exact","true","https://en.wikipedia.org/wiki/File:IBM_Color_Graphics_Adapter.jpg","CC BY-SA 4.0","metadata audit; not a complete visual or rights verification"
"ibm-ega","IBM Enhanced Graphics Adapter","/assets/hardware/gpu-ibmega.jpg","IBM Enhanced Graphics Adapter","exact","true","https://en.wikipedia.org/wiki/File:IBM_EGA_card.jpg","CC BY-SA 3.0","metadata audit; not a complete visual or rights verification"
"ibm-vga","IBM Video Graphics Array","/assets/hardware/gpu-ibmvga.jpg","IBM VGA expansion card","reference","false","https://en.wikipedia.org/wiki/File:IBM_VGA_graphics_card.jpg","CC BY-SA 4.0","metadata audit; not a complete visual or rights verification"
"voodoo-graphics","3dfx Voodoo Graphics","/assets/hardware/gpu-voodoo2.jpg","3dfx Voodoo2 board","reference","false","https://en.wikipedia.org/wiki/File:Voodoo2_board.jpg","CC BY 2.5","metadata audit; not a complete visual or rights verification"
"voodoo2-12","3dfx Voodoo2 12 MB","/assets/hardware/gpu-voodoo2.jpg","3dfx Voodoo2 board","reference","false","https://en.wikipedia.org/wiki/File:Voodoo2_board.jpg","CC BY 2.5","metadata audit; not a complete visual or rights verification"
"riva128","NVIDIA RIVA 128","/assets/hardware/gpu-riva128.jpg","Diamond Viper V330 AGP (NVIDIA RIVA 128)","exact","false","https://en.wikipedia.org/wiki/File:Diamond_Viper_V330_AGP_@_nVIDIA_RIVA_128.jpg","CC BY-SA 4.0","metadata audit; not a complete visual or rights verification"
"rivatnt","NVIDIA RIVA TNT","/assets/hardware/gpu-riva128.jpg","Diamond Viper V330 AGP (NVIDIA RIVA 128)","reference","false","https://en.wikipedia.org/wiki/File:Diamond_Viper_V330_AGP_@_nVIDIA_RIVA_128.jpg","CC BY-SA 4.0","metadata audit; not a complete visual or rights verification"
"rivatnt2","NVIDIA RIVA TNT2","/assets/hardware/gpu-riva128.jpg","Diamond Viper V330 AGP (NVIDIA RIVA 128)","reference","false","https://en.wikipedia.org/wiki/File:Diamond_Viper_V330_AGP_@_nVIDIA_RIVA_128.jpg","CC BY-SA 4.0","metadata audit; not a complete visual or rights verification"
"geforce256ddr","NVIDIA GeForce 256 DDR","/assets/hardware/gpu-geforce256.jpg","VisionTek GeForce 256","reference","false","https://en.wikipedia.org/wiki/GeForce_256","Public domain","metadata audit; not a complete visual or rights verification"
"geforce2gts","NVIDIA GeForce2 GTS","/assets/hardware/gpu-geforce256.jpg","VisionTek GeForce 256","reference","false","https://en.wikipedia.org/wiki/GeForce_256","Public domain","metadata audit; not a complete visual or rights verification"
"geforce3","NVIDIA GeForce3","/assets/hardware/gpu-geforce3.jpg","NVIDIA GeForce3 Ti 500","family","false","https://en.wikipedia.org/wiki/File:GeForce3_Ti_500.jpg","Public domain","metadata audit; not a complete visual or rights verification"
"gf4ti4600","NVIDIA GeForce4 Ti 4600","/assets/hardware/gpu-geforce3.jpg","NVIDIA GeForce3 Ti 500","reference","false","https://en.wikipedia.org/wiki/File:GeForce3_Ti_500.jpg","Public domain","metadata audit; not a complete visual or rights verification"
"geforcefx5800u","NVIDIA GeForce FX 5800 Ultra","/assets/hardware/gpu-geforce3.jpg","NVIDIA GeForce3 Ti 500","reference","false","https://en.wikipedia.org/wiki/File:GeForce3_Ti_500.jpg","Public domain","metadata audit; not a complete visual or rights verification"
"geforce6800u","NVIDIA GeForce 6800 Ultra","/assets/hardware/gpu-geforce6800.optimized.jpg","NVIDIA GeForce 6800 Ultra","exact","true","https://en.wikipedia.org/wiki/File:NVIDIA_GeForce_6800_Ultra.png","Public domain","metadata audit; not a complete visual or rights verification"
"radeonddr","ATI Radeon DDR","/assets/hardware/gpu-radeon7500.jpg","ATI Radeon 7500 AGP","reference","false","https://en.wikipedia.org/wiki/File:Radeon7500agp.jpg","CC BY-SA 3.0","metadata audit; not a complete visual or rights verification"
"radeon8500","ATI Radeon 8500","/assets/hardware/gpu-radeon9600.jpg","ATI Radeon 9600 Pro","reference","false","https://en.wikipedia.org/wiki/File:ATI_Radeon_9600_Pro_8124.jpg","CC BY-SA 4.0","metadata audit; not a complete visual or rights verification"
"radeon9700pro","ATI Radeon 9700 PRO","/assets/hardware/gpu-radeon9600.jpg","ATI Radeon 9600 Pro","reference","false","https://en.wikipedia.org/wiki/File:ATI_Radeon_9600_Pro_8124.jpg","CC BY-SA 4.0","metadata audit; not a complete visual or rights verification"
"radeonx800xt","ATI Radeon X800 XT","/assets/hardware/gpu-radeonx1950.jpg","HIS Radeon X1950 XTX","reference","false","https://en.wikipedia.org/wiki/File:HIS_ATI_Radeon_X1950XTX_512Mb_GDDR4_Graphics_Card.jpg","CC BY-SA 4.0","metadata audit; not a complete visual or rights verification"
"radeonx1900xtx","ATI Radeon X1900 XTX","/assets/hardware/gpu-radeonx1950.jpg","HIS Radeon X1950 XTX","reference","false","https://en.wikipedia.org/wiki/File:HIS_ATI_Radeon_X1950XTX_512Mb_GDDR4_Graphics_Card.jpg","CC BY-SA 4.0","metadata audit; not a complete visual or rights verification"
"ibm350","IBM 350 Disk Storage Unit","/assets/hardware/component-new-hdd-ibm350.jpg","IBM 350 RAMAC","exact","false","https://commons.wikimedia.org/wiki/File:IBM_350_RAMAC.jpg","CC BY-SA 2.5","metadata audit; not a complete visual or rights verification"
"seagatest506","Seagate ST-506","/assets/hardware/component-new-hdd-st506.jpg","Seagate ST-506","exact","true","https://commons.wikimedia.org/wiki/File:Seagate_Technology_ST-506.png","CC BY-SA 4.0","metadata audit; not a complete visual or rights verification"
"seagatest412","Seagate ST-412","/assets/hardware/component-new-hdd-st506.jpg","Seagate ST-506","family","false","https://commons.wikimedia.org/wiki/File:Seagate_Technology_ST-506.png","CC BY-SA 4.0","metadata audit; not a complete visual or rights verification"
"ibmpc64k","IBM PC 64 KB Memory Expansion Option","/assets/hardware/memory-storage-ibm64.jpg","IBM PC 5150 early 64KB memory expansion card","exact","false","https://www.minuszerodegrees.net/5150/early/5150_early.htm","not recorded","metadata audit; not a complete visual or rights verification"
"simm30-1mb","30-pin 1 MB SIMM","/assets/hardware/memory-storage-simm30.jpg","30-pin 1 MB 80 ns SIMM WCM-30S-1M-003-80","family","false","https://www.ebay.ca/itm/154049718333","not recorded","metadata audit; not a complete visual or rights verification"
"sdram-pc100","PC100 SDRAM 128 MB DIMM","/assets/hardware/memory-storage-pc100.optimized.jpg","Generic 128 MB PC100 168-pin SDRAM B6786RC-E","family","false","https://clydecomputers.co.uk/products/generic-128mb-pc100-100mhz-168pin-sdram-dimm-b6786rc-e-used?variant=48547321446715","not recorded","metadata audit; not a complete visual or rights verification"
"ddr266-256","DDR-266 256 MB DIMM","/assets/hardware/memory-storage-ddr266.jpg","Dell 0X772 256 MB DDR-266 184-pin ECC DIMM","reference","false","https://www.ebay.co.uk/itm/144492580404","not recorded","metadata audit; not a complete visual or rights verification"
"x-phone-iphone","iPhone","/assets/hardware/device-new-device-0.webp","Apple iPhone (1st generation)","exact","false","https://commons.wikimedia.org/wiki/File:IPhone_First_Generation_8GB_(3677961514).jpg","CC BY-SA 2.0","metadata audit; not a complete visual or rights verification"
"x-phone-iphone-3g","iPhone 3G","/assets/hardware/device-new-device-0.webp","Apple iPhone (1st generation)","reference","false","https://commons.wikimedia.org/wiki/File:IPhone_First_Generation_8GB_(3677961514).jpg","CC BY-SA 2.0","metadata audit; not a complete visual or rights verification"
"x-phone-iphone-3gs","iPhone 3GS","/assets/hardware/device-new-device-0.webp","Apple iPhone (1st generation)","reference","false","https://commons.wikimedia.org/wiki/File:IPhone_First_Generation_8GB_(3677961514).jpg","CC BY-SA 2.0","metadata audit; not a complete visual or rights verification"
"x-phone-iphone-4","iPhone 4","/assets/hardware/device-new-device-34.webp","Apple iPhone 4","exact","true","https://commons.wikimedia.org/wiki/File:IPhone_4_Mini-SIM_Extracted.jpg","CC BY-SA 4.0","metadata audit; not a complete visual or rights verification"
"x-phone-iphone-4s","iPhone 4s","/assets/hardware/device-new-device-34.webp","Apple iPhone 4","family","false","https://commons.wikimedia.org/wiki/File:IPhone_4_Mini-SIM_Extracted.jpg","CC BY-SA 4.0","metadata audit; not a complete visual or rights verification"
"x-phone-iphone-5","iPhone 5","/assets/hardware/device-new-device-34.webp","Apple iPhone 4","reference","false","https://commons.wikimedia.org/wiki/File:IPhone_4_Mini-SIM_Extracted.jpg","CC BY-SA 4.0","metadata audit; not a complete visual or rights verification"
"x-phone-iphone-5c","iPhone 5c","/assets/hardware/device-new-device-34.webp","Apple iPhone 4","reference","false","https://commons.wikimedia.org/wiki/File:IPhone_4_Mini-SIM_Extracted.jpg","CC BY-SA 4.0","metadata audit; not a complete visual or rights verification"
"x-phone-iphone-5s","iPhone 5s","/assets/hardware/device-new-device-34.webp","Apple iPhone 4","reference","false","https://commons.wikimedia.org/wiki/File:IPhone_4_Mini-SIM_Extracted.jpg","CC BY-SA 4.0","metadata audit; not a complete visual or rights verification"
"x-phone-iphone-6","iPhone 6","/assets/hardware/device-new-device-34.webp","Apple iPhone 4","reference","false","https://commons.wikimedia.org/wiki/File:IPhone_4_Mini-SIM_Extracted.jpg","CC BY-SA 4.0","metadata audit; not a complete visual or rights verification"
"x-phone-iphone-6-plus","iPhone 6 Plus","/assets/hardware/device-new-device-34.webp","Apple iPhone 4","reference","false","https://commons.wikimedia.org/wiki/File:IPhone_4_Mini-SIM_Extracted.jpg","CC BY-SA 4.0","metadata audit; not a complete visual or rights verification"
"x-phone-iphone-6s","iPhone 6s","/assets/hardware/device-new-device-34.webp","Apple iPhone 4","reference","false","https://commons.wikimedia.org/wiki/File:IPhone_4_Mini-SIM_Extracted.jpg","CC BY-SA 4.0","metadata audit; not a complete visual or rights verification"
"x-phone-iphone-6s-plus","iPhone 6s Plus","/assets/hardware/device-new-device-34.webp","Apple iPhone 4","reference","false","https://commons.wikimedia.org/wiki/File:IPhone_4_Mini-SIM_Extracted.jpg","CC BY-SA 4.0","metadata audit; not a complete visual or rights verification"
"x-phone-iphone-se-1st-generation","iPhone SE (1st generation)","/assets/hardware/device-new-device-34.webp","Apple iPhone 4","reference","false","https://commons.wikimedia.org/wiki/File:IPhone_4_Mini-SIM_Extracted.jpg","CC BY-SA 4.0","metadata audit; not a complete visual or rights verification"
"x-phone-iphone-7","iPhone 7","/assets/hardware/device-new-device-34.webp","Apple iPhone 4","reference","false","https://commons.wikimedia.org/wiki/File:IPhone_4_Mini-SIM_Extracted.jpg","CC BY-SA 4.0","metadata audit; not a complete visual or rights verification"
"x-phone-iphone-7-plus","iPhone 7 Plus","/assets/hardware/device-new-device-34.webp","Apple iPhone 4","reference","false","https://commons.wikimedia.org/wiki/File:IPhone_4_Mini-SIM_Extracted.jpg","CC BY-SA 4.0","metadata audit; not a complete visual or rights verification"
"x-phone-iphone-8","iPhone 8","/assets/hardware/device-new-device-34.webp","Apple iPhone 4","reference","false","https://commons.wikimedia.org/wiki/File:IPhone_4_Mini-SIM_Extracted.jpg","CC BY-SA 4.0","metadata audit; not a complete visual or rights verification"
"x-phone-iphone-8-plus","iPhone 8 Plus","/assets/hardware/device-new-device-34.webp","Apple iPhone 4","reference","false","https://commons.wikimedia.org/wiki/File:IPhone_4_Mini-SIM_Extracted.jpg","CC BY-SA 4.0","metadata audit; not a complete visual or rights verification"
"x-phone-iphone-x","iPhone X","/assets/hardware/device-new-device-1.webp","iPhone 15 Pro","reference","false","https://commons.wikimedia.org/wiki/File:IPhone_15_Pro.jpeg","CC BY-SA 4.0","metadata audit; not a complete visual or rights verification"
"x-phone-iphone-xr","iPhone XR","/assets/hardware/device-new-device-1.webp","iPhone 15 Pro","reference","false","https://commons.wikimedia.org/wiki/File:IPhone_15_Pro.jpeg","CC BY-SA 4.0","metadata audit; not a complete visual or rights verification"
"x-phone-iphone-xs","iPhone XS","/assets/hardware/device-new-device-1.webp","iPhone 15 Pro","reference","false","https://commons.wikimedia.org/wiki/File:IPhone_15_Pro.jpeg","CC BY-SA 4.0","metadata audit; not a complete visual or rights verification"
"x-phone-iphone-xs-max","iPhone XS Max","/assets/hardware/device-new-device-1.webp","iPhone 15 Pro","reference","false","https://commons.wikimedia.org/wiki/File:IPhone_15_Pro.jpeg","CC BY-SA 4.0","metadata audit; not a complete visual or rights verification"
"x-phone-iphone-11","iPhone 11","/assets/hardware/device-new-device-1.webp","iPhone 15 Pro","reference","false","https://commons.wikimedia.org/wiki/File:IPhone_15_Pro.jpeg","CC BY-SA 4.0","metadata audit; not a complete visual or rights verification"
"x-phone-iphone-11-pro","iPhone 11 Pro","/assets/hardware/device-new-device-1.webp","iPhone 15 Pro","reference","false","https://commons.wikimedia.org/wiki/File:IPhone_15_Pro.jpeg","CC BY-SA 4.0","metadata audit; not a complete visual or rights verification"
"x-phone-iphone-11-pro-max","iPhone 11 Pro Max","/assets/hardware/device-new-device-1.webp","iPhone 15 Pro","reference","false","https://commons.wikimedia.org/wiki/File:IPhone_15_Pro.jpeg","CC BY-SA 4.0","metadata audit; not a complete visual or rights verification"
"x-phone-iphone-se-2nd-generation","iPhone SE (2nd generation)","/assets/hardware/device-new-device-34.webp","Apple iPhone 4","reference","false","https://commons.wikimedia.org/wiki/File:IPhone_4_Mini-SIM_Extracted.jpg","CC BY-SA 4.0","metadata audit; not a complete visual or rights verification"
"x-phone-iphone-12-mini","iPhone 12 mini","/assets/hardware/device-new-device-1.webp","iPhone 15 Pro","reference","false","https://commons.wikimedia.org/wiki/File:IPhone_15_Pro.jpeg","CC BY-SA 4.0","metadata audit; not a complete visual or rights verification"
"x-phone-iphone-12","iPhone 12","/assets/hardware/device-new-device-1.webp","iPhone 15 Pro","reference","false","https://commons.wikimedia.org/wiki/File:IPhone_15_Pro.jpeg","CC BY-SA 4.0","metadata audit; not a complete visual or rights verification"
"x-phone-iphone-12-pro-max","iPhone 12 Pro Max","/assets/hardware/device-new-device-1.webp","iPhone 15 Pro","reference","false","https://commons.wikimedia.org/wiki/File:IPhone_15_Pro.jpeg","CC BY-SA 4.0","metadata audit; not a complete visual or rights verification"
"x-phone-iphone-13-mini","iPhone 13 mini","/assets/hardware/device-new-device-1.webp","iPhone 15 Pro","reference","false","https://commons.wikimedia.org/wiki/File:IPhone_15_Pro.jpeg","CC BY-SA 4.0","metadata audit; not a complete visual or rights verification"
"x-phone-iphone-13","iPhone 13","/assets/hardware/device-new-device-1.webp","iPhone 15 Pro","reference","false","https://commons.wikimedia.org/wiki/File:IPhone_15_Pro.jpeg","CC BY-SA 4.0","metadata audit; not a complete visual or rights verification"
"x-phone-iphone-13-pro-max","iPhone 13 Pro Max","/assets/hardware/device-new-device-1.webp","iPhone 15 Pro","reference","false","https://commons.wikimedia.org/wiki/File:IPhone_15_Pro.jpeg","CC BY-SA 4.0","metadata audit; not a complete visual or rights verification"
"x-phone-iphone-se-3rd-generation","iPhone SE (3rd generation)","/assets/hardware/device-new-device-34.webp","Apple iPhone 4","reference","false","https://commons.wikimedia.org/wiki/File:IPhone_4_Mini-SIM_Extracted.jpg","CC BY-SA 4.0","metadata audit; not a complete visual or rights verification"
"x-phone-iphone-14","iPhone 14","/assets/hardware/device-new-device-1.webp","iPhone 15 Pro","reference","false","https://commons.wikimedia.org/wiki/File:IPhone_15_Pro.jpeg","CC BY-SA 4.0","metadata audit; not a complete visual or rights verification"
"x-phone-iphone-14-plus","iPhone 14 Plus","/assets/hardware/device-new-device-1.webp","iPhone 15 Pro","reference","false","https://commons.wikimedia.org/wiki/File:IPhone_15_Pro.jpeg","CC BY-SA 4.0","metadata audit; not a complete visual or rights verification"
"x-phone-iphone-14-pro-max","iPhone 14 Pro Max","/assets/hardware/device-new-device-1.webp","iPhone 15 Pro","reference","false","https://commons.wikimedia.org/wiki/File:IPhone_15_Pro.jpeg","CC BY-SA 4.0","metadata audit; not a complete visual or rights verification"
"x-phone-iphone-15","iPhone 15","/assets/hardware/device-new-device-1.webp","iPhone 15 Pro","reference","false","https://commons.wikimedia.org/wiki/File:IPhone_15_Pro.jpeg","CC BY-SA 4.0","metadata audit; not a complete visual or rights verification"
"x-phone-iphone-15-plus","iPhone 15 Plus","/assets/hardware/device-new-device-1.webp","iPhone 15 Pro","reference","false","https://commons.wikimedia.org/wiki/File:IPhone_15_Pro.jpeg","CC BY-SA 4.0","metadata audit; not a complete visual or rights verification"
"x-phone-iphone-15-pro-max","iPhone 15 Pro Max","/assets/hardware/device-new-device-1.webp","iPhone 15 Pro","family","false","https://commons.wikimedia.org/wiki/File:IPhone_15_Pro.jpeg","CC BY-SA 4.0","metadata audit; not a complete visual or rights verification"
"x-phone-iphone-16","iPhone 16","/assets/hardware/device-new-device-1.webp","iPhone 15 Pro","reference","false","https://commons.wikimedia.org/wiki/File:IPhone_15_Pro.jpeg","CC BY-SA 4.0","metadata audit; not a complete visual or rights verification"
"x-phone-iphone-16-plus","iPhone 16 Plus","/assets/hardware/device-new-device-1.webp","iPhone 15 Pro","reference","false","https://commons.wikimedia.org/wiki/File:IPhone_15_Pro.jpeg","CC BY-SA 4.0","metadata audit; not a complete visual or rights verification"
"x-phone-iphone-16-pro-max","iPhone 16 Pro Max","/assets/hardware/device-new-device-1.webp","iPhone 15 Pro","reference","false","https://commons.wikimedia.org/wiki/File:IPhone_15_Pro.jpeg","CC BY-SA 4.0","metadata audit; not a complete visual or rights verification"
"x-phone-iphone-16e","iPhone 16e","/assets/hardware/device-new-device-1.webp","iPhone 15 Pro","reference","false","https://commons.wikimedia.org/wiki/File:IPhone_15_Pro.jpeg","CC BY-SA 4.0","metadata audit; not a complete visual or rights verification"
"x-phone-iphone-17","iPhone 17","/assets/hardware/device-new-device-1.webp","iPhone 15 Pro","reference","false","https://commons.wikimedia.org/wiki/File:IPhone_15_Pro.jpeg","CC BY-SA 4.0","metadata audit; not a complete visual or rights verification"
"x-phone-iphone-air","iPhone Air","/assets/hardware/device-new-device-1.webp","iPhone 15 Pro","reference","false","https://commons.wikimedia.org/wiki/File:IPhone_15_Pro.jpeg","CC BY-SA 4.0","metadata audit; not a complete visual or rights verification"
"x-phone-iphone-17-pro","iPhone 17 Pro","/assets/hardware/device-new-device-1.webp","iPhone 15 Pro","reference","false","https://commons.wikimedia.org/wiki/File:IPhone_15_Pro.jpeg","CC BY-SA 4.0","metadata audit; not a complete visual or rights verification"
"x-phone-iphone-17-pro-max","iPhone 17 Pro Max","/assets/hardware/device-new-device-1.webp","iPhone 15 Pro","reference","false","https://commons.wikimedia.org/wiki/File:IPhone_15_Pro.jpeg","CC BY-SA 4.0","metadata audit; not a complete visual or rights verification"
"x-phone-iphone-17e","iPhone 17e","/assets/hardware/device-new-device-1.webp","iPhone 15 Pro","reference","false","https://commons.wikimedia.org/wiki/File:IPhone_15_Pro.jpeg","CC BY-SA 4.0","metadata audit; not a complete visual or rights verification"
"x-phone-samsung-galaxy-s","Samsung Galaxy S","/assets/hardware/device-new-device-2.webp","Samsung Galaxy S II (removable parts)","reference","false","https://commons.wikimedia.org/wiki/File:Samsung_Galaxy_S_2_and_its_removable_parts.jpg","CC0","metadata audit; not a complete visual or rights verification"
"x-phone-samsung-galaxy-s-ii","Samsung Galaxy S II","/assets/hardware/device-new-device-2.webp","Samsung Galaxy S II (removable parts)","exact","false","https://commons.wikimedia.org/wiki/File:Samsung_Galaxy_S_2_and_its_removable_parts.jpg","CC0","metadata audit; not a complete visual or rights verification"
"x-phone-samsung-galaxy-s-iii","Samsung Galaxy S III","/assets/hardware/device-new-device-2.webp","Samsung Galaxy S II (removable parts)","reference","false","https://commons.wikimedia.org/wiki/File:Samsung_Galaxy_S_2_and_its_removable_parts.jpg","CC0","metadata audit; not a complete visual or rights verification"
"x-phone-samsung-galaxy-s4","Samsung Galaxy S4","/assets/hardware/device-new-device-2.webp","Samsung Galaxy S II (removable parts)","reference","false","https://commons.wikimedia.org/wiki/File:Samsung_Galaxy_S_2_and_its_removable_parts.jpg","CC0","metadata audit; not a complete visual or rights verification"
"x-phone-samsung-galaxy-s5","Samsung Galaxy S5","/assets/hardware/device-new-device-2.webp","Samsung Galaxy S II (removable parts)","reference","false","https://commons.wikimedia.org/wiki/File:Samsung_Galaxy_S_2_and_its_removable_parts.jpg","CC0","metadata audit; not a complete visual or rights verification"
"x-phone-samsung-galaxy-s6","Samsung Galaxy S6","/assets/hardware/device-new-device-2.webp","Samsung Galaxy S II (removable parts)","reference","false","https://commons.wikimedia.org/wiki/File:Samsung_Galaxy_S_2_and_its_removable_parts.jpg","CC0","metadata audit; not a complete visual or rights verification"
"x-phone-samsung-galaxy-s6-edge","Samsung Galaxy S6 edge","/assets/hardware/device-new-device-2.webp","Samsung Galaxy S II (removable parts)","reference","false","https://commons.wikimedia.org/wiki/File:Samsung_Galaxy_S_2_and_its_removable_parts.jpg","CC0","metadata audit; not a complete visual or rights verification"
"x-phone-samsung-galaxy-s6-edge-2015","Samsung Galaxy S6 edge+","/assets/hardware/device-new-device-2.webp","Samsung Galaxy S II (removable parts)","reference","false","https://commons.wikimedia.org/wiki/File:Samsung_Galaxy_S_2_and_its_removable_parts.jpg","CC0","metadata audit; not a complete visual or rights verification"
"x-phone-samsung-galaxy-s7","Samsung Galaxy S7","/assets/hardware/device-new-device-2.webp","Samsung Galaxy S II (removable parts)","reference","false","https://commons.wikimedia.org/wiki/File:Samsung_Galaxy_S_2_and_its_removable_parts.jpg","CC0","metadata audit; not a complete visual or rights verification"
"x-phone-samsung-galaxy-s7-edge","Samsung Galaxy S7 edge","/assets/hardware/device-new-device-2.webp","Samsung Galaxy S II (removable parts)","reference","false","https://commons.wikimedia.org/wiki/File:Samsung_Galaxy_S_2_and_its_removable_parts.jpg","CC0","metadata audit; not a complete visual or rights verification"
"x-phone-samsung-galaxy-s8","Samsung Galaxy S8","/assets/hardware/device-new-device-4.webp","Samsung Galaxy S24","reference","false","https://commons.wikimedia.org/wiki/File:Samsung_Galaxy_S24,_Sperrbildschirm.JPG","CC BY-SA 4.0","metadata audit; not a complete visual or rights verification"
"x-phone-samsung-galaxy-s8-2017","Samsung Galaxy S8+","/assets/hardware/device-new-device-4.webp","Samsung Galaxy S24","reference","false","https://commons.wikimedia.org/wiki/File:Samsung_Galaxy_S24,_Sperrbildschirm.JPG","CC BY-SA 4.0","metadata audit; not a complete visual or rights verification"
"x-phone-samsung-galaxy-s9","Samsung Galaxy S9","/assets/hardware/device-new-device-4.webp","Samsung Galaxy S24","reference","false","https://commons.wikimedia.org/wiki/File:Samsung_Galaxy_S24,_Sperrbildschirm.JPG","CC BY-SA 4.0","metadata audit; not a complete visual or rights verification"
"x-phone-samsung-galaxy-s9-2018","Samsung Galaxy S9+","/assets/hardware/device-new-device-4.webp","Samsung Galaxy S24","reference","false","https://commons.wikimedia.org/wiki/File:Samsung_Galaxy_S24,_Sperrbildschirm.JPG","CC BY-SA 4.0","metadata audit; not a complete visual or rights verification"
"x-phone-samsung-galaxy-s10e","Samsung Galaxy S10e","/assets/hardware/device-new-device-4.webp","Samsung Galaxy S24","reference","false","https://commons.wikimedia.org/wiki/File:Samsung_Galaxy_S24,_Sperrbildschirm.JPG","CC BY-SA 4.0","metadata audit; not a complete visual or rights verification"
"x-phone-samsung-galaxy-s10","Samsung Galaxy S10","/assets/hardware/device-new-device-4.webp","Samsung Galaxy S24","reference","false","https://commons.wikimedia.org/wiki/File:Samsung_Galaxy_S24,_Sperrbildschirm.JPG","CC BY-SA 4.0","metadata audit; not a complete visual or rights verification"
"x-phone-samsung-galaxy-s10-2019","Samsung Galaxy S10+","/assets/hardware/device-new-device-4.webp","Samsung Galaxy S24","reference","false","https://commons.wikimedia.org/wiki/File:Samsung_Galaxy_S24,_Sperrbildschirm.JPG","CC BY-SA 4.0","metadata audit; not a complete visual or rights verification"
"x-phone-samsung-galaxy-s10-5g","Samsung Galaxy S10 5G","/assets/hardware/device-new-device-4.webp","Samsung Galaxy S24","reference","false","https://commons.wikimedia.org/wiki/File:Samsung_Galaxy_S24,_Sperrbildschirm.JPG","CC BY-SA 4.0","metadata audit; not a complete visual or rights verification"
"x-phone-samsung-galaxy-s20","Samsung Galaxy S20","/assets/hardware/device-new-device-4.webp","Samsung Galaxy S24","reference","false","https://commons.wikimedia.org/wiki/File:Samsung_Galaxy_S24,_Sperrbildschirm.JPG","CC BY-SA 4.0","metadata audit; not a complete visual or rights verification"
"x-phone-samsung-galaxy-s20-2020","Samsung Galaxy S20+","/assets/hardware/device-new-device-4.webp","Samsung Galaxy S24","reference","false","https://commons.wikimedia.org/wiki/File:Samsung_Galaxy_S24,_Sperrbildschirm.JPG","CC BY-SA 4.0","metadata audit; not a complete visual or rights verification"
"x-phone-samsung-galaxy-s20-ultra","Samsung Galaxy S20 Ultra","/assets/hardware/device-new-device-4.webp","Samsung Galaxy S24","reference","false","https://commons.wikimedia.org/wiki/File:Samsung_Galaxy_S24,_Sperrbildschirm.JPG","CC BY-SA 4.0","metadata audit; not a complete visual or rights verification"
"x-phone-samsung-galaxy-s20-fe","Samsung Galaxy S20 FE","/assets/hardware/device-new-device-4.webp","Samsung Galaxy S24","reference","false","https://commons.wikimedia.org/wiki/File:Samsung_Galaxy_S24,_Sperrbildschirm.JPG","CC BY-SA 4.0","metadata audit; not a complete visual or rights verification"
"x-phone-samsung-galaxy-s21","Samsung Galaxy S21","/assets/hardware/device-new-device-4.webp","Samsung Galaxy S24","reference","false","https://commons.wikimedia.org/wiki/File:Samsung_Galaxy_S24,_Sperrbildschirm.JPG","CC BY-SA 4.0","metadata audit; not a complete visual or rights verification"
"x-phone-samsung-galaxy-s21-2021","Samsung Galaxy S21+","/assets/hardware/device-new-device-4.webp","Samsung Galaxy S24","reference","false","https://commons.wikimedia.org/wiki/File:Samsung_Galaxy_S24,_Sperrbildschirm.JPG","CC BY-SA 4.0","metadata audit; not a complete visual or rights verification"
"x-phone-samsung-galaxy-s21-ultra","Samsung Galaxy S21 Ultra","/assets/hardware/device-new-device-4.webp","Samsung Galaxy S24","reference","false","https://commons.wikimedia.org/wiki/File:Samsung_Galaxy_S24,_Sperrbildschirm.JPG","CC BY-SA 4.0","metadata audit; not a complete visual or rights verification"
"x-phone-samsung-galaxy-s21-fe","Samsung Galaxy S21 FE","/assets/hardware/device-new-device-4.webp","Samsung Galaxy S24","reference","false","https://commons.wikimedia.org/wiki/File:Samsung_Galaxy_S24,_Sperrbildschirm.JPG","CC BY-SA 4.0","metadata audit; not a complete visual or rights verification"
"x-phone-samsung-galaxy-s22","Samsung Galaxy S22","/assets/hardware/device-new-device-4.webp","Samsung Galaxy S24","reference","false","https://commons.wikimedia.org/wiki/File:Samsung_Galaxy_S24,_Sperrbildschirm.JPG","CC BY-SA 4.0","metadata audit; not a complete visual or rights verification"
"x-phone-samsung-galaxy-s22-2022","Samsung Galaxy S22+","/assets/hardware/device-new-device-4.webp","Samsung Galaxy S24","reference","false","https://commons.wikimedia.org/wiki/File:Samsung_Galaxy_S24,_Sperrbildschirm.JPG","CC BY-SA 4.0","metadata audit; not a complete visual or rights verification"
"x-phone-samsung-galaxy-s23","Samsung Galaxy S23","/assets/hardware/device-new-device-4.webp","Samsung Galaxy S24","reference","false","https://commons.wikimedia.org/wiki/File:Samsung_Galaxy_S24,_Sperrbildschirm.JPG","CC BY-SA 4.0","metadata audit; not a complete visual or rights verification"
"x-phone-samsung-galaxy-s23-2023","Samsung Galaxy S23+","/assets/hardware/device-new-device-4.webp","Samsung Galaxy S24","reference","false","https://commons.wikimedia.org/wiki/File:Samsung_Galaxy_S24,_Sperrbildschirm.JPG","CC BY-SA 4.0","metadata audit; not a complete visual or rights verification"
"x-phone-samsung-galaxy-s23-fe","Samsung Galaxy S23 FE","/assets/hardware/device-new-device-4.webp","Samsung Galaxy S24","reference","false","https://commons.wikimedia.org/wiki/File:Samsung_Galaxy_S24,_Sperrbildschirm.JPG","CC BY-SA 4.0","metadata audit; not a complete visual or rights verification"
"x-phone-samsung-galaxy-s24","Samsung Galaxy S24","/assets/hardware/device-new-device-4.webp","Samsung Galaxy S24","exact","true","https://commons.wikimedia.org/wiki/File:Samsung_Galaxy_S24,_Sperrbildschirm.JPG","CC BY-SA 4.0","metadata audit; not a complete visual or rights verification"
"x-phone-samsung-galaxy-s24-2024","Samsung Galaxy S24+","/assets/hardware/device-new-device-4.webp","Samsung Galaxy S24","family","true","https://commons.wikimedia.org/wiki/File:Samsung_Galaxy_S24,_Sperrbildschirm.JPG","CC BY-SA 4.0","metadata audit; not a complete visual or rights verification"
"x-phone-samsung-galaxy-s24-fe","Samsung Galaxy S24 FE","/assets/hardware/device-new-device-4.webp","Samsung Galaxy S24","family","false","https://commons.wikimedia.org/wiki/File:Samsung_Galaxy_S24,_Sperrbildschirm.JPG","CC BY-SA 4.0","metadata audit; not a complete visual or rights verification"
"x-phone-samsung-galaxy-s25","Samsung Galaxy S25","/assets/hardware/device-new-device-4.webp","Samsung Galaxy S24","reference","false","https://commons.wikimedia.org/wiki/File:Samsung_Galaxy_S24,_Sperrbildschirm.JPG","CC BY-SA 4.0","metadata audit; not a complete visual or rights verification"
"x-phone-samsung-galaxy-s25-2025","Samsung Galaxy S25+","/assets/hardware/device-new-device-4.webp","Samsung Galaxy S24","reference","false","https://commons.wikimedia.org/wiki/File:Samsung_Galaxy_S24,_Sperrbildschirm.JPG","CC BY-SA 4.0","metadata audit; not a complete visual or rights verification"
"x-phone-samsung-galaxy-s25-edge","Samsung Galaxy S25 Edge","/assets/hardware/device-new-device-4.webp","Samsung Galaxy S24","reference","false","https://commons.wikimedia.org/wiki/File:Samsung_Galaxy_S24,_Sperrbildschirm.JPG","CC BY-SA 4.0","metadata audit; not a complete visual or rights verification"
"x-phone-samsung-galaxy-s26","Samsung Galaxy S26","/assets/hardware/device-new-device-4.webp","Samsung Galaxy S24","reference","false","https://commons.wikimedia.org/wiki/File:Samsung_Galaxy_S24,_Sperrbildschirm.JPG","CC BY-SA 4.0","metadata audit; not a complete visual or rights verification"
"x-phone-samsung-galaxy-s26-2026","Samsung Galaxy S26+","/assets/hardware/device-new-device-4.webp","Samsung Galaxy S24","reference","false","https://commons.wikimedia.org/wiki/File:Samsung_Galaxy_S24,_Sperrbildschirm.JPG","CC BY-SA 4.0","metadata audit; not a complete visual or rights verification"
"x-phone-samsung-galaxy-s26-ultra","Samsung Galaxy S26 Ultra","/assets/hardware/device-new-device-4.webp","Samsung Galaxy S24","reference","false","https://commons.wikimedia.org/wiki/File:Samsung_Galaxy_S24,_Sperrbildschirm.JPG","CC BY-SA 4.0","metadata audit; not a complete visual or rights verification"
"x-phone-samsung-galaxy-note","Samsung Galaxy Note","/assets/hardware/device-new-device-2.webp","Samsung Galaxy S II (removable parts)","reference","false","https://commons.wikimedia.org/wiki/File:Samsung_Galaxy_S_2_and_its_removable_parts.jpg","CC0","metadata audit; not a complete visual or rights verification"
"x-phone-samsung-galaxy-note-ii","Samsung Galaxy Note II","/assets/hardware/device-new-device-2.webp","Samsung Galaxy S II (removable parts)","reference","false","https://commons.wikimedia.org/wiki/File:Samsung_Galaxy_S_2_and_its_removable_parts.jpg","CC0","metadata audit; not a complete visual or rights verification"
"x-phone-samsung-galaxy-note-3","Samsung Galaxy Note 3","/assets/hardware/device-new-device-2.webp","Samsung Galaxy S II (removable parts)","reference","false","https://commons.wikimedia.org/wiki/File:Samsung_Galaxy_S_2_and_its_removable_parts.jpg","CC0","metadata audit; not a complete visual or rights verification"
"x-phone-samsung-galaxy-note-4","Samsung Galaxy Note 4","/assets/hardware/device-new-device-2.webp","Samsung Galaxy S II (removable parts)","reference","false","https://commons.wikimedia.org/wiki/File:Samsung_Galaxy_S_2_and_its_removable_parts.jpg","CC0","metadata audit; not a complete visual or rights verification"
"x-phone-samsung-galaxy-note-edge","Samsung Galaxy Note Edge","/assets/hardware/device-new-device-2.webp","Samsung Galaxy S II (removable parts)","reference","false","https://commons.wikimedia.org/wiki/File:Samsung_Galaxy_S_2_and_its_removable_parts.jpg","CC0","metadata audit; not a complete visual or rights verification"
"x-phone-samsung-galaxy-note5","Samsung Galaxy Note5","/assets/hardware/device-new-device-2.webp","Samsung Galaxy S II (removable parts)","reference","false","https://commons.wikimedia.org/wiki/File:Samsung_Galaxy_S_2_and_its_removable_parts.jpg","CC0","metadata audit; not a complete visual or rights verification"
"x-phone-samsung-galaxy-note7","Samsung Galaxy Note7","/assets/hardware/device-new-device-2.webp","Samsung Galaxy S II (removable parts)","reference","false","https://commons.wikimedia.org/wiki/File:Samsung_Galaxy_S_2_and_its_removable_parts.jpg","CC0","metadata audit; not a complete visual or rights verification"
"x-phone-samsung-galaxy-note8","Samsung Galaxy Note8","/assets/hardware/device-new-device-4.webp","Samsung Galaxy S24","reference","false","https://commons.wikimedia.org/wiki/File:Samsung_Galaxy_S24,_Sperrbildschirm.JPG","CC BY-SA 4.0","metadata audit; not a complete visual or rights verification"
"x-phone-samsung-galaxy-note9","Samsung Galaxy Note9","/assets/hardware/device-new-device-4.webp","Samsung Galaxy S24","reference","false","https://commons.wikimedia.org/wiki/File:Samsung_Galaxy_S24,_Sperrbildschirm.JPG","CC BY-SA 4.0","metadata audit; not a complete visual or rights verification"
"x-phone-samsung-galaxy-note10","Samsung Galaxy Note10","/assets/hardware/device-new-device-4.webp","Samsung Galaxy S24","reference","false","https://commons.wikimedia.org/wiki/File:Samsung_Galaxy_S24,_Sperrbildschirm.JPG","CC BY-SA 4.0","metadata audit; not a complete visual or rights verification"
"x-phone-samsung-galaxy-note10-2019","Samsung Galaxy Note10+","/assets/hardware/device-new-device-4.webp","Samsung Galaxy S24","reference","false","https://commons.wikimedia.org/wiki/File:Samsung_Galaxy_S24,_Sperrbildschirm.JPG","CC BY-SA 4.0","metadata audit; not a complete visual or rights verification"
"x-phone-samsung-galaxy-note20","Samsung Galaxy Note20","/assets/hardware/device-new-device-4.webp","Samsung Galaxy S24","reference","false","https://commons.wikimedia.org/wiki/File:Samsung_Galaxy_S24,_Sperrbildschirm.JPG","CC BY-SA 4.0","metadata audit; not a complete visual or rights verification"
"x-phone-samsung-galaxy-note20-ultra","Samsung Galaxy Note20 Ultra","/assets/hardware/device-new-device-4.webp","Samsung Galaxy S24","reference","false","https://commons.wikimedia.org/wiki/File:Samsung_Galaxy_S24,_Sperrbildschirm.JPG","CC BY-SA 4.0","metadata audit; not a complete visual or rights verification"
"x-phone-samsung-galaxy-fold","Samsung Galaxy Fold","/assets/hardware/device-new-device-7.webp","Samsung Galaxy Z Fold 5","reference","false","https://commons.wikimedia.org/wiki/File:Samsung_Galaxy_Fold_5.jpg","CC BY-SA 4.0","metadata audit; not a complete visual or rights verification"
"x-phone-samsung-galaxy-z-fold2","Samsung Galaxy Z Fold2","/assets/hardware/device-new-device-7.webp","Samsung Galaxy Z Fold 5","reference","false","https://commons.wikimedia.org/wiki/File:Samsung_Galaxy_Fold_5.jpg","CC BY-SA 4.0","metadata audit; not a complete visual or rights verification"
"x-phone-samsung-galaxy-z-fold3","Samsung Galaxy Z Fold3","/assets/hardware/device-new-device-7.webp","Samsung Galaxy Z Fold 5","reference","false","https://commons.wikimedia.org/wiki/File:Samsung_Galaxy_Fold_5.jpg","CC BY-SA 4.0","metadata audit; not a complete visual or rights verification"
"x-phone-samsung-galaxy-z-fold4","Samsung Galaxy Z Fold4","/assets/hardware/device-new-device-7.webp","Samsung Galaxy Z Fold 5","reference","false","https://commons.wikimedia.org/wiki/File:Samsung_Galaxy_Fold_5.jpg","CC BY-SA 4.0","metadata audit; not a complete visual or rights verification"
"x-phone-samsung-galaxy-z-fold5","Samsung Galaxy Z Fold5","/assets/hardware/device-new-device-7.webp","Samsung Galaxy Z Fold 5","exact","true","https://commons.wikimedia.org/wiki/File:Samsung_Galaxy_Fold_5.jpg","CC BY-SA 4.0","metadata audit; not a complete visual or rights verification"
"x-phone-samsung-galaxy-z-fold6","Samsung Galaxy Z Fold6","/assets/hardware/device-new-device-7.webp","Samsung Galaxy Z Fold 5","reference","false","https://commons.wikimedia.org/wiki/File:Samsung_Galaxy_Fold_5.jpg","CC BY-SA 4.0","metadata audit; not a complete visual or rights verification"
"x-phone-samsung-galaxy-z-fold7","Samsung Galaxy Z Fold7","/assets/hardware/device-new-device-7.webp","Samsung Galaxy Z Fold 5","reference","false","https://commons.wikimedia.org/wiki/File:Samsung_Galaxy_Fold_5.jpg","CC BY-SA 4.0","metadata audit; not a complete visual or rights verification"
"x-phone-samsung-galaxy-fold8","Samsung Galaxy Fold8","/assets/hardware/device-new-device-7.webp","Samsung Galaxy Z Fold 5","reference","false","https://commons.wikimedia.org/wiki/File:Samsung_Galaxy_Fold_5.jpg","CC BY-SA 4.0","metadata audit; not a complete visual or rights verification"
"x-phone-samsung-galaxy-z-flip","Samsung Galaxy Z Flip","/assets/hardware/device-new-device-42.webp","Samsung Galaxy Z Flip5","reference","false","https://commons.wikimedia.org/wiki/File:20230729_%EC%82%BC%EC%84%B1_%EA%B0%A4%EB%9F%AD%EC%8B%9C_Z_%ED%94%8C%EB%A6%BD5_%ED%8E%BC%EC%B9%9C%EC%83%81%ED%83%9C.jpg","CC BY-SA 3.0","metadata audit; not a complete visual or rights verification"
"x-phone-samsung-galaxy-z-flip-5g","Samsung Galaxy Z Flip 5G","/assets/hardware/device-new-device-42.webp","Samsung Galaxy Z Flip5","reference","false","https://commons.wikimedia.org/wiki/File:20230729_%EC%82%BC%EC%84%B1_%EA%B0%A4%EB%9F%AD%EC%8B%9C_Z_%ED%94%8C%EB%A6%BD5_%ED%8E%BC%EC%B9%9C%EC%83%81%ED%83%9C.jpg","CC BY-SA 3.0","metadata audit; not a complete visual or rights verification"
"x-phone-samsung-galaxy-z-flip3","Samsung Galaxy Z Flip3","/assets/hardware/device-new-device-42.webp","Samsung Galaxy Z Flip5","reference","false","https://commons.wikimedia.org/wiki/File:20230729_%EC%82%BC%EC%84%B1_%EA%B0%A4%EB%9F%AD%EC%8B%9C_Z_%ED%94%8C%EB%A6%BD5_%ED%8E%BC%EC%B9%9C%EC%83%81%ED%83%9C.jpg","CC BY-SA 3.0","metadata audit; not a complete visual or rights verification"
"x-phone-samsung-galaxy-z-flip4","Samsung Galaxy Z Flip4","/assets/hardware/device-new-device-42.webp","Samsung Galaxy Z Flip5","reference","false","https://commons.wikimedia.org/wiki/File:20230729_%EC%82%BC%EC%84%B1_%EA%B0%A4%EB%9F%AD%EC%8B%9C_Z_%ED%94%8C%EB%A6%BD5_%ED%8E%BC%EC%B9%9C%EC%83%81%ED%83%9C.jpg","CC BY-SA 3.0","metadata audit; not a complete visual or rights verification"
"x-phone-samsung-galaxy-z-flip5","Samsung Galaxy Z Flip5","/assets/hardware/device-new-device-42.webp","Samsung Galaxy Z Flip5","exact","true","https://commons.wikimedia.org/wiki/File:20230729_%EC%82%BC%EC%84%B1_%EA%B0%A4%EB%9F%AD%EC%8B%9C_Z_%ED%94%8C%EB%A6%BD5_%ED%8E%BC%EC%B9%9C%EC%83%81%ED%83%9C.jpg","CC BY-SA 3.0","metadata audit; not a complete visual or rights verification"
"x-phone-samsung-galaxy-z-flip6","Samsung Galaxy Z Flip6","/assets/hardware/device-new-device-42.webp","Samsung Galaxy Z Flip5","reference","false","https://commons.wikimedia.org/wiki/File:20230729_%EC%82%BC%EC%84%B1_%EA%B0%A4%EB%9F%AD%EC%8B%9C_Z_%ED%94%8C%EB%A6%BD5_%ED%8E%BC%EC%B9%9C%EC%83%81%ED%83%9C.jpg","CC BY-SA 3.0","metadata audit; not a complete visual or rights verification"
"x-phone-samsung-galaxy-z-flip7","Samsung Galaxy Z Flip7","/assets/hardware/device-new-device-42.webp","Samsung Galaxy Z Flip5","reference","false","https://commons.wikimedia.org/wiki/File:20230729_%EC%82%BC%EC%84%B1_%EA%B0%A4%EB%9F%AD%EC%8B%9C_Z_%ED%94%8C%EB%A6%BD5_%ED%8E%BC%EC%B9%9C%EC%83%81%ED%83%9C.jpg","CC BY-SA 3.0","metadata audit; not a complete visual or rights verification"
"x-phone-samsung-galaxy-z-flip8","Samsung Galaxy Z Flip8","/assets/hardware/device-new-device-42.webp","Samsung Galaxy Z Flip5","reference","false","https://commons.wikimedia.org/wiki/File:20230729_%EC%82%BC%EC%84%B1_%EA%B0%A4%EB%9F%AD%EC%8B%9C_Z_%ED%94%8C%EB%A6%BD5_%ED%8E%BC%EC%B9%9C%EC%83%81%ED%83%9C.jpg","CC BY-SA 3.0","metadata audit; not a complete visual or rights verification"
"x-phone-samsung-galaxy-z-trifold","Samsung Galaxy Z TriFold","/assets/hardware/device-new-device-7.webp","Samsung Galaxy Z Fold 5","reference","false","https://commons.wikimedia.org/wiki/File:Samsung_Galaxy_Fold_5.jpg","CC BY-SA 4.0","metadata audit; not a complete visual or rights verification"
"x-phone-google-pixel","Google Pixel","/assets/hardware/device-new-device-5.webp","Google Pixel and Pixel XL","exact","false","https://commons.wikimedia.org/wiki/File:Google_Pixel_and_Pixel_XL_smartphones_(30155272575).jpg","CC BY 2.0","metadata audit; not a complete visual or rights verification"
"x-phone-google-pixel-xl","Google Pixel XL","/assets/hardware/device-new-device-5.webp","Google Pixel and Pixel XL","exact","false","https://commons.wikimedia.org/wiki/File:Google_Pixel_and_Pixel_XL_smartphones_(30155272575).jpg","CC BY 2.0","metadata audit; not a complete visual or rights verification"
"x-phone-google-pixel-2","Google Pixel 2","/assets/hardware/device-new-device-5.webp","Google Pixel and Pixel XL","reference","false","https://commons.wikimedia.org/wiki/File:Google_Pixel_and_Pixel_XL_smartphones_(30155272575).jpg","CC BY 2.0","metadata audit; not a complete visual or rights verification"
"x-phone-google-pixel-2-xl","Google Pixel 2 XL","/assets/hardware/device-new-device-5.webp","Google Pixel and Pixel XL","reference","false","https://commons.wikimedia.org/wiki/File:Google_Pixel_and_Pixel_XL_smartphones_(30155272575).jpg","CC BY 2.0","metadata audit; not a complete visual or rights verification"
"x-phone-google-pixel-3","Google Pixel 3","/assets/hardware/device-new-device-5.webp","Google Pixel and Pixel XL","reference","false","https://commons.wikimedia.org/wiki/File:Google_Pixel_and_Pixel_XL_smartphones_(30155272575).jpg","CC BY 2.0","metadata audit; not a complete visual or rights verification"
"x-phone-google-pixel-3-xl","Google Pixel 3 XL","/assets/hardware/device-new-device-5.webp","Google Pixel and Pixel XL","reference","false","https://commons.wikimedia.org/wiki/File:Google_Pixel_and_Pixel_XL_smartphones_(30155272575).jpg","CC BY 2.0","metadata audit; not a complete visual or rights verification"
"x-phone-google-pixel-3a","Google Pixel 3a","/assets/hardware/device-new-device-5.webp","Google Pixel and Pixel XL","reference","false","https://commons.wikimedia.org/wiki/File:Google_Pixel_and_Pixel_XL_smartphones_(30155272575).jpg","CC BY 2.0","metadata audit; not a complete visual or rights verification"
"x-phone-google-pixel-4","Google Pixel 4","/assets/hardware/device-new-device-5.webp","Google Pixel and Pixel XL","reference","false","https://commons.wikimedia.org/wiki/File:Google_Pixel_and_Pixel_XL_smartphones_(30155272575).jpg","CC BY 2.0","metadata audit; not a complete visual or rights verification"
"x-phone-google-pixel-4-xl","Google Pixel 4 XL","/assets/hardware/device-new-device-5.webp","Google Pixel and Pixel XL","reference","false","https://commons.wikimedia.org/wiki/File:Google_Pixel_and_Pixel_XL_smartphones_(30155272575).jpg","CC BY 2.0","metadata audit; not a complete visual or rights verification"
"x-phone-google-pixel-4a","Google Pixel 4a","/assets/hardware/device-new-device-5.webp","Google Pixel and Pixel XL","reference","false","https://commons.wikimedia.org/wiki/File:Google_Pixel_and_Pixel_XL_smartphones_(30155272575).jpg","CC BY 2.0","metadata audit; not a complete visual or rights verification"
"x-phone-google-pixel-5","Google Pixel 5","/assets/hardware/device-new-device-5.webp","Google Pixel and Pixel XL","reference","false","https://commons.wikimedia.org/wiki/File:Google_Pixel_and_Pixel_XL_smartphones_(30155272575).jpg","CC BY 2.0","metadata audit; not a complete visual or rights verification"
"x-phone-google-pixel-5a","Google Pixel 5a","/assets/hardware/device-new-device-3.webp","Pixel 8","reference","false","https://commons.wikimedia.org/wiki/File:Google_Pixel_8,_shown_in_Shibuya_Stream_2.jpg","CC0","metadata audit; not a complete visual or rights verification"
"x-phone-google-pixel-6","Google Pixel 6","/assets/hardware/device-new-device-3.webp","Pixel 8","reference","false","https://commons.wikimedia.org/wiki/File:Google_Pixel_8,_shown_in_Shibuya_Stream_2.jpg","CC0","metadata audit; not a complete visual or rights verification"
"x-phone-google-pixel-6-pro","Google Pixel 6 Pro","/assets/hardware/device-new-device-35.webp","Google Pixel 8 Pro","reference","false","https://commons.wikimedia.org/wiki/File:Google_Pixel_8_Pro,_shown_in_Shibuya_Stream_2.jpg","CC0","metadata audit; not a complete visual or rights verification"
"x-phone-google-pixel-6a","Google Pixel 6a","/assets/hardware/device-new-device-3.webp","Pixel 8","reference","false","https://commons.wikimedia.org/wiki/File:Google_Pixel_8,_shown_in_Shibuya_Stream_2.jpg","CC0","metadata audit; not a complete visual or rights verification"
"x-phone-google-pixel-7","Google Pixel 7","/assets/hardware/device-new-device-3.webp","Pixel 8","reference","false","https://commons.wikimedia.org/wiki/File:Google_Pixel_8,_shown_in_Shibuya_Stream_2.jpg","CC0","metadata audit; not a complete visual or rights verification"
"x-phone-google-pixel-7a","Google Pixel 7a","/assets/hardware/device-new-device-3.webp","Pixel 8","reference","false","https://commons.wikimedia.org/wiki/File:Google_Pixel_8,_shown_in_Shibuya_Stream_2.jpg","CC0","metadata audit; not a complete visual or rights verification"
"x-phone-google-pixel-8","Google Pixel 8","/assets/hardware/device-new-device-3.webp","Pixel 8","exact","false","https://commons.wikimedia.org/wiki/File:Google_Pixel_8,_shown_in_Shibuya_Stream_2.jpg","CC0","metadata audit; not a complete visual or rights verification"
"x-phone-google-pixel-8a","Google Pixel 8a","/assets/hardware/device-new-device-3.webp","Pixel 8","family","false","https://commons.wikimedia.org/wiki/File:Google_Pixel_8,_shown_in_Shibuya_Stream_2.jpg","CC0","metadata audit; not a complete visual or rights verification"
"x-phone-google-pixel-9","Google Pixel 9","/assets/hardware/device-new-device-3.webp","Pixel 8","reference","false","https://commons.wikimedia.org/wiki/File:Google_Pixel_8,_shown_in_Shibuya_Stream_2.jpg","CC0","metadata audit; not a complete visual or rights verification"
"x-phone-google-pixel-9-pro-xl","Google Pixel 9 Pro XL","/assets/hardware/device-new-device-35.webp","Google Pixel 8 Pro","reference","false","https://commons.wikimedia.org/wiki/File:Google_Pixel_8_Pro,_shown_in_Shibuya_Stream_2.jpg","CC0","metadata audit; not a complete visual or rights verification"
"x-phone-google-pixel-9a","Google Pixel 9a","/assets/hardware/device-new-device-3.webp","Pixel 8","reference","false","https://commons.wikimedia.org/wiki/File:Google_Pixel_8,_shown_in_Shibuya_Stream_2.jpg","CC0","metadata audit; not a complete visual or rights verification"
"x-phone-google-pixel-10","Google Pixel 10","/assets/hardware/device-new-device-3.webp","Pixel 8","reference","false","https://commons.wikimedia.org/wiki/File:Google_Pixel_8,_shown_in_Shibuya_Stream_2.jpg","CC0","metadata audit; not a complete visual or rights verification"
"x-phone-google-pixel-10-pro","Google Pixel 10 Pro","/assets/hardware/device-new-device-35.webp","Google Pixel 8 Pro","reference","false","https://commons.wikimedia.org/wiki/File:Google_Pixel_8_Pro,_shown_in_Shibuya_Stream_2.jpg","CC0","metadata audit; not a complete visual or rights verification"
"x-phone-google-pixel-10-pro-xl","Google Pixel 10 Pro XL","/assets/hardware/device-new-device-35.webp","Google Pixel 8 Pro","reference","false","https://commons.wikimedia.org/wiki/File:Google_Pixel_8_Pro,_shown_in_Shibuya_Stream_2.jpg","CC0","metadata audit; not a complete visual or rights verification"
"x-phone-oneplus-one","OnePlus One","/assets/hardware/device-new-device-6.webp","OnePlus One 64GB","exact","false","https://commons.wikimedia.org/wiki/File:Oneplus_One_64GB_UK.jpg","CC BY-SA 4.0","metadata audit; not a complete visual or rights verification"
"x-phone-oneplus-2","OnePlus 2","/assets/hardware/device-new-device-6.webp","OnePlus One 64GB","reference","false","https://commons.wikimedia.org/wiki/File:Oneplus_One_64GB_UK.jpg","CC BY-SA 4.0","metadata audit; not a complete visual or rights verification"
"x-phone-oneplus-3","OnePlus 3","/assets/hardware/device-new-device-6.webp","OnePlus One 64GB","reference","false","https://commons.wikimedia.org/wiki/File:Oneplus_One_64GB_UK.jpg","CC BY-SA 4.0","metadata audit; not a complete visual or rights verification"
"x-phone-oneplus-3t","OnePlus 3T","/assets/hardware/device-new-device-6.webp","OnePlus One 64GB","reference","false","https://commons.wikimedia.org/wiki/File:Oneplus_One_64GB_UK.jpg","CC BY-SA 4.0","metadata audit; not a complete visual or rights verification"
"x-phone-oneplus-5","OnePlus 5","/assets/hardware/device-new-device-6.webp","OnePlus One 64GB","reference","false","https://commons.wikimedia.org/wiki/File:Oneplus_One_64GB_UK.jpg","CC BY-SA 4.0","metadata audit; not a complete visual or rights verification"
"x-phone-oneplus-5t","OnePlus 5T","/assets/hardware/device-new-device-6.webp","OnePlus One 64GB","reference","false","https://commons.wikimedia.org/wiki/File:Oneplus_One_64GB_UK.jpg","CC BY-SA 4.0","metadata audit; not a complete visual or rights verification"
"x-phone-oneplus-6","OnePlus 6","/assets/hardware/device-new-device-6.webp","OnePlus One 64GB","reference","false","https://commons.wikimedia.org/wiki/File:Oneplus_One_64GB_UK.jpg","CC BY-SA 4.0","metadata audit; not a complete visual or rights verification"
"x-phone-oneplus-6t","OnePlus 6T","/assets/hardware/device-new-device-6.webp","OnePlus One 64GB","reference","false","https://commons.wikimedia.org/wiki/File:Oneplus_One_64GB_UK.jpg","CC BY-SA 4.0","metadata audit; not a complete visual or rights verification"
"x-phone-oneplus-7-pro","OnePlus 7 Pro","/assets/hardware/device-new-device-6.webp","OnePlus One 64GB","reference","false","https://commons.wikimedia.org/wiki/File:Oneplus_One_64GB_UK.jpg","CC BY-SA 4.0","metadata audit; not a complete visual or rights verification"
"x-phone-oneplus-7t","OnePlus 7T","/assets/hardware/device-new-device-6.webp","OnePlus One 64GB","reference","false","https://commons.wikimedia.org/wiki/File:Oneplus_One_64GB_UK.jpg","CC BY-SA 4.0","metadata audit; not a complete visual or rights verification"
"x-phone-oneplus-8-pro","OnePlus 8 Pro","/assets/hardware/device-new-device-6.webp","OnePlus One 64GB","reference","false","https://commons.wikimedia.org/wiki/File:Oneplus_One_64GB_UK.jpg","CC BY-SA 4.0","metadata audit; not a complete visual or rights verification"
"x-phone-oneplus-8t","OnePlus 8T","/assets/hardware/device-new-device-6.webp","OnePlus One 64GB","reference","false","https://commons.wikimedia.org/wiki/File:Oneplus_One_64GB_UK.jpg","CC BY-SA 4.0","metadata audit; not a complete visual or rights verification"
"x-phone-oneplus-9-pro","OnePlus 9 Pro","/assets/hardware/device-new-device-6.webp","OnePlus One 64GB","reference","false","https://commons.wikimedia.org/wiki/File:Oneplus_One_64GB_UK.jpg","CC BY-SA 4.0","metadata audit; not a complete visual or rights verification"
"x-phone-oneplus-10-pro","OnePlus 10 Pro","/assets/hardware/device-new-device-6.webp","OnePlus One 64GB","reference","false","https://commons.wikimedia.org/wiki/File:Oneplus_One_64GB_UK.jpg","CC BY-SA 4.0","metadata audit; not a complete visual or rights verification"
"x-phone-oneplus-11","OnePlus 11","/assets/hardware/device-new-device-6.webp","OnePlus One 64GB","reference","false","https://commons.wikimedia.org/wiki/File:Oneplus_One_64GB_UK.jpg","CC BY-SA 4.0","metadata audit; not a complete visual or rights verification"
"x-phone-oneplus-12","OnePlus 12","/assets/hardware/device-new-device-6.webp","OnePlus One 64GB","reference","false","https://commons.wikimedia.org/wiki/File:Oneplus_One_64GB_UK.jpg","CC BY-SA 4.0","metadata audit; not a complete visual or rights verification"
"x-phone-oneplus-13","OnePlus 13","/assets/hardware/device-new-device-6.webp","OnePlus One 64GB","reference","false","https://commons.wikimedia.org/wiki/File:Oneplus_One_64GB_UK.jpg","CC BY-SA 4.0","metadata audit; not a complete visual or rights verification"
"x-phone-oneplus-open","OnePlus Open","/assets/hardware/device-new-device-6.webp","OnePlus One 64GB","reference","false","https://commons.wikimedia.org/wiki/File:Oneplus_One_64GB_UK.jpg","CC BY-SA 4.0","metadata audit; not a complete visual or rights verification"
"x-console-nintendo-color-tv-game","Nintendo Color TV-Game","/assets/hardware/device-new-device-19.webp","Nintendo Entertainment System","reference","false","https://commons.wikimedia.org/wiki/File:NES-Console-Set.png","Public domain","metadata audit; not a complete visual or rights verification"
"x-console-nintendo-entertainment-system","Nintendo Entertainment System","/assets/hardware/device-new-device-19.webp","Nintendo Entertainment System","exact","true","https://commons.wikimedia.org/wiki/File:NES-Console-Set.png","Public domain","metadata audit; not a complete visual or rights verification"
"x-console-game-boy","Game Boy","/assets/hardware/device-new-device-21.webp","Nintendo Game Boy","exact","false","https://commons.wikimedia.org/wiki/File:Game-Boy-FL.png","Public domain","metadata audit; not a complete visual or rights verification"
"x-console-super-nintendo-entertainment-system","Super Nintendo Entertainment System","/assets/hardware/device-new-device-19.webp","Nintendo Entertainment System","reference","false","https://commons.wikimedia.org/wiki/File:NES-Console-Set.png","Public domain","metadata audit; not a complete visual or rights verification"
"x-console-virtual-boy","Virtual Boy","/assets/hardware/device-new-device-19.webp","Nintendo Entertainment System","reference","false","https://commons.wikimedia.org/wiki/File:NES-Console-Set.png","Public domain","metadata audit; not a complete visual or rights verification"
"x-console-nintendo-64","Nintendo 64","/assets/hardware/device-new-device-17.webp","Nintendo 64","exact","true","https://commons.wikimedia.org/wiki/File:Nintendo-64-wController-L.jpg","Public domain","metadata audit; not a complete visual or rights verification"
"x-console-game-boy-color","Game Boy Color","/assets/hardware/device-new-device-21.webp","Nintendo Game Boy","reference","false","https://commons.wikimedia.org/wiki/File:Game-Boy-FL.png","Public domain","metadata audit; not a complete visual or rights verification"
"x-console-game-boy-advance","Game Boy Advance","/assets/hardware/device-new-device-21.webp","Nintendo Game Boy","reference","false","https://commons.wikimedia.org/wiki/File:Game-Boy-FL.png","Public domain","metadata audit; not a complete visual or rights verification"
"x-console-nintendo-gamecube","Nintendo GameCube","/assets/hardware/device-new-device-17.webp","Nintendo 64","reference","false","https://commons.wikimedia.org/wiki/File:Nintendo-64-wController-L.jpg","Public domain","metadata audit; not a complete visual or rights verification"
"x-console-nintendo-ds","Nintendo DS","/assets/hardware/device-new-device-18.webp","Nintendo DS","exact","true","https://commons.wikimedia.org/wiki/File:Nintendo-DS-Fat-Blue.png","Public domain","metadata audit; not a complete visual or rights verification"
"x-console-nintendo-ds-lite","Nintendo DS Lite","/assets/hardware/device-new-device-18.webp","Nintendo DS","reference","false","https://commons.wikimedia.org/wiki/File:Nintendo-DS-Fat-Blue.png","Public domain","metadata audit; not a complete visual or rights verification"
"x-console-nintendo-dsi","Nintendo DSi","/assets/hardware/device-new-device-18.webp","Nintendo DS","reference","false","https://commons.wikimedia.org/wiki/File:Nintendo-DS-Fat-Blue.png","Public domain","metadata audit; not a complete visual or rights verification"
"x-console-nintendo-3ds","Nintendo 3DS","/assets/hardware/device-new-device-18.webp","Nintendo DS","reference","false","https://commons.wikimedia.org/wiki/File:Nintendo-DS-Fat-Blue.png","Public domain","metadata audit; not a complete visual or rights verification"
"x-console-nintendo-2ds","Nintendo 2DS","/assets/hardware/device-new-device-18.webp","Nintendo DS","reference","false","https://commons.wikimedia.org/wiki/File:Nintendo-DS-Fat-Blue.png","Public domain","metadata audit; not a complete visual or rights verification"
"x-console-new-nintendo-3ds","New Nintendo 3DS","/assets/hardware/device-new-device-18.webp","Nintendo DS","reference","false","https://commons.wikimedia.org/wiki/File:Nintendo-DS-Fat-Blue.png","Public domain","metadata audit; not a complete visual or rights verification"
"x-console-playstation","PlayStation","/assets/hardware/device-new-device-8.webp","Sony PS one","reference","false","https://commons.wikimedia.org/wiki/File:PSone-Console-Set-NoLCD.png","CC BY-SA 3.0","metadata audit; not a complete visual or rights verification"
"x-console-ps-one","PS one","/assets/hardware/device-new-device-8.webp","Sony PS one","exact","true","https://commons.wikimedia.org/wiki/File:PSone-Console-Set-NoLCD.png","CC BY-SA 3.0","metadata audit; not a complete visual or rights verification"
"x-console-psx","PSX","/assets/hardware/device-new-device-10.webp","PlayStation 2 original and Slim","reference","false","https://commons.wikimedia.org/wiki/File:PS2-Versions.png","Public domain","metadata audit; not a complete visual or rights verification"
"x-console-psp-1000","PSP-1000","/assets/hardware/device-new-device-24.webp","Sony PSP-1000","exact","true","https://commons.wikimedia.org/wiki/File:PSP-1000.png","CC BY-SA 3.0","metadata audit; not a complete visual or rights verification"
"x-console-psp-2000","PSP-2000","/assets/hardware/device-new-device-24.webp","Sony PSP-1000","family","false","https://commons.wikimedia.org/wiki/File:PSP-1000.png","CC BY-SA 3.0","metadata audit; not a complete visual or rights verification"
"x-console-psp-3000","PSP-3000","/assets/hardware/device-new-device-24.webp","Sony PSP-1000","family","false","https://commons.wikimedia.org/wiki/File:PSP-1000.png","CC BY-SA 3.0","metadata audit; not a complete visual or rights verification"
"x-console-psp-go","PSP Go","/assets/hardware/device-new-device-24.webp","Sony PSP-1000","reference","false","https://commons.wikimedia.org/wiki/File:PSP-1000.png","CC BY-SA 3.0","metadata audit; not a complete visual or rights verification"
"x-console-playstation-vita","PlayStation Vita","/assets/hardware/device-new-device-24.webp","Sony PSP-1000","reference","false","https://commons.wikimedia.org/wiki/File:PSP-1000.png","CC BY-SA 3.0","metadata audit; not a complete visual or rights verification"
"x-console-playstation-tv","PlayStation TV","/assets/hardware/device-new-device-8.webp","Sony PS one","reference","false","https://commons.wikimedia.org/wiki/File:PSone-Console-Set-NoLCD.png","CC BY-SA 3.0","metadata audit; not a complete visual or rights verification"
"x-console-playstation-classic","PlayStation Classic","/assets/hardware/device-new-device-8.webp","Sony PS one","reference","false","https://commons.wikimedia.org/wiki/File:PSone-Console-Set-NoLCD.png","CC BY-SA 3.0","metadata audit; not a complete visual or rights verification"
"x-console-playstation-5-slim","PlayStation 5 Slim","/assets/hardware/device-new-device-12.webp","Sony PlayStation 5 original disc edition","family","false","https://commons.wikimedia.org/wiki/File:Black_and_white_Playstation_5_base_edition_with_controller.png","CC0","metadata audit; not a complete visual or rights verification"
"x-console-sg-1000","SG-1000","/assets/hardware/device-new-device-23.webp","Sega Mega Drive (Japanese model)","reference","false","https://commons.wikimedia.org/wiki/File:Sega-Mega-Drive-JP-Mk1-Console-Set.jpg","Public domain","metadata audit; not a complete visual or rights verification"
"x-console-sega-master-system","Sega Master System","/assets/hardware/device-new-device-23.webp","Sega Mega Drive (Japanese model)","reference","false","https://commons.wikimedia.org/wiki/File:Sega-Mega-Drive-JP-Mk1-Console-Set.jpg","Public domain","metadata audit; not a complete visual or rights verification"
"x-console-sega-genesis","Sega Genesis","/assets/hardware/device-new-device-23.webp","Sega Mega Drive (Japanese model)","family","false","https://commons.wikimedia.org/wiki/File:Sega-Mega-Drive-JP-Mk1-Console-Set.jpg","Public domain","metadata audit; not a complete visual or rights verification"
"x-console-sega-game-gear","Sega Game Gear","/assets/hardware/device-new-device-23.webp","Sega Mega Drive (Japanese model)","reference","false","https://commons.wikimedia.org/wiki/File:Sega-Mega-Drive-JP-Mk1-Console-Set.jpg","Public domain","metadata audit; not a complete visual or rights verification"
"x-console-sega-cd","Sega CD","/assets/hardware/device-new-device-23.webp","Sega Mega Drive (Japanese model)","reference","false","https://commons.wikimedia.org/wiki/File:Sega-Mega-Drive-JP-Mk1-Console-Set.jpg","Public domain","metadata audit; not a complete visual or rights verification"
"x-console-sega-32x","Sega 32X","/assets/hardware/device-new-device-23.webp","Sega Mega Drive (Japanese model)","reference","false","https://commons.wikimedia.org/wiki/File:Sega-Mega-Drive-JP-Mk1-Console-Set.jpg","Public domain","metadata audit; not a complete visual or rights verification"
"x-console-sega-saturn","Sega Saturn","/assets/hardware/device-new-device-23.webp","Sega Mega Drive (Japanese model)","reference","false","https://commons.wikimedia.org/wiki/File:Sega-Mega-Drive-JP-Mk1-Console-Set.jpg","Public domain","metadata audit; not a complete visual or rights verification"
"x-console-sega-dreamcast","Sega Dreamcast","/assets/hardware/device-new-device-26.webp","Dreamcast","exact","false","https://commons.wikimedia.org/wiki/File:Dreamcast-Console-Set.png","CC BY-SA 3.0","metadata audit; not a complete visual or rights verification"
"x-console-atari-pong-home","Atari Pong Home","/assets/hardware/device-new-device-25.webp","Atari 2600","reference","false","https://commons.wikimedia.org/wiki/File:Atari-2600-Wood-4Sw-Set.png","Public domain","metadata audit; not a complete visual or rights verification"
"x-console-atari-2600","Atari 2600","/assets/hardware/device-new-device-25.webp","Atari 2600","exact","true","https://commons.wikimedia.org/wiki/File:Atari-2600-Wood-4Sw-Set.png","Public domain","metadata audit; not a complete visual or rights verification"
"x-console-atari-5200","Atari 5200","/assets/hardware/device-new-device-25.webp","Atari 2600","reference","false","https://commons.wikimedia.org/wiki/File:Atari-2600-Wood-4Sw-Set.png","Public domain","metadata audit; not a complete visual or rights verification"
"x-console-atari-7800","Atari 7800","/assets/hardware/device-new-device-25.webp","Atari 2600","reference","false","https://commons.wikimedia.org/wiki/File:Atari-2600-Wood-4Sw-Set.png","Public domain","metadata audit; not a complete visual or rights verification"
"x-console-atari-xegs","Atari XEGS","/assets/hardware/device-new-device-25.webp","Atari 2600","reference","false","https://commons.wikimedia.org/wiki/File:Atari-2600-Wood-4Sw-Set.png","Public domain","metadata audit; not a complete visual or rights verification"
"x-console-atari-lynx","Atari Lynx","/assets/hardware/device-new-device-25.webp","Atari 2600","reference","false","https://commons.wikimedia.org/wiki/File:Atari-2600-Wood-4Sw-Set.png","Public domain","metadata audit; not a complete visual or rights verification"
"x-console-atari-jaguar","Atari Jaguar","/assets/hardware/device-new-device-25.webp","Atari 2600","reference","false","https://commons.wikimedia.org/wiki/File:Atari-2600-Wood-4Sw-Set.png","Public domain","metadata audit; not a complete visual or rights verification"
"x-console-atari-vcs","Atari VCS","/assets/hardware/device-new-device-25.webp","Atari 2600","reference","false","https://commons.wikimedia.org/wiki/File:Atari-2600-Wood-4Sw-Set.png","Public domain","metadata audit; not a complete visual or rights verification"
"x-console-xbox-360-s","Xbox 360 S","/assets/hardware/device-new-device-13.webp","Xbox 360 Pro","family","false","https://commons.wikimedia.org/wiki/File:Xbox-360-Pro-wController.jpg","Public domain","metadata audit; not a complete visual or rights verification"
"x-console-xbox-360-e","Xbox 360 E","/assets/hardware/device-new-device-13.webp","Xbox 360 Pro","family","false","https://commons.wikimedia.org/wiki/File:Xbox-360-Pro-wController.jpg","Public domain","metadata audit; not a complete visual or rights verification"
"x-console-xbox-series-x-2-tb-galaxy-black","Xbox Series X 2 TB Galaxy Black","/assets/hardware/device-new-device-14.webp","Xbox Series X","family","false","https://commons.wikimedia.org/wiki/File:Xbox_Series_X_mit_Controller_(transparent_background).png","CC BY 4.0","metadata audit; not a complete visual or rights verification"
"x-console-xbox-series-x-digital-edition","Xbox Series X Digital Edition","/assets/hardware/device-new-device-14.webp","Xbox Series X","family","false","https://commons.wikimedia.org/wiki/File:Xbox_Series_X_mit_Controller_(transparent_background).png","CC BY 4.0","metadata audit; not a complete visual or rights verification"
"x-case-corsair-obsidian-900d","CORSAIR Obsidian 900D","/assets/hardware/component-new-case-corsair.jpg","Corsair 4000D Airflow","reference","false","https://commons.wikimedia.org/wiki/File:Corsair_4000D_Airflow_mid-tower_ATX_case.tif","CC BY-SA 4.0","metadata audit; not a complete visual or rights verification"
"x-case-corsair-obsidian-1000d","CORSAIR Obsidian 1000D","/assets/hardware/component-new-case-corsair.jpg","Corsair 4000D Airflow","reference","false","https://commons.wikimedia.org/wiki/File:Corsair_4000D_Airflow_mid-tower_ATX_case.tif","CC BY-SA 4.0","metadata audit; not a complete visual or rights verification"
"x-case-corsair-4000d-airflow","CORSAIR 4000D Airflow","/assets/hardware/component-new-case-corsair.jpg","Corsair 4000D Airflow","exact","true","https://commons.wikimedia.org/wiki/File:Corsair_4000D_Airflow_mid-tower_ATX_case.tif","CC BY-SA 4.0","metadata audit; not a complete visual or rights verification"
"x-case-corsair-5000d-airflow","CORSAIR 5000D Airflow","/assets/hardware/component-new-case-corsair.jpg","Corsair 4000D Airflow","family","false","https://commons.wikimedia.org/wiki/File:Corsair_4000D_Airflow_mid-tower_ATX_case.tif","CC BY-SA 4.0","metadata audit; not a complete visual or rights verification"
"x-case-corsair-7000d-airflow","CORSAIR 7000D Airflow","/assets/hardware/component-new-case-corsair.jpg","Corsair 4000D Airflow","family","false","https://commons.wikimedia.org/wiki/File:Corsair_4000D_Airflow_mid-tower_ATX_case.tif","CC BY-SA 4.0","metadata audit; not a complete visual or rights verification"
"x-case-corsair-2500d-airflow","CORSAIR 2500D Airflow","/assets/hardware/component-new-case-corsair.jpg","Corsair 4000D Airflow","family","false","https://commons.wikimedia.org/wiki/File:Corsair_4000D_Airflow_mid-tower_ATX_case.tif","CC BY-SA 4.0","metadata audit; not a complete visual or rights verification"
"x-case-corsair-3500x","CORSAIR 3500X","/assets/hardware/component-new-case-corsair.jpg","Corsair 4000D Airflow","reference","false","https://commons.wikimedia.org/wiki/File:Corsair_4000D_Airflow_mid-tower_ATX_case.tif","CC BY-SA 4.0","metadata audit; not a complete visual or rights verification"
"x-case-corsair-6500x","CORSAIR 6500X","/assets/hardware/component-new-case-corsair.jpg","Corsair 4000D Airflow","reference","false","https://commons.wikimedia.org/wiki/File:Corsair_4000D_Airflow_mid-tower_ATX_case.tif","CC BY-SA 4.0","metadata audit; not a complete visual or rights verification"
"x-case-corsair-frame-4000d","CORSAIR FRAME 4000D","/assets/hardware/component-new-case-corsair.jpg","Corsair 4000D Airflow","family","false","https://commons.wikimedia.org/wiki/File:Corsair_4000D_Airflow_mid-tower_ATX_case.tif","CC BY-SA 4.0","metadata audit; not a complete visual or rights verification"
"x-case-fractal-design-define-r5","Fractal Design Define R5","/assets/hardware/component-new-case-fractal.jpg","Fractal Design Focus G","reference","false","https://commons.wikimedia.org/wiki/File:Fractal_Design_Focus_G.jpg","CC BY-SA 4.0","metadata audit; not a complete visual or rights verification"
"x-case-fractal-design-define-7","Fractal Design Define 7","/assets/hardware/component-new-case-fractal.jpg","Fractal Design Focus G","reference","false","https://commons.wikimedia.org/wiki/File:Fractal_Design_Focus_G.jpg","CC BY-SA 4.0","metadata audit; not a complete visual or rights verification"
"x-case-fractal-design-meshify-c","Fractal Design Meshify C","/assets/hardware/component-new-case-fractal.jpg","Fractal Design Focus G","reference","false","https://commons.wikimedia.org/wiki/File:Fractal_Design_Focus_G.jpg","CC BY-SA 4.0","metadata audit; not a complete visual or rights verification"
"x-case-fractal-design-meshify-2","Fractal Design Meshify 2","/assets/hardware/component-new-case-fractal.jpg","Fractal Design Focus G","reference","false","https://commons.wikimedia.org/wiki/File:Fractal_Design_Focus_G.jpg","CC BY-SA 4.0","metadata audit; not a complete visual or rights verification"
"x-case-fractal-design-north","Fractal Design North","/assets/hardware/component-new-case-fractal.jpg","Fractal Design Focus G","reference","false","https://commons.wikimedia.org/wiki/File:Fractal_Design_Focus_G.jpg","CC BY-SA 4.0","metadata audit; not a complete visual or rights verification"
"x-case-fractal-design-north-xl","Fractal Design North XL","/assets/hardware/component-new-case-fractal.jpg","Fractal Design Focus G","reference","false","https://commons.wikimedia.org/wiki/File:Fractal_Design_Focus_G.jpg","CC BY-SA 4.0","metadata audit; not a complete visual or rights verification"
"x-case-fractal-design-torrent","Fractal Design Torrent","/assets/hardware/component-new-case-fractal.jpg","Fractal Design Focus G","reference","false","https://commons.wikimedia.org/wiki/File:Fractal_Design_Focus_G.jpg","CC BY-SA 4.0","metadata audit; not a complete visual or rights verification"
"x-case-fractal-design-torrent-compact","Fractal Design Torrent Compact","/assets/hardware/component-new-case-fractal.jpg","Fractal Design Focus G","reference","false","https://commons.wikimedia.org/wiki/File:Fractal_Design_Focus_G.jpg","CC BY-SA 4.0","metadata audit; not a complete visual or rights verification"
"x-case-fractal-design-terra","Fractal Design Terra","/assets/hardware/component-new-case-itx.jpg","Cooler Master Elite Mini-ITX case","reference","false","https://commons.wikimedia.org/wiki/File:Cooler_Master_Elite_Midnight_Black_Mini-ITX_Case_1_2019-02-16.jpg","CC BY-SA 4.0","metadata audit; not a complete visual or rights verification"
"x-case-fractal-design-ridge","Fractal Design Ridge","/assets/hardware/component-new-case-itx.jpg","Cooler Master Elite Mini-ITX case","reference","false","https://commons.wikimedia.org/wiki/File:Cooler_Master_Elite_Midnight_Black_Mini-ITX_Case_1_2019-02-16.jpg","CC BY-SA 4.0","metadata audit; not a complete visual or rights verification"
"x-case-fractal-design-mood","Fractal Design Mood","/assets/hardware/component-new-case-fractal.jpg","Fractal Design Focus G","reference","false","https://commons.wikimedia.org/wiki/File:Fractal_Design_Focus_G.jpg","CC BY-SA 4.0","metadata audit; not a complete visual or rights verification"
"x-case-nzxt-h210","NZXT H210","/assets/hardware/component-new-case-itx.jpg","Cooler Master Elite Mini-ITX case","reference","false","https://commons.wikimedia.org/wiki/File:Cooler_Master_Elite_Midnight_Black_Mini-ITX_Case_1_2019-02-16.jpg","CC BY-SA 4.0","metadata audit; not a complete visual or rights verification"
"x-case-nzxt-h510","NZXT H510","/assets/hardware/component-new-case-nzxt.jpg","NZXT H500i","family","false","https://commons.wikimedia.org/wiki/File:NZXT_H500i_case_empty_10-13-2018.jpg","CC BY 4.0","metadata audit; not a complete visual or rights verification"
"x-case-nzxt-h510-flow","NZXT H510 Flow","/assets/hardware/component-new-case-nzxt.jpg","NZXT H500i","family","false","https://commons.wikimedia.org/wiki/File:NZXT_H500i_case_empty_10-13-2018.jpg","CC BY 4.0","metadata audit; not a complete visual or rights verification"
"x-case-nzxt-h5-flow","NZXT H5 Flow","/assets/hardware/component-new-case-nzxt.jpg","NZXT H500i","reference","false","https://commons.wikimedia.org/wiki/File:NZXT_H500i_case_empty_10-13-2018.jpg","CC BY 4.0","metadata audit; not a complete visual or rights verification"
"x-case-nzxt-h6-flow","NZXT H6 Flow","/assets/hardware/component-new-case-nzxt.jpg","NZXT H500i","reference","false","https://commons.wikimedia.org/wiki/File:NZXT_H500i_case_empty_10-13-2018.jpg","CC BY 4.0","metadata audit; not a complete visual or rights verification"
"x-case-nzxt-h7-flow","NZXT H7 Flow","/assets/hardware/component-new-case-nzxt.jpg","NZXT H500i","reference","false","https://commons.wikimedia.org/wiki/File:NZXT_H500i_case_empty_10-13-2018.jpg","CC BY 4.0","metadata audit; not a complete visual or rights verification"
"x-case-nzxt-h9-flow","NZXT H9 Flow","/assets/hardware/component-new-case-nzxt.jpg","NZXT H500i","reference","false","https://commons.wikimedia.org/wiki/File:NZXT_H500i_case_empty_10-13-2018.jpg","CC BY 4.0","metadata audit; not a complete visual or rights verification"
"x-case-nzxt-h9-elite","NZXT H9 Elite","/assets/hardware/component-new-case-nzxt.jpg","NZXT H500i","reference","false","https://commons.wikimedia.org/wiki/File:NZXT_H500i_case_empty_10-13-2018.jpg","CC BY 4.0","metadata audit; not a complete visual or rights verification"
"x-case-lian-li-pc-o11-dynamic","Lian Li PC-O11 Dynamic","/assets/hardware/component-new-case-lianli.jpg","Lian Li PC-O11 Dynamic","exact","true","https://commons.wikimedia.org/wiki/File:Lian_Li_PC-O11_Dynamic_20190601.jpg","CC BY-SA 4.0","metadata audit; not a complete visual or rights verification"
"x-case-lian-li-o11-dynamic-evo","Lian Li O11 Dynamic EVO","/assets/hardware/component-new-case-lianli.jpg","Lian Li PC-O11 Dynamic","family","false","https://commons.wikimedia.org/wiki/File:Lian_Li_PC-O11_Dynamic_20190601.jpg","CC BY-SA 4.0","metadata audit; not a complete visual or rights verification"
"x-case-lian-li-o11-dynamic-evo-xl","Lian Li O11 Dynamic EVO XL","/assets/hardware/component-new-case-lianli.jpg","Lian Li PC-O11 Dynamic","family","false","https://commons.wikimedia.org/wiki/File:Lian_Li_PC-O11_Dynamic_20190601.jpg","CC BY-SA 4.0","metadata audit; not a complete visual or rights verification"
"x-case-lian-li-lancool-ii-mesh","Lian Li LANCOOL II Mesh","/assets/hardware/component-new-case-lianli.jpg","Lian Li PC-O11 Dynamic","reference","false","https://commons.wikimedia.org/wiki/File:Lian_Li_PC-O11_Dynamic_20190601.jpg","CC BY-SA 4.0","metadata audit; not a complete visual or rights verification"
"x-case-lian-li-lancool-iii","Lian Li LANCOOL III","/assets/hardware/component-new-case-lianli.jpg","Lian Li PC-O11 Dynamic","reference","false","https://commons.wikimedia.org/wiki/File:Lian_Li_PC-O11_Dynamic_20190601.jpg","CC BY-SA 4.0","metadata audit; not a complete visual or rights verification"
"x-case-lian-li-lancool-216","Lian Li LANCOOL 216","/assets/hardware/component-new-case-lianli.jpg","Lian Li PC-O11 Dynamic","reference","false","https://commons.wikimedia.org/wiki/File:Lian_Li_PC-O11_Dynamic_20190601.jpg","CC BY-SA 4.0","metadata audit; not a complete visual or rights verification"
"x-case-lian-li-a4-h2o","Lian Li A4-H2O","/assets/hardware/component-new-case-lianli-itx.jpg","Lian Li TU150","reference","false","https://commons.wikimedia.org/wiki/File:Lian_Li_TU150_20190601.jpg","CC BY-SA 4.0","metadata audit; not a complete visual or rights verification"
"x-case-lian-li-dan-cases-a3","Lian Li DAN Cases A3","/assets/hardware/component-new-case-lianli.jpg","Lian Li PC-O11 Dynamic","reference","false","https://commons.wikimedia.org/wiki/File:Lian_Li_PC-O11_Dynamic_20190601.jpg","CC BY-SA 4.0","metadata audit; not a complete visual or rights verification"
"x-board-asus-p5b-deluxe","ASUS P5B Deluxe","/assets/hardware/component-new-board-gigabyte-turbo.jpg","GIGABYTE Turbo 3D motherboard","reference","false","https://commons.wikimedia.org/wiki/File:Gigabyte_turbo_3d_motherboard.jpg","CC BY-SA 4.0","metadata audit; not a complete visual or rights verification"
"x-board-asus-p5k-deluxe","ASUS P5K Deluxe","/assets/hardware/component-new-board-gigabyte-turbo.jpg","GIGABYTE Turbo 3D motherboard","reference","false","https://commons.wikimedia.org/wiki/File:Gigabyte_turbo_3d_motherboard.jpg","CC BY-SA 4.0","metadata audit; not a complete visual or rights verification"
"x-board-asus-p6t-deluxe","ASUS P6T Deluxe","/assets/hardware/component-new-board-gigabyte-turbo.jpg","GIGABYTE Turbo 3D motherboard","reference","false","https://commons.wikimedia.org/wiki/File:Gigabyte_turbo_3d_motherboard.jpg","CC BY-SA 4.0","metadata audit; not a complete visual or rights verification"
"x-board-asus-p8p67-deluxe","ASUS P8P67 Deluxe","/assets/hardware/component-new-board-gigabyte-turbo.jpg","GIGABYTE Turbo 3D motherboard","reference","false","https://commons.wikimedia.org/wiki/File:Gigabyte_turbo_3d_motherboard.jpg","CC BY-SA 4.0","metadata audit; not a complete visual or rights verification"
"x-board-asus-maximus-v-formula","ASUS Maximus V Formula","/assets/hardware/component-new-board-asus-rog.jpg","ASUS ROG Strix Z390-F Gaming","family","false","https://commons.wikimedia.org/wiki/File:Asus-ROG-Strix-Z390-F-Gaming-Motherboard_20201120_DSC6025.jpg","CC BY 4.0","metadata audit; not a complete visual or rights verification"
"x-board-asus-maximus-vi-hero","ASUS Maximus VI Hero","/assets/hardware/component-new-board-asus-rog.jpg","ASUS ROG Strix Z390-F Gaming","family","false","https://commons.wikimedia.org/wiki/File:Asus-ROG-Strix-Z390-F-Gaming-Motherboard_20201120_DSC6025.jpg","CC BY 4.0","metadata audit; not a complete visual or rights verification"
"x-board-asus-maximus-vii-hero","ASUS Maximus VII Hero","/assets/hardware/component-new-board-asus-rog.jpg","ASUS ROG Strix Z390-F Gaming","family","false","https://commons.wikimedia.org/wiki/File:Asus-ROG-Strix-Z390-F-Gaming-Motherboard_20201120_DSC6025.jpg","CC BY 4.0","metadata audit; not a complete visual or rights verification"
"x-board-asus-maximus-viii-hero","ASUS Maximus VIII Hero","/assets/hardware/component-new-board-asus-rog.jpg","ASUS ROG Strix Z390-F Gaming","family","false","https://commons.wikimedia.org/wiki/File:Asus-ROG-Strix-Z390-F-Gaming-Motherboard_20201120_DSC6025.jpg","CC BY 4.0","metadata audit; not a complete visual or rights verification"
"x-board-asus-maximus-ix-hero","ASUS Maximus IX Hero","/assets/hardware/component-new-board-asus-rog.jpg","ASUS ROG Strix Z390-F Gaming","family","false","https://commons.wikimedia.org/wiki/File:Asus-ROG-Strix-Z390-F-Gaming-Motherboard_20201120_DSC6025.jpg","CC BY 4.0","metadata audit; not a complete visual or rights verification"
"x-board-asus-rog-crosshair-vi-hero","ASUS ROG Crosshair VI Hero","/assets/hardware/component-new-board-asus-rog.jpg","ASUS ROG Strix Z390-F Gaming","family","false","https://commons.wikimedia.org/wiki/File:Asus-ROG-Strix-Z390-F-Gaming-Motherboard_20201120_DSC6025.jpg","CC BY 4.0","metadata audit; not a complete visual or rights verification"
"x-board-asus-rog-crosshair-vii-hero","ASUS ROG Crosshair VII Hero","/assets/hardware/component-new-board-asus-rog.jpg","ASUS ROG Strix Z390-F Gaming","family","false","https://commons.wikimedia.org/wiki/File:Asus-ROG-Strix-Z390-F-Gaming-Motherboard_20201120_DSC6025.jpg","CC BY 4.0","metadata audit; not a complete visual or rights verification"
"x-board-asus-rog-crosshair-viii-hero","ASUS ROG Crosshair VIII Hero","/assets/hardware/component-new-board-asus-rog.jpg","ASUS ROG Strix Z390-F Gaming","family","false","https://commons.wikimedia.org/wiki/File:Asus-ROG-Strix-Z390-F-Gaming-Motherboard_20201120_DSC6025.jpg","CC BY 4.0","metadata audit; not a complete visual or rights verification"
"x-board-asus-rog-maximus-x-hero","ASUS ROG Maximus X Hero","/assets/hardware/component-new-board-asus-rog.jpg","ASUS ROG Strix Z390-F Gaming","family","false","https://commons.wikimedia.org/wiki/File:Asus-ROG-Strix-Z390-F-Gaming-Motherboard_20201120_DSC6025.jpg","CC BY 4.0","metadata audit; not a complete visual or rights verification"
"x-board-asus-rog-maximus-xi-hero","ASUS ROG Maximus XI Hero","/assets/hardware/component-new-board-asus-rog.jpg","ASUS ROG Strix Z390-F Gaming","family","false","https://commons.wikimedia.org/wiki/File:Asus-ROG-Strix-Z390-F-Gaming-Motherboard_20201120_DSC6025.jpg","CC BY 4.0","metadata audit; not a complete visual or rights verification"
"x-board-asus-rog-maximus-xii-hero","ASUS ROG Maximus XII Hero","/assets/hardware/component-new-board-asus-rog.jpg","ASUS ROG Strix Z390-F Gaming","family","false","https://commons.wikimedia.org/wiki/File:Asus-ROG-Strix-Z390-F-Gaming-Motherboard_20201120_DSC6025.jpg","CC BY 4.0","metadata audit; not a complete visual or rights verification"
"x-board-asus-rog-maximus-xiii-hero","ASUS ROG Maximus XIII Hero","/assets/hardware/component-new-board-asus-rog.jpg","ASUS ROG Strix Z390-F Gaming","family","false","https://commons.wikimedia.org/wiki/File:Asus-ROG-Strix-Z390-F-Gaming-Motherboard_20201120_DSC6025.jpg","CC BY 4.0","metadata audit; not a complete visual or rights verification"
"x-board-gigabyte-ga-965p-ds3","GIGABYTE GA-965P-DS3","/assets/hardware/component-new-board-gigabyte-turbo.jpg","GIGABYTE Turbo 3D motherboard","reference","false","https://commons.wikimedia.org/wiki/File:Gigabyte_turbo_3d_motherboard.jpg","CC BY-SA 4.0","metadata audit; not a complete visual or rights verification"
"x-board-gigabyte-ga-p35-ds3r","GIGABYTE GA-P35-DS3R","/assets/hardware/component-new-board-gigabyte-turbo.jpg","GIGABYTE Turbo 3D motherboard","reference","false","https://commons.wikimedia.org/wiki/File:Gigabyte_turbo_3d_motherboard.jpg","CC BY-SA 4.0","metadata audit; not a complete visual or rights verification"
"x-board-gigabyte-ga-x58a-ud3r","GIGABYTE GA-X58A-UD3R","/assets/hardware/component-new-board-gigabyte-turbo.jpg","GIGABYTE Turbo 3D motherboard","reference","false","https://commons.wikimedia.org/wiki/File:Gigabyte_turbo_3d_motherboard.jpg","CC BY-SA 4.0","metadata audit; not a complete visual or rights verification"
"x-board-gigabyte-ga-z68x-ud3h-b3","GIGABYTE GA-Z68X-UD3H-B3","/assets/hardware/component-new-board-gigabyte-turbo.jpg","GIGABYTE Turbo 3D motherboard","reference","false","https://commons.wikimedia.org/wiki/File:Gigabyte_turbo_3d_motherboard.jpg","CC BY-SA 4.0","metadata audit; not a complete visual or rights verification"
"x-board-gigabyte-ga-z77x-ud5h","GIGABYTE GA-Z77X-UD5H","/assets/hardware/component-new-board-gigabyte-turbo.jpg","GIGABYTE Turbo 3D motherboard","reference","false","https://commons.wikimedia.org/wiki/File:Gigabyte_turbo_3d_motherboard.jpg","CC BY-SA 4.0","metadata audit; not a complete visual or rights verification"
"x-board-gigabyte-ga-z87x-ud3h","GIGABYTE GA-Z87X-UD3H","/assets/hardware/component-new-board-asus-rog.jpg","ASUS ROG Strix Z390-F Gaming","reference","false","https://commons.wikimedia.org/wiki/File:Asus-ROG-Strix-Z390-F-Gaming-Motherboard_20201120_DSC6025.jpg","CC BY 4.0","metadata audit; not a complete visual or rights verification"
"x-board-gigabyte-ga-z97x-gaming-7","GIGABYTE GA-Z97X-Gaming 7","/assets/hardware/component-new-board-asus-rog.jpg","ASUS ROG Strix Z390-F Gaming","reference","false","https://commons.wikimedia.org/wiki/File:Asus-ROG-Strix-Z390-F-Gaming-Motherboard_20201120_DSC6025.jpg","CC BY 4.0","metadata audit; not a complete visual or rights verification"
"x-board-gigabyte-ga-z170x-gaming-7","GIGABYTE GA-Z170X-Gaming 7","/assets/hardware/component-new-board-asus-rog.jpg","ASUS ROG Strix Z390-F Gaming","reference","false","https://commons.wikimedia.org/wiki/File:Asus-ROG-Strix-Z390-F-Gaming-Motherboard_20201120_DSC6025.jpg","CC BY 4.0","metadata audit; not a complete visual or rights verification"
"x-board-gigabyte-x299-aorus-gaming-9","GIGABYTE X299 AORUS Gaming 9","/assets/hardware/component-new-board-asus-rog.jpg","ASUS ROG Strix Z390-F Gaming","reference","false","https://commons.wikimedia.org/wiki/File:Asus-ROG-Strix-Z390-F-Gaming-Motherboard_20201120_DSC6025.jpg","CC BY 4.0","metadata audit; not a complete visual or rights verification"
"x-board-gigabyte-x399-aorus-gaming-7","GIGABYTE X399 AORUS Gaming 7","/assets/hardware/component-new-board-asus-rog.jpg","ASUS ROG Strix Z390-F Gaming","reference","false","https://commons.wikimedia.org/wiki/File:Asus-ROG-Strix-Z390-F-Gaming-Motherboard_20201120_DSC6025.jpg","CC BY 4.0","metadata audit; not a complete visual or rights verification"
"x-monitor-dell-ultrasharp-2001fp","Dell UltraSharp 2001FP","/assets/hardware/peripheral-new-peripheral-dell3008.jpg","Dell UltraSharp 3008WFP","reference","false","https://commons.wikimedia.org/wiki/File:Dell_3008WFP.jpg","CC BY 2.0","metadata audit; not a complete visual or rights verification"
"x-monitor-dell-ultrasharp-2405fpw","Dell UltraSharp 2405FPW","/assets/hardware/peripheral-new-peripheral-dell2405.jpg","Dell UltraSharp 2405FPW","exact","true","https://commons.wikimedia.org/wiki/File:Dell_2405FPW%2C_Tiger_screen_rotation_-_Flickr_-_Glenn_Gutierrez.jpg","CC BY 2.0","metadata audit; not a complete visual or rights verification"
"x-monitor-dell-ultrasharp-u2711","Dell UltraSharp U2711","/assets/hardware/peripheral-new-peripheral-dell3008.jpg","Dell UltraSharp 3008WFP","reference","false","https://commons.wikimedia.org/wiki/File:Dell_3008WFP.jpg","CC BY 2.0","metadata audit; not a complete visual or rights verification"
"x-monitor-dell-ultrasharp-u3011","Dell UltraSharp U3011","/assets/hardware/peripheral-new-peripheral-dell3008.jpg","Dell UltraSharp 3008WFP","reference","false","https://commons.wikimedia.org/wiki/File:Dell_3008WFP.jpg","CC BY 2.0","metadata audit; not a complete visual or rights verification"
"x-monitor-dell-ultrasharp-u2412m","Dell UltraSharp U2412M","/assets/hardware/peripheral-new-peripheral-dell3008.jpg","Dell UltraSharp 3008WFP","reference","false","https://commons.wikimedia.org/wiki/File:Dell_3008WFP.jpg","CC BY 2.0","metadata audit; not a complete visual or rights verification"
"x-monitor-dell-ultrasharp-up3218k","Dell UltraSharp UP3218K","/assets/hardware/peripheral-new-peripheral-dellwide.jpg","Dell UltraSharp U3415W","reference","false","https://commons.wikimedia.org/wiki/File:Dell_U3415W_%281%29.jpg","CC BY-SA 2.0","metadata audit; not a complete visual or rights verification"
"x-monitor-dell-alienware-aw3418dw","Dell Alienware AW3418DW","/assets/hardware/peripheral-new-peripheral-dellwide.jpg","Dell UltraSharp U3415W","reference","false","https://commons.wikimedia.org/wiki/File:Dell_U3415W_%281%29.jpg","CC BY-SA 2.0","metadata audit; not a complete visual or rights verification"
"x-monitor-dell-alienware-aw3423dw","Dell Alienware AW3423DW","/assets/hardware/peripheral-new-peripheral-dellwide.jpg","Dell UltraSharp U3415W","reference","false","https://commons.wikimedia.org/wiki/File:Dell_U3415W_%281%29.jpg","CC BY-SA 2.0","metadata audit; not a complete visual or rights verification"
"x-monitor-dell-alienware-aw3225qf","Dell Alienware AW3225QF","/assets/hardware/peripheral-new-peripheral-dellwide.jpg","Dell UltraSharp U3415W","reference","false","https://commons.wikimedia.org/wiki/File:Dell_U3415W_%281%29.jpg","CC BY-SA 2.0","metadata audit; not a complete visual or rights verification"
"x-monitor-dell-g2724d","Dell G2724D","/assets/hardware/peripheral-new-peripheral-dell3008.jpg","Dell UltraSharp 3008WFP","reference","false","https://commons.wikimedia.org/wiki/File:Dell_3008WFP.jpg","CC BY 2.0","metadata audit; not a complete visual or rights verification"
"x-monitor-asus-rog-swift-pg278q","ASUS ROG Swift PG278Q","/assets/hardware/peripheral-new-peripheral-asusrog.jpg","ASUS ROG Strix XG32VQR","reference","false","https://commons.wikimedia.org/wiki/File:ASUS_ROG_Strix_XG32VQR_monitor.jpg","CC BY-SA 4.0","metadata audit; not a complete visual or rights verification"
"x-monitor-asus-rog-swift-pg279q","ASUS ROG Swift PG279Q","/assets/hardware/peripheral-new-peripheral-asusrog.jpg","ASUS ROG Strix XG32VQR","reference","false","https://commons.wikimedia.org/wiki/File:ASUS_ROG_Strix_XG32VQR_monitor.jpg","CC BY-SA 4.0","metadata audit; not a complete visual or rights verification"
"x-monitor-asus-rog-swift-pg27uq","ASUS ROG Swift PG27UQ","/assets/hardware/peripheral-new-peripheral-asusrog.jpg","ASUS ROG Strix XG32VQR","reference","false","https://commons.wikimedia.org/wiki/File:ASUS_ROG_Strix_XG32VQR_monitor.jpg","CC BY-SA 4.0","metadata audit; not a complete visual or rights verification"
"x-monitor-asus-rog-swift-pg35vq","ASUS ROG Swift PG35VQ","/assets/hardware/peripheral-new-peripheral-asusrog.jpg","ASUS ROG Strix XG32VQR","reference","false","https://commons.wikimedia.org/wiki/File:ASUS_ROG_Strix_XG32VQR_monitor.jpg","CC BY-SA 4.0","metadata audit; not a complete visual or rights verification"
"x-monitor-asus-rog-swift-pg32uqx","ASUS ROG Swift PG32UQX","/assets/hardware/peripheral-new-peripheral-asusrog.jpg","ASUS ROG Strix XG32VQR","reference","false","https://commons.wikimedia.org/wiki/File:ASUS_ROG_Strix_XG32VQR_monitor.jpg","CC BY-SA 4.0","metadata audit; not a complete visual or rights verification"
"x-monitor-asus-rog-swift-pg42uq","ASUS ROG Swift PG42UQ","/assets/hardware/peripheral-new-peripheral-asusrog.jpg","ASUS ROG Strix XG32VQR","reference","false","https://commons.wikimedia.org/wiki/File:ASUS_ROG_Strix_XG32VQR_monitor.jpg","CC BY-SA 4.0","metadata audit; not a complete visual or rights verification"
"x-monitor-asus-rog-swift-pg27aqdm","ASUS ROG Swift PG27AQDM","/assets/hardware/peripheral-new-peripheral-asusrog.jpg","ASUS ROG Strix XG32VQR","reference","false","https://commons.wikimedia.org/wiki/File:ASUS_ROG_Strix_XG32VQR_monitor.jpg","CC BY-SA 4.0","metadata audit; not a complete visual or rights verification"
"x-monitor-asus-rog-swift-pg32ucdm","ASUS ROG Swift PG32UCDM","/assets/hardware/official-component-official-asus-pg32ucdm.optimized.jpg","ASUS ROG Swift OLED PG32UCDM","exact","false","https://rog.asus.com/monitors/27-to-31-5-inches/rog-swift-oled-pg32ucdm/","Manufacturer product image; copyright retained by the manufacturer","metadata audit; not a complete visual or rights verification"
"x-monitor-asus-rog-swift-pg27aqdp","ASUS ROG Swift PG27AQDP","/assets/hardware/official-component-official-asus-pg27aqdp.optimized.jpg","ASUS ROG Swift OLED PG27AQDP","exact","false","https://rog.asus.com/monitors/27-to-31-5-inches/rog-swift-oled-pg27aqdp/","Manufacturer product image; copyright retained by the manufacturer","metadata audit; not a complete visual or rights verification"
"x-monitor-asus-rog-strix-xg27aq","ASUS ROG Strix XG27AQ","/assets/hardware/peripheral-new-peripheral-asusrog.jpg","ASUS ROG Strix XG32VQR","family","false","https://commons.wikimedia.org/wiki/File:ASUS_ROG_Strix_XG32VQR_monitor.jpg","CC BY-SA 4.0","metadata audit; not a complete visual or rights verification"
"x-monitor-samsung-syncmaster-940bw","Samsung SyncMaster 940BW","/assets/hardware/peripheral-new-peripheral-syncmaster.jpg","Samsung SyncMaster 920BM","family","false","https://commons.wikimedia.org/wiki/File:Samsung_SyncMaster_920BM.jpg","CC BY-SA 2.0","metadata audit; not a complete visual or rights verification"
"x-monitor-samsung-chg90","Samsung CHG90","/assets/hardware/peripheral-new-peripheral-syncmaster.jpg","Samsung SyncMaster 920BM","reference","false","https://commons.wikimedia.org/wiki/File:Samsung_SyncMaster_920BM.jpg","CC BY-SA 2.0","metadata audit; not a complete visual or rights verification"
"x-monitor-samsung-odyssey-g7-27","Samsung Odyssey G7 27","/assets/hardware/peripheral-new-peripheral-syncmaster.jpg","Samsung SyncMaster 920BM","reference","false","https://commons.wikimedia.org/wiki/File:Samsung_SyncMaster_920BM.jpg","CC BY-SA 2.0","metadata audit; not a complete visual or rights verification"
"x-monitor-samsung-odyssey-g9","Samsung Odyssey G9","/assets/hardware/peripheral-new-peripheral-syncmaster.jpg","Samsung SyncMaster 920BM","reference","false","https://commons.wikimedia.org/wiki/File:Samsung_SyncMaster_920BM.jpg","CC BY-SA 2.0","metadata audit; not a complete visual or rights verification"
"x-monitor-samsung-odyssey-neo-g9-49","Samsung Odyssey Neo G9 49","/assets/hardware/peripheral-new-peripheral-syncmaster.jpg","Samsung SyncMaster 920BM","reference","false","https://commons.wikimedia.org/wiki/File:Samsung_SyncMaster_920BM.jpg","CC BY-SA 2.0","metadata audit; not a complete visual or rights verification"
"x-monitor-samsung-odyssey-neo-g9-57","Samsung Odyssey Neo G9 57","/assets/hardware/peripheral-new-peripheral-syncmaster.jpg","Samsung SyncMaster 920BM","reference","false","https://commons.wikimedia.org/wiki/File:Samsung_SyncMaster_920BM.jpg","CC BY-SA 2.0","metadata audit; not a complete visual or rights verification"
"x-monitor-samsung-odyssey-oled-g8","Samsung Odyssey OLED G8","/assets/hardware/peripheral-new-peripheral-syncmaster.jpg","Samsung SyncMaster 920BM","reference","false","https://commons.wikimedia.org/wiki/File:Samsung_SyncMaster_920BM.jpg","CC BY-SA 2.0","metadata audit; not a complete visual or rights verification"
"x-monitor-samsung-odyssey-oled-g9","Samsung Odyssey OLED G9","/assets/hardware/peripheral-new-peripheral-syncmaster.jpg","Samsung SyncMaster 920BM","reference","false","https://commons.wikimedia.org/wiki/File:Samsung_SyncMaster_920BM.jpg","CC BY-SA 2.0","metadata audit; not a complete visual or rights verification"
"x-monitor-samsung-viewfinity-s9","Samsung ViewFinity S9","/assets/hardware/peripheral-new-peripheral-syncmaster.jpg","Samsung SyncMaster 920BM","reference","false","https://commons.wikimedia.org/wiki/File:Samsung_SyncMaster_920BM.jpg","CC BY-SA 2.0","metadata audit; not a complete visual or rights verification"
"x-monitor-samsung-smart-monitor-m8","Samsung Smart Monitor M8","/assets/hardware/peripheral-new-peripheral-syncmaster.jpg","Samsung SyncMaster 920BM","reference","false","https://commons.wikimedia.org/wiki/File:Samsung_SyncMaster_920BM.jpg","CC BY-SA 2.0","metadata audit; not a complete visual or rights verification"
"x-mouse-logitech-mx518","Logitech MX518","/assets/hardware/peripheral-new-peripheral-g5.png","Logitech G5","reference","false","https://commons.wikimedia.org/wiki/File:Logitech_G5_mouse.png","CC BY-SA 3.0","metadata audit; not a complete visual or rights verification"
"x-mouse-logitech-g5","Logitech G5","/assets/hardware/peripheral-new-peripheral-g5.png","Logitech G5","exact","true","https://commons.wikimedia.org/wiki/File:Logitech_G5_mouse.png","CC BY-SA 3.0","metadata audit; not a complete visual or rights verification"
"x-mouse-logitech-g9","Logitech G9","/assets/hardware/peripheral-new-peripheral-g5.png","Logitech G5","reference","false","https://commons.wikimedia.org/wiki/File:Logitech_G5_mouse.png","CC BY-SA 3.0","metadata audit; not a complete visual or rights verification"
"x-mouse-logitech-g500","Logitech G500","/assets/hardware/peripheral-new-peripheral-g5.png","Logitech G5","reference","false","https://commons.wikimedia.org/wiki/File:Logitech_G5_mouse.png","CC BY-SA 3.0","metadata audit; not a complete visual or rights verification"
"x-mouse-logitech-g502-proteus-core","Logitech G502 Proteus Core","/assets/hardware/peripheral-new-peripheral-g502.jpg","Logitech G502 Proteus Core","exact","true","https://commons.wikimedia.org/wiki/File:Logitech-g502_%2813971823727%29.jpg","CC BY 2.0","metadata audit; not a complete visual or rights verification"
"x-mouse-logitech-g502-hero","Logitech G502 HERO","/assets/hardware/peripheral-new-peripheral-g502.jpg","Logitech G502 Proteus Core","family","false","https://commons.wikimedia.org/wiki/File:Logitech-g502_%2813971823727%29.jpg","CC BY 2.0","metadata audit; not a complete visual or rights verification"
"x-mouse-logitech-g502-x-plus","Logitech G502 X Plus","/assets/hardware/official-component-official-logitech-g502x-plus.webp","Logitech G502 X Plus (black)","exact","false","https://www.logitechg.com/en-ca/shop/p/g502-x-plus-wireless-lightforce.910-006169","Manufacturer product image; copyright retained by the manufacturer","metadata audit; not a complete visual or rights verification"
"x-mouse-logitech-g-pro-wireless","Logitech G Pro Wireless","/assets/hardware/peripheral-new-peripheral-superlight2.jpg","Logitech G Pro X Superlight 2","reference","false","https://commons.wikimedia.org/wiki/File:Logitech_Pro_X_Superlight_2_sample_20231216.jpg","CC BY-SA 4.0","metadata audit; not a complete visual or rights verification"
"x-mouse-logitech-g-pro-x-superlight","Logitech G Pro X Superlight","/assets/hardware/logitech-pro-x-superlight.png","Logitech G PRO X SUPERLIGHT","exact","true","https://www.logitechg.com/en-us/shop/p/pro-x-superlight-wireless-mouse","Manufacturer product media","metadata audit; not a complete visual or rights verification"
"x-mouse-logitech-g-pro-x-superlight-2","Logitech G Pro X Superlight 2","/assets/hardware/official-component-official-logitech-superlight2.webp","Logitech G Pro X Superlight 2 (black)","exact","false","https://www.logitechg.com/en-ca/shop/p/pro-x2-superlight-wireless-mouse","Manufacturer product image; copyright retained by the manufacturer","metadata audit; not a complete visual or rights verification"
"x-mouse-logitech-g305","Logitech G305","/assets/hardware/peripheral-new-peripheral-superlight2.jpg","Logitech G Pro X Superlight 2","reference","false","https://commons.wikimedia.org/wiki/File:Logitech_Pro_X_Superlight_2_sample_20231216.jpg","CC BY-SA 4.0","metadata audit; not a complete visual or rights verification"
"x-mouse-logitech-g703","Logitech G703","/assets/hardware/peripheral-new-peripheral-superlight2.jpg","Logitech G Pro X Superlight 2","reference","false","https://commons.wikimedia.org/wiki/File:Logitech_Pro_X_Superlight_2_sample_20231216.jpg","CC BY-SA 4.0","metadata audit; not a complete visual or rights verification"
"x-mouse-razer-boomslang","Razer Boomslang","/assets/hardware/peripheral-new-peripheral-diamondback.jpg","Razer Diamondback Plasma","reference","false","https://commons.wikimedia.org/wiki/File:Razer_Diamondback_Plasma.jpg","Public domain","metadata audit; not a complete visual or rights verification"
"x-mouse-razer-diamondback","Razer Diamondback","/assets/hardware/peripheral-new-peripheral-diamondback.jpg","Razer Diamondback Plasma","family","false","https://commons.wikimedia.org/wiki/File:Razer_Diamondback_Plasma.jpg","Public domain","metadata audit; not a complete visual or rights verification"
"x-mouse-razer-deathadder","Razer DeathAdder","/assets/hardware/peripheral-new-peripheral-mamba.jpg","Razer Mamba","reference","false","https://commons.wikimedia.org/wiki/File:Razer_Mamba_1_2017-01-01.jpg","CC BY-SA 4.0","metadata audit; not a complete visual or rights verification"
"x-mouse-razer-deathadder-v2","Razer DeathAdder V2","/assets/hardware/peripheral-new-peripheral-mamba.jpg","Razer Mamba","reference","false","https://commons.wikimedia.org/wiki/File:Razer_Mamba_1_2017-01-01.jpg","CC BY-SA 4.0","metadata audit; not a complete visual or rights verification"
"x-mouse-razer-deathadder-v3-pro","Razer DeathAdder V3 Pro","/assets/hardware/official-component-official-razer-deathadder-v3-pro.jpg","Razer DeathAdder V3 Pro","exact","true","https://www.razer.com/gaming-mice/razer-deathadder-v3-pro","Manufacturer product image; copyright retained by the manufacturer","metadata audit; not a complete visual or rights verification"
"x-mouse-razer-naga","Razer Naga","/assets/hardware/peripheral-new-peripheral-mamba.jpg","Razer Mamba","reference","false","https://commons.wikimedia.org/wiki/File:Razer_Mamba_1_2017-01-01.jpg","CC BY-SA 4.0","metadata audit; not a complete visual or rights verification"
"x-mouse-razer-naga-trinity","Razer Naga Trinity","/assets/hardware/peripheral-new-peripheral-mamba.jpg","Razer Mamba","reference","false","https://commons.wikimedia.org/wiki/File:Razer_Mamba_1_2017-01-01.jpg","CC BY-SA 4.0","metadata audit; not a complete visual or rights verification"
"x-mouse-razer-viper","Razer Viper","/assets/hardware/peripheral-new-peripheral-mamba.jpg","Razer Mamba","reference","false","https://commons.wikimedia.org/wiki/File:Razer_Mamba_1_2017-01-01.jpg","CC BY-SA 4.0","metadata audit; not a complete visual or rights verification"
"x-mouse-razer-viper-v2-pro","Razer Viper V2 Pro","/assets/hardware/peripheral-new-peripheral-mamba.jpg","Razer Mamba","reference","false","https://commons.wikimedia.org/wiki/File:Razer_Mamba_1_2017-01-01.jpg","CC BY-SA 4.0","metadata audit; not a complete visual or rights verification"
"x-mouse-razer-viper-v3-pro","Razer Viper V3 Pro","/assets/hardware/official-component-official-razer-viper-v3-pro.webp","Razer Viper V3 Pro","exact","true","https://www.razer.com/gaming-mice/razer-viper-v3-pro","Manufacturer product image; copyright retained by the manufacturer","metadata audit; not a complete visual or rights verification"
"x-mouse-razer-basilisk-v3","Razer Basilisk V3","/assets/hardware/peripheral-new-peripheral-mamba.jpg","Razer Mamba","reference","false","https://commons.wikimedia.org/wiki/File:Razer_Mamba_1_2017-01-01.jpg","CC BY-SA 4.0","metadata audit; not a complete visual or rights verification"
"x-keyboard-corsair-k70-rgb","CORSAIR K70 RGB","/assets/hardware/peripheral-new-peripheral-k60.jpg","CORSAIR K60","reference","false","https://commons.wikimedia.org/wiki/File:Corsair_K60.jpg","CC BY-SA 4.0","metadata audit; not a complete visual or rights verification"
"x-keyboard-corsair-k70-rgb-mk-2","CORSAIR K70 RGB MK.2","/assets/hardware/peripheral-new-peripheral-k60.jpg","CORSAIR K60","reference","false","https://commons.wikimedia.org/wiki/File:Corsair_K60.jpg","CC BY-SA 4.0","metadata audit; not a complete visual or rights verification"
"x-keyboard-corsair-k70-rgb-pro","CORSAIR K70 RGB PRO","/assets/hardware/official-component-official-corsair-k70-rgb-pro.png","CORSAIR K70 RGB PRO","exact","true","https://www.corsair.com/ca/en/p/keyboards/ch-9109414-na/k70-rgb-pro-mechanical-gaming-keyboard-with-pbt-double-shot-pro-keycaps-cherry-mx-red-ch-9109414-na","Manufacturer product image; copyright retained by the manufacturer","metadata audit; not a complete visual or rights verification"
"x-keyboard-corsair-k65-rgb-mini","CORSAIR K65 RGB MINI","/assets/hardware/peripheral-new-peripheral-k65.jpg","CORSAIR K65 RGB","family","false","https://commons.wikimedia.org/wiki/File:Corsair_K65_1_2017-01-01.jpg","CC BY-SA 4.0","metadata audit; not a complete visual or rights verification"
"x-keyboard-corsair-k95-rgb-platinum","CORSAIR K95 RGB Platinum","/assets/hardware/peripheral-new-peripheral-k60.jpg","CORSAIR K60","reference","false","https://commons.wikimedia.org/wiki/File:Corsair_K60.jpg","CC BY-SA 4.0","metadata audit; not a complete visual or rights verification"
"x-keyboard-corsair-k100-rgb","CORSAIR K100 RGB","/assets/hardware/official-component-official-corsair-k100-rgb.optimized.jpg","CORSAIR K100 RGB","exact","true","https://www.corsair.com/ca/en/p/keyboards/ch-912a014-na/k100-rgb-optical-mechanical-gaming-keyboard-corsair-opx-switch-black-ch-912a014-na","Manufacturer product image; copyright retained by the manufacturer","metadata audit; not a complete visual or rights verification"
"x-keyboard-corsair-k100-air","CORSAIR K100 AIR","/assets/hardware/peripheral-new-peripheral-k60.jpg","CORSAIR K60","reference","false","https://commons.wikimedia.org/wiki/File:Corsair_K60.jpg","CC BY-SA 4.0","metadata audit; not a complete visual or rights verification"
"x-keyboard-logitech-g15","Logitech G15","/assets/hardware/peripheral-new-peripheral-g15.jpg","Logitech G15","exact","true","https://commons.wikimedia.org/wiki/File:Logitech_G15_Keyboard.jpg","CC BY-SA 2.0","metadata audit; not a complete visual or rights verification"
"x-keyboard-logitech-g19","Logitech G19","/assets/hardware/peripheral-new-peripheral-g15.jpg","Logitech G15","reference","false","https://commons.wikimedia.org/wiki/File:Logitech_G15_Keyboard.jpg","CC BY-SA 2.0","metadata audit; not a complete visual or rights verification"
"x-keyboard-logitech-g710","Logitech G710+","/assets/hardware/peripheral-new-peripheral-g15.jpg","Logitech G15","reference","false","https://commons.wikimedia.org/wiki/File:Logitech_G15_Keyboard.jpg","CC BY-SA 2.0","metadata audit; not a complete visual or rights verification"
"x-keyboard-logitech-g810","Logitech G810","/assets/hardware/peripheral-new-peripheral-g15.jpg","Logitech G15","reference","false","https://commons.wikimedia.org/wiki/File:Logitech_G15_Keyboard.jpg","CC BY-SA 2.0","metadata audit; not a complete visual or rights verification"
"x-keyboard-logitech-g-pro-keyboard","Logitech G Pro Keyboard","/assets/hardware/peripheral-new-peripheral-g15.jpg","Logitech G15","reference","false","https://commons.wikimedia.org/wiki/File:Logitech_G15_Keyboard.jpg","CC BY-SA 2.0","metadata audit; not a complete visual or rights verification"
"x-keyboard-logitech-g-pro-x-keyboard","Logitech G Pro X Keyboard","/assets/hardware/peripheral-new-peripheral-g15.jpg","Logitech G15","reference","false","https://commons.wikimedia.org/wiki/File:Logitech_G15_Keyboard.jpg","CC BY-SA 2.0","metadata audit; not a complete visual or rights verification"
"x-keyboard-logitech-g915","Logitech G915","/assets/hardware/logitech-g915.png","Logitech G915 LIGHTSPEED","exact","false","https://www.logitechg.com/en-sg/shop/p/g915-low-profile-wireless-mechanical-gaming-keyboard","Manufacturer product media","metadata audit; not a complete visual or rights verification"
"x-keyboard-logitech-g915-tkl","Logitech G915 TKL","/assets/hardware/peripheral-new-peripheral-g15.jpg","Logitech G15","reference","false","https://commons.wikimedia.org/wiki/File:Logitech_G15_Keyboard.jpg","CC BY-SA 2.0","metadata audit; not a complete visual or rights verification"
"x-keyboard-logitech-g915-x","Logitech G915 X","/assets/hardware/peripheral-new-peripheral-g15.jpg","Logitech G15","reference","false","https://commons.wikimedia.org/wiki/File:Logitech_G15_Keyboard.jpg","CC BY-SA 2.0","metadata audit; not a complete visual or rights verification"
"x-keyboard-razer-blackwidow","Razer BlackWidow","/assets/hardware/peripheral-new-peripheral-blackwidow.jpeg","Razer BlackWidow","exact","true","https://commons.wikimedia.org/wiki/File:Razer_Blackwidow_1_2021-08-27.jpeg","CC BY-SA 4.0","metadata audit; not a complete visual or rights verification"
"x-keyboard-razer-blackwidow-chroma","Razer BlackWidow Chroma","/assets/hardware/peripheral-new-peripheral-blackwidowchroma.jpg","Razer BlackWidow Chroma","exact","true","https://commons.wikimedia.org/wiki/File:Razer_Blackwidow_Chroma_1_2017-01-01.jpg","CC BY-SA 4.0","metadata audit; not a complete visual or rights verification"
"x-keyboard-razer-blackwidow-v4-pro","Razer BlackWidow V4 Pro","/assets/hardware/official-component-official-razer-blackwidow-v4-pro.jpg","Razer BlackWidow V4 Pro","exact","true","https://www.razer.com/gaming-keyboards/razer-blackwidow-v4-pro","Manufacturer product image; copyright retained by the manufacturer","metadata audit; not a complete visual or rights verification"
"x-keyboard-razer-huntsman","Razer Huntsman","/assets/hardware/peripheral-new-peripheral-blackwidow.jpeg","Razer BlackWidow","reference","false","https://commons.wikimedia.org/wiki/File:Razer_Blackwidow_1_2021-08-27.jpeg","CC BY-SA 4.0","metadata audit; not a complete visual or rights verification"
"x-keyboard-razer-huntsman-mini","Razer Huntsman Mini","/assets/hardware/peripheral-new-peripheral-blackwidow.jpeg","Razer BlackWidow","reference","false","https://commons.wikimedia.org/wiki/File:Razer_Blackwidow_1_2021-08-27.jpeg","CC BY-SA 4.0","metadata audit; not a complete visual or rights verification"
"x-keyboard-razer-huntsman-v2-analog","Razer Huntsman V2 Analog","/assets/hardware/peripheral-new-peripheral-blackwidow.jpeg","Razer BlackWidow","reference","false","https://commons.wikimedia.org/wiki/File:Razer_Blackwidow_1_2021-08-27.jpeg","CC BY-SA 4.0","metadata audit; not a complete visual or rights verification"
"x-keyboard-razer-huntsman-v3-pro","Razer Huntsman V3 Pro","/assets/hardware/official-component-official-razer-huntsman-v3-pro.webp","Razer Huntsman V3 Pro","exact","true","https://www.razer.com/gaming-keyboards/razer-huntsman-v3-pro","Manufacturer product image; copyright retained by the manufacturer","metadata audit; not a complete visual or rights verification"
"x-microphone-shure-sm57","Shure SM57","/assets/hardware/peripheral-new-peripheral-sm57.jpg","Shure SM57","exact","true","https://commons.wikimedia.org/wiki/File:Shure_SM57_--_2023_--_0021.jpg","CC BY-SA 4.0","metadata audit; not a complete visual or rights verification"
"x-microphone-shure-sm58","Shure SM58","/assets/hardware/peripheral-new-peripheral-sm58.jpg","Shure SM58","exact","true","https://commons.wikimedia.org/wiki/File:Shure_SM58.jpg","CC BY 2.5","metadata audit; not a complete visual or rights verification"
"x-microphone-shure-sm7b","Shure SM7B","/assets/hardware/official-component-official-shure-sm7b.jpg","Shure SM7B","exact","true","https://www.shure.com/en-US/products/microphones/sm7b","Manufacturer product image; copyright retained by the manufacturer","metadata audit; not a complete visual or rights verification"
"x-microphone-shure-mv7","Shure MV7","/assets/hardware/peripheral-new-peripheral-sm57.jpg","Shure SM57","reference","false","https://commons.wikimedia.org/wiki/File:Shure_SM57_--_2023_--_0021.jpg","CC BY-SA 4.0","metadata audit; not a complete visual or rights verification"
"x-microphone-shure-mv7-350","Shure MV7+","/assets/hardware/official-component-official-shure-mv7plus.jpg","Shure MV7+","exact","true","https://www.shure.com/en-US/products/microphones/mv7","Manufacturer product image; copyright retained by the manufacturer","metadata audit; not a complete visual or rights verification"
"x-microphone-shure-mv6","Shure MV6","/assets/hardware/official-component-official-shure-mv6.jpg","Shure MV6","exact","true","https://www.shure.com/en-US/products/microphones/mv6","Manufacturer product image; copyright retained by the manufacturer","metadata audit; not a complete visual or rights verification"
"x-microphone-blue-snowball","Blue Snowball","/assets/hardware/peripheral-new-peripheral-snowball.jpg","Blue Snowball","exact","true","https://commons.wikimedia.org/wiki/File:Blue_Microphones_Snowball.jpg","CC BY 2.0","metadata audit; not a complete visual or rights verification"
"x-microphone-blue-snowball-ice","Blue Snowball iCE","/assets/hardware/peripheral-new-peripheral-snowball.jpg","Blue Snowball","family","false","https://commons.wikimedia.org/wiki/File:Blue_Microphones_Snowball.jpg","CC BY 2.0","metadata audit; not a complete visual or rights verification"
"x-microphone-blue-yeti","Blue Yeti","/assets/hardware/peripheral-new-peripheral-bluecondenser.jpg","Blue condenser microphone with shock mount (reference photo)","reference","false","https://commons.wikimedia.org/wiki/File:Blue_condenser_microphone_%28Unsplash%29.jpg","CC0","metadata audit; not a complete visual or rights verification"
"x-microphone-blue-yeti-x","Blue Yeti X","/assets/hardware/peripheral-new-peripheral-bluecondenser.jpg","Blue condenser microphone with shock mount (reference photo)","reference","false","https://commons.wikimedia.org/wiki/File:Blue_condenser_microphone_%28Unsplash%29.jpg","CC0","metadata audit; not a complete visual or rights verification"
"x-microphone-blue-yeti-nano","Blue Yeti Nano","/assets/hardware/peripheral-new-peripheral-bluecondenser.jpg","Blue condenser microphone with shock mount (reference photo)","reference","false","https://commons.wikimedia.org/wiki/File:Blue_condenser_microphone_%28Unsplash%29.jpg","CC0","metadata audit; not a complete visual or rights verification"
"x-microphone-logitech-g-yeti-gx","Logitech G Yeti GX","/assets/hardware/peripheral-new-peripheral-bluecondenser.jpg","Blue condenser microphone with shock mount (reference photo)","reference","false","https://commons.wikimedia.org/wiki/File:Blue_condenser_microphone_%28Unsplash%29.jpg","CC0","metadata audit; not a complete visual or rights verification"
"x-microphone-logitech-g-yeti-orb","Logitech G Yeti Orb","/assets/hardware/peripheral-new-peripheral-snowball.jpg","Blue Snowball","reference","false","https://commons.wikimedia.org/wiki/File:Blue_Microphones_Snowball.jpg","CC BY 2.0","metadata audit; not a complete visual or rights verification"
"x-microphone-elgato-wave-1","Elgato Wave:1","/assets/hardware/peripheral-new-peripheral-bluecondenser.jpg","Blue condenser microphone with shock mount (reference photo)","reference","false","https://commons.wikimedia.org/wiki/File:Blue_condenser_microphone_%28Unsplash%29.jpg","CC0","metadata audit; not a complete visual or rights verification"
"x-microphone-elgato-wave-3","Elgato Wave:3","/assets/hardware/peripheral-new-peripheral-bluecondenser.jpg","Blue condenser microphone with shock mount (reference photo)","reference","false","https://commons.wikimedia.org/wiki/File:Blue_condenser_microphone_%28Unsplash%29.jpg","CC0","metadata audit; not a complete visual or rights verification"
"x-microphone-elgato-wave-dx","Elgato Wave DX","/assets/hardware/peripheral-new-peripheral-bluecondenser.jpg","Blue condenser microphone with shock mount (reference photo)","reference","false","https://commons.wikimedia.org/wiki/File:Blue_condenser_microphone_%28Unsplash%29.jpg","CC0","metadata audit; not a complete visual or rights verification"
"x-microphone-elgato-wave-neo","Elgato Wave Neo","/assets/hardware/peripheral-new-peripheral-bluecondenser.jpg","Blue condenser microphone with shock mount (reference photo)","reference","false","https://commons.wikimedia.org/wiki/File:Blue_condenser_microphone_%28Unsplash%29.jpg","CC0","metadata audit; not a complete visual or rights verification"
"x-headset-hyperx-cloud","HyperX Cloud","/assets/hardware/peripheral-new-peripheral-hyperx-cloud-iii-wired-gaming-headset.jpg","HyperX Cloud III – Gaming Headset","family","false","https://uk.hyperx.com/products/hyperx-cloud-iii-wired-gaming-headset","Manufacturer product image; copyright retained by HyperX / HP","metadata audit; not a complete visual or rights verification"
"x-headset-hyperx-cloud-ii","HyperX Cloud II","/assets/hardware/peripheral-new-peripheral-hyperx-cloud-iii-wired-gaming-headset.jpg","HyperX Cloud III – Gaming Headset","family","false","https://uk.hyperx.com/products/hyperx-cloud-iii-wired-gaming-headset","Manufacturer product image; copyright retained by HyperX / HP","metadata audit; not a complete visual or rights verification"
"x-headset-hyperx-cloud-alpha","HyperX Cloud Alpha","/assets/hardware/official-component-official-hyperx-cloud-alpha.jpg","HyperX Cloud Alpha","exact","true","https://uk.hyperx.com/products/hyperx-cloud-alpha","Manufacturer product image; copyright retained by the manufacturer","metadata audit; not a complete visual or rights verification"
"x-headset-hyperx-cloud-alpha-wireless","HyperX Cloud Alpha Wireless","/assets/hardware/official-component-official-hyperx-cloud-alpha-wireless.jpg","HyperX Cloud Alpha Wireless","exact","true","https://uk.hyperx.com/products/hyperx-cloud-alpha-wireless","Manufacturer product image; copyright retained by the manufacturer","metadata audit; not a complete visual or rights verification"
"x-headset-hyperx-cloud-iii","HyperX Cloud III","/assets/hardware/official-component-official-hyperx-cloud-iii.jpg","HyperX Cloud III","exact","true","https://uk.hyperx.com/products/hyperx-cloud-iii-wired-gaming-headset","Manufacturer product image; copyright retained by the manufacturer","metadata audit; not a complete visual or rights verification"
"x-headset-hyperx-cloud-iii-wireless","HyperX Cloud III Wireless","/assets/hardware/peripheral-new-peripheral-hyperx-cloud-iii-wired-gaming-headset.jpg","HyperX Cloud III – Gaming Headset","family","false","https://uk.hyperx.com/products/hyperx-cloud-iii-wired-gaming-headset","Manufacturer product image; copyright retained by HyperX / HP","metadata audit; not a complete visual or rights verification"
"x-headset-hyperx-cloud-flight","HyperX Cloud Flight","/assets/hardware/peripheral-new-peripheral-hyperx-cloud-iii-wired-gaming-headset.jpg","HyperX Cloud III – Gaming Headset","family","false","https://uk.hyperx.com/products/hyperx-cloud-iii-wired-gaming-headset","Manufacturer product image; copyright retained by HyperX / HP","metadata audit; not a complete visual or rights verification"
"x-headset-steelseries-siberia-v2","SteelSeries Siberia V2","/assets/hardware/peripheral-new-peripheral-steel3h.jpg","SteelSeries 3H","reference","false","https://commons.wikimedia.org/wiki/File:SteelSeries_3H.JPG","CC BY-SA 3.0","metadata audit; not a complete visual or rights verification"
"x-headset-steelseries-arctis-3","SteelSeries Arctis 3","/assets/hardware/peripheral-new-peripheral-nova-pro.png","SteelSeries Arctis Nova Pro (wired)","reference","false","https://pl.steelseries.com/search-catalog/arctis-nova","Manufacturer product image; copyright retained by SteelSeries","metadata audit; not a complete visual or rights verification"
"x-headset-steelseries-arctis-5","SteelSeries Arctis 5","/assets/hardware/peripheral-new-peripheral-nova-pro.png","SteelSeries Arctis Nova Pro (wired)","reference","false","https://pl.steelseries.com/search-catalog/arctis-nova","Manufacturer product image; copyright retained by SteelSeries","metadata audit; not a complete visual or rights verification"
"x-headset-steelseries-arctis-7","SteelSeries Arctis 7","/assets/hardware/peripheral-new-peripheral-nova-pro.png","SteelSeries Arctis Nova Pro (wired)","reference","false","https://pl.steelseries.com/search-catalog/arctis-nova","Manufacturer product image; copyright retained by SteelSeries","metadata audit; not a complete visual or rights verification"
"x-headset-steelseries-arctis-pro-wireless","SteelSeries Arctis Pro Wireless","/assets/hardware/peripheral-new-peripheral-nova-pro.png","SteelSeries Arctis Nova Pro (wired)","reference","false","https://pl.steelseries.com/search-catalog/arctis-nova","Manufacturer product image; copyright retained by SteelSeries","metadata audit; not a complete visual or rights verification"
"x-headset-steelseries-arctis-nova-pro-wireless","SteelSeries Arctis Nova Pro Wireless","/assets/hardware/peripheral-new-peripheral-nova-pro.png","SteelSeries Arctis Nova Pro (wired)","family","false","https://pl.steelseries.com/search-catalog/arctis-nova","Manufacturer product image; copyright retained by SteelSeries","metadata audit; not a complete visual or rights verification"
"x-headset-steelseries-arctis-nova-7","SteelSeries Arctis Nova 7","/assets/hardware/peripheral-new-peripheral-nova-pro.png","SteelSeries Arctis Nova Pro (wired)","family","false","https://pl.steelseries.com/search-catalog/arctis-nova","Manufacturer product image; copyright retained by SteelSeries","metadata audit; not a complete visual or rights verification"
"x-controller-microsoft-sidewinder-game-pad","Microsoft SideWinder Game Pad","/assets/hardware/device-new-device-39.webp","Microsoft SideWinder Freestyle Pro Gamepad","reference","false","https://commons.wikimedia.org/wiki/File:Microsoft-SideWinder-Freestyle-Pro-Gamepad.jpg","Public domain","metadata audit; not a complete visual or rights verification"
"x-controller-xbox-controller-duke","Xbox Controller Duke","/assets/hardware/device-new-device-31.webp","Xbox 360 Wireless Controller","reference","false","https://commons.wikimedia.org/wiki/File:Xbox-360-Wireless-Controller-White.jpg","Public domain","metadata audit; not a complete visual or rights verification"
"x-controller-xbox-controller-s","Xbox Controller S","/assets/hardware/device-new-device-31.webp","Xbox 360 Wireless Controller","reference","false","https://commons.wikimedia.org/wiki/File:Xbox-360-Wireless-Controller-White.jpg","Public domain","metadata audit; not a complete visual or rights verification"
"x-controller-xbox-360-wireless-controller","Xbox 360 Wireless Controller","/assets/hardware/device-new-device-31.webp","Xbox 360 Wireless Controller","exact","true","https://commons.wikimedia.org/wiki/File:Xbox-360-Wireless-Controller-White.jpg","Public domain","metadata audit; not a complete visual or rights verification"
"x-controller-xbox-one-wireless-controller","Xbox One Wireless Controller","/assets/hardware/device-new-device-32.webp","Xbox One Wireless Controller","exact","true","https://commons.wikimedia.org/wiki/File:Microsoft-Xbox-One-controller.jpg","Public domain","metadata audit; not a complete visual or rights verification"
"x-controller-xbox-elite-wireless-controller","Xbox Elite Wireless Controller","/assets/hardware/device-new-device-32.webp","Xbox One Wireless Controller","reference","false","https://commons.wikimedia.org/wiki/File:Microsoft-Xbox-One-controller.jpg","Public domain","metadata audit; not a complete visual or rights verification"
"x-controller-xbox-elite-wireless-controller-series-2","Xbox Elite Wireless Controller Series 2","/assets/hardware/official-device-official-xbox-elite-controller-2.jpg","Xbox Elite Wireless Controller Series 2","exact","true","https://www.xbox.com/en-us/accessories/controllers/elite-wireless-controller-series-2","Copyright Microsoft; manufacturer media used for product identification","metadata audit; not a complete visual or rights verification"
"x-controller-xbox-wireless-controller-series-x-s","Xbox Wireless Controller Series X|S","/assets/hardware/official-device-official-xbox-wireless-controller.jpg","Xbox Wireless Controller for Xbox Series X|S","exact","false","https://www.xbox.com/en-us/accessories/controllers/xbox-wireless-controller","Copyright Microsoft; manufacturer media used for product identification","metadata audit; not a complete visual or rights verification"
"x-controller-xbox-adaptive-controller","Xbox Adaptive Controller","/assets/hardware/device-new-device-33.webp","Xbox Adaptive Controller","exact","true","https://commons.wikimedia.org/wiki/File:Xbox_Adaptive_Controller_V%26A.JPG","CC BY-SA 4.0","metadata audit; not a complete visual or rights verification"
"x-controller-playstation-controller","PlayStation Controller","/assets/hardware/device-new-device-27.webp","Sony DualShock","reference","false","https://commons.wikimedia.org/wiki/File:PSX-DualShock-Controller.jpg","Public domain","metadata audit; not a complete visual or rights verification"
"x-controller-dual-analog-controller","Dual Analog Controller","/assets/hardware/device-new-device-27.webp","Sony DualShock","reference","false","https://commons.wikimedia.org/wiki/File:PSX-DualShock-Controller.jpg","Public domain","metadata audit; not a complete visual or rights verification"
"x-controller-dualshock","DualShock","/assets/hardware/device-new-device-27.webp","Sony DualShock","exact","true","https://commons.wikimedia.org/wiki/File:PSX-DualShock-Controller.jpg","Public domain","metadata audit; not a complete visual or rights verification"
"x-controller-dualshock-2","DualShock 2","/assets/hardware/device-new-device-27.webp","Sony DualShock","reference","false","https://commons.wikimedia.org/wiki/File:PSX-DualShock-Controller.jpg","Public domain","metadata audit; not a complete visual or rights verification"
"x-controller-sixaxis","Sixaxis","/assets/hardware/device-new-device-27.webp","Sony DualShock","reference","false","https://commons.wikimedia.org/wiki/File:PSX-DualShock-Controller.jpg","Public domain","metadata audit; not a complete visual or rights verification"
"x-controller-dualshock-3","DualShock 3","/assets/hardware/device-new-device-27.webp","Sony DualShock","reference","false","https://commons.wikimedia.org/wiki/File:PSX-DualShock-Controller.jpg","Public domain","metadata audit; not a complete visual or rights verification"
"x-controller-dualshock-4","DualShock 4","/assets/hardware/device-new-device-37.webp","Sony DualShock 4","exact","true","https://commons.wikimedia.org/wiki/File:DualShock_4.jpg","Public domain","metadata audit; not a complete visual or rights verification"
"x-controller-dualsense","DualSense","/assets/hardware/official-device-official-dualsense.jpg","DualSense wireless controller","exact","false","https://www.playstation.com/en-us/accessories/dualsense-wireless-controller/","Copyright Sony Interactive Entertainment; manufacturer media used for product identification","metadata audit; not a complete visual or rights verification"
"x-controller-dualsense-edge","DualSense Edge","/assets/hardware/official-device-official-dualsense-edge.jpg","DualSense Edge wireless controller","exact","false","https://www.playstation.com/en-us/accessories/dualsense-edge-wireless-controller/","Copyright Sony Interactive Entertainment; manufacturer media used for product identification","metadata audit; not a complete visual or rights verification"
"c-board-msi-meg-x870e-godlike","MSI MEG X870E GODLIKE","/assets/hardware/component-new-board-asus-rog.jpg","ASUS ROG Strix Z390-F Gaming","reference","false","https://commons.wikimedia.org/wiki/File:Asus-ROG-Strix-Z390-F-Gaming-Motherboard_20201120_DSC6025.jpg","CC BY 4.0","metadata audit; not a complete visual or rights verification"
"c-board-msi-mpg-x870e-carbon-wifi","MSI MPG X870E CARBON WIFI","/assets/hardware/component-new-board-asus-rog.jpg","ASUS ROG Strix Z390-F Gaming","reference","false","https://commons.wikimedia.org/wiki/File:Asus-ROG-Strix-Z390-F-Gaming-Motherboard_20201120_DSC6025.jpg","CC BY 4.0","metadata audit; not a complete visual or rights verification"
"c-board-msi-mag-x870-tomahawk-wifi","MSI MAG X870 TOMAHAWK WIFI","/assets/hardware/component-new-board-asus-rog.jpg","ASUS ROG Strix Z390-F Gaming","reference","false","https://commons.wikimedia.org/wiki/File:Asus-ROG-Strix-Z390-F-Gaming-Motherboard_20201120_DSC6025.jpg","CC BY 4.0","metadata audit; not a complete visual or rights verification"
"c-board-msi-mpg-b850-edge-ti-wifi","MSI MPG B850 EDGE TI WIFI","/assets/hardware/component-new-board-asus-rog.jpg","ASUS ROG Strix Z390-F Gaming","reference","false","https://commons.wikimedia.org/wiki/File:Asus-ROG-Strix-Z390-F-Gaming-Motherboard_20201120_DSC6025.jpg","CC BY 4.0","metadata audit; not a complete visual or rights verification"
"c-board-msi-mag-b850-tomahawk-max-wifi","MSI MAG B850 TOMAHAWK MAX WIFI","/assets/hardware/component-new-board-asus-rog.jpg","ASUS ROG Strix Z390-F Gaming","reference","false","https://commons.wikimedia.org/wiki/File:Asus-ROG-Strix-Z390-F-Gaming-Motherboard_20201120_DSC6025.jpg","CC BY 4.0","metadata audit; not a complete visual or rights verification"
"c-board-msi-mag-b650-tomahawk-wifi","MSI MAG B650 TOMAHAWK WIFI","/assets/hardware/component-new-board-asus-rog.jpg","ASUS ROG Strix Z390-F Gaming","reference","false","https://commons.wikimedia.org/wiki/File:Asus-ROG-Strix-Z390-F-Gaming-Motherboard_20201120_DSC6025.jpg","CC BY 4.0","metadata audit; not a complete visual or rights verification"
"c-board-msi-mpg-b650i-edge-wifi","MSI MPG B650I EDGE WIFI","/assets/hardware/component-new-board-itx.jpg","Mini-ITX motherboard","reference","false","https://commons.wikimedia.org/wiki/File:Mini-itx-motherboard.jpg","CC BY-SA 3.0","metadata audit; not a complete visual or rights verification"
"c-board-msi-meg-z890-godlike","MSI MEG Z890 GODLIKE","/assets/hardware/component-new-board-asus-rog.jpg","ASUS ROG Strix Z390-F Gaming","reference","false","https://commons.wikimedia.org/wiki/File:Asus-ROG-Strix-Z390-F-Gaming-Motherboard_20201120_DSC6025.jpg","CC BY 4.0","metadata audit; not a complete visual or rights verification"
"c-board-msi-mpg-z890-carbon-wifi","MSI MPG Z890 CARBON WIFI","/assets/hardware/component-new-board-asus-rog.jpg","ASUS ROG Strix Z390-F Gaming","reference","false","https://commons.wikimedia.org/wiki/File:Asus-ROG-Strix-Z390-F-Gaming-Motherboard_20201120_DSC6025.jpg","CC BY 4.0","metadata audit; not a complete visual or rights verification"
"c-board-msi-mag-z890-tomahawk-wifi","MSI MAG Z890 TOMAHAWK WIFI","/assets/hardware/component-new-board-asus-rog.jpg","ASUS ROG Strix Z390-F Gaming","reference","false","https://commons.wikimedia.org/wiki/File:Asus-ROG-Strix-Z390-F-Gaming-Motherboard_20201120_DSC6025.jpg","CC BY 4.0","metadata audit; not a complete visual or rights verification"
"c-board-msi-mpg-z790-carbon-wifi","MSI MPG Z790 CARBON WIFI","/assets/hardware/component-new-board-asus-rog.jpg","ASUS ROG Strix Z390-F Gaming","reference","false","https://commons.wikimedia.org/wiki/File:Asus-ROG-Strix-Z390-F-Gaming-Motherboard_20201120_DSC6025.jpg","CC BY 4.0","metadata audit; not a complete visual or rights verification"
"c-board-msi-mag-z790-tomahawk-wifi","MSI MAG Z790 TOMAHAWK WIFI","/assets/hardware/component-new-board-asus-rog.jpg","ASUS ROG Strix Z390-F Gaming","reference","false","https://commons.wikimedia.org/wiki/File:Asus-ROG-Strix-Z390-F-Gaming-Motherboard_20201120_DSC6025.jpg","CC BY 4.0","metadata audit; not a complete visual or rights verification"
"c-board-msi-mag-b760m-mortar-wifi-ii","MSI MAG B760M MORTAR WIFI II","/assets/hardware/component-new-board-asus-rog.jpg","ASUS ROG Strix Z390-F Gaming","reference","false","https://commons.wikimedia.org/wiki/File:Asus-ROG-Strix-Z390-F-Gaming-Motherboard_20201120_DSC6025.jpg","CC BY 4.0","metadata audit; not a complete visual or rights verification"
"c-board-msi-pro-h610m-g-ddr4","MSI PRO H610M-G DDR4","/assets/hardware/component-new-board-asus-rog.jpg","ASUS ROG Strix Z390-F Gaming","reference","false","https://commons.wikimedia.org/wiki/File:Asus-ROG-Strix-Z390-F-Gaming-Motherboard_20201120_DSC6025.jpg","CC BY 4.0","metadata audit; not a complete visual or rights verification"
"c-board-asrock-x870e-taichi","ASRock X870E Taichi","/assets/hardware/component-new-board-asus-rog.jpg","ASUS ROG Strix Z390-F Gaming","reference","false","https://commons.wikimedia.org/wiki/File:Asus-ROG-Strix-Z390-F-Gaming-Motherboard_20201120_DSC6025.jpg","CC BY 4.0","metadata audit; not a complete visual or rights verification"
"c-board-asrock-x870e-nova-wifi","ASRock X870E Nova WiFi","/assets/hardware/component-new-board-asus-rog.jpg","ASUS ROG Strix Z390-F Gaming","reference","false","https://commons.wikimedia.org/wiki/File:Asus-ROG-Strix-Z390-F-Gaming-Motherboard_20201120_DSC6025.jpg","CC BY 4.0","metadata audit; not a complete visual or rights verification"
"c-board-asrock-x870-steel-legend-wifi","ASRock X870 Steel Legend WiFi","/assets/hardware/component-new-board-asus-rog.jpg","ASUS ROG Strix Z390-F Gaming","reference","false","https://commons.wikimedia.org/wiki/File:Asus-ROG-Strix-Z390-F-Gaming-Motherboard_20201120_DSC6025.jpg","CC BY 4.0","metadata audit; not a complete visual or rights verification"
"c-board-asrock-b850-livemixer-wifi","ASRock B850 LiveMixer WiFi","/assets/hardware/component-new-board-asus-rog.jpg","ASUS ROG Strix Z390-F Gaming","reference","false","https://commons.wikimedia.org/wiki/File:Asus-ROG-Strix-Z390-F-Gaming-Motherboard_20201120_DSC6025.jpg","CC BY 4.0","metadata audit; not a complete visual or rights verification"
"c-board-asrock-b850-steel-legend-wifi","ASRock B850 Steel Legend WiFi","/assets/hardware/component-new-board-asus-rog.jpg","ASUS ROG Strix Z390-F Gaming","reference","false","https://commons.wikimedia.org/wiki/File:Asus-ROG-Strix-Z390-F-Gaming-Motherboard_20201120_DSC6025.jpg","CC BY 4.0","metadata audit; not a complete visual or rights verification"
"c-board-asrock-b650e-taichi-lite","ASRock B650E Taichi Lite","/assets/hardware/component-new-board-asus-rog.jpg","ASUS ROG Strix Z390-F Gaming","reference","false","https://commons.wikimedia.org/wiki/File:Asus-ROG-Strix-Z390-F-Gaming-Motherboard_20201120_DSC6025.jpg","CC BY 4.0","metadata audit; not a complete visual or rights verification"
"c-board-asrock-b650m-pro-rs-wifi","ASRock B650M Pro RS WiFi","/assets/hardware/component-new-board-asus-rog.jpg","ASUS ROG Strix Z390-F Gaming","reference","false","https://commons.wikimedia.org/wiki/File:Asus-ROG-Strix-Z390-F-Gaming-Motherboard_20201120_DSC6025.jpg","CC BY 4.0","metadata audit; not a complete visual or rights verification"
"c-board-asrock-a620i-lightning-wifi","ASRock A620I Lightning WiFi","/assets/hardware/component-new-board-itx.jpg","Mini-ITX motherboard","reference","false","https://commons.wikimedia.org/wiki/File:Mini-itx-motherboard.jpg","CC BY-SA 3.0","metadata audit; not a complete visual or rights verification"
"c-board-asrock-z890-taichi-ocf","ASRock Z890 Taichi OCF","/assets/hardware/component-new-board-asus-rog.jpg","ASUS ROG Strix Z390-F Gaming","reference","false","https://commons.wikimedia.org/wiki/File:Asus-ROG-Strix-Z390-F-Gaming-Motherboard_20201120_DSC6025.jpg","CC BY 4.0","metadata audit; not a complete visual or rights verification"
"c-board-asrock-z890-nova-wifi","ASRock Z890 Nova WiFi","/assets/hardware/component-new-board-asus-rog.jpg","ASUS ROG Strix Z390-F Gaming","reference","false","https://commons.wikimedia.org/wiki/File:Asus-ROG-Strix-Z390-F-Gaming-Motherboard_20201120_DSC6025.jpg","CC BY 4.0","metadata audit; not a complete visual or rights verification"
"c-board-asrock-z790-taichi-carrara","ASRock Z790 Taichi Carrara","/assets/hardware/component-new-board-asus-rog.jpg","ASUS ROG Strix Z390-F Gaming","reference","false","https://commons.wikimedia.org/wiki/File:Asus-ROG-Strix-Z390-F-Gaming-Motherboard_20201120_DSC6025.jpg","CC BY 4.0","metadata audit; not a complete visual or rights verification"
"c-board-asrock-z790-pg-itx-tb4","ASRock Z790 PG-ITX/TB4","/assets/hardware/component-new-board-itx.jpg","Mini-ITX motherboard","reference","false","https://commons.wikimedia.org/wiki/File:Mini-itx-motherboard.jpg","CC BY-SA 3.0","metadata audit; not a complete visual or rights verification"
"c-board-asrock-b760m-steel-legend-wifi","ASRock B760M Steel Legend WiFi","/assets/hardware/component-new-board-asus-rog.jpg","ASUS ROG Strix Z390-F Gaming","reference","false","https://commons.wikimedia.org/wiki/File:Asus-ROG-Strix-Z390-F-Gaming-Motherboard_20201120_DSC6025.jpg","CC BY 4.0","metadata audit; not a complete visual or rights verification"
"c-board-asrock-b550-taichi","ASRock B550 Taichi","/assets/hardware/component-new-board-asus-rog.jpg","ASUS ROG Strix Z390-F Gaming","reference","false","https://commons.wikimedia.org/wiki/File:Asus-ROG-Strix-Z390-F-Gaming-Motherboard_20201120_DSC6025.jpg","CC BY 4.0","metadata audit; not a complete visual or rights verification"
"c-board-asrock-b450m-steel-legend","ASRock B450M Steel Legend","/assets/hardware/component-new-board-asus-rog.jpg","ASUS ROG Strix Z390-F Gaming","reference","false","https://commons.wikimedia.org/wiki/File:Asus-ROG-Strix-Z390-F-Gaming-Motherboard_20201120_DSC6025.jpg","CC BY 4.0","metadata audit; not a complete visual or rights verification"
"c-board-gigabyte-x870e-aorus-xtreme-ai-top","GIGABYTE X870E AORUS XTREME AI TOP","/assets/hardware/component-new-board-asus-rog.jpg","ASUS ROG Strix Z390-F Gaming","reference","false","https://commons.wikimedia.org/wiki/File:Asus-ROG-Strix-Z390-F-Gaming-Motherboard_20201120_DSC6025.jpg","CC BY 4.0","metadata audit; not a complete visual or rights verification"
"c-board-gigabyte-x870e-aorus-master","GIGABYTE X870E AORUS MASTER","/assets/hardware/component-new-board-asus-rog.jpg","ASUS ROG Strix Z390-F Gaming","reference","false","https://commons.wikimedia.org/wiki/File:Asus-ROG-Strix-Z390-F-Gaming-Motherboard_20201120_DSC6025.jpg","CC BY 4.0","metadata audit; not a complete visual or rights verification"
"c-board-gigabyte-x870-aorus-elite-wifi7","GIGABYTE X870 AORUS ELITE WIFI7","/assets/hardware/component-new-board-asus-rog.jpg","ASUS ROG Strix Z390-F Gaming","reference","false","https://commons.wikimedia.org/wiki/File:Asus-ROG-Strix-Z390-F-Gaming-Motherboard_20201120_DSC6025.jpg","CC BY 4.0","metadata audit; not a complete visual or rights verification"
"c-board-gigabyte-b850-aorus-elite-wifi7","GIGABYTE B850 AORUS ELITE WIFI7","/assets/hardware/component-new-board-asus-rog.jpg","ASUS ROG Strix Z390-F Gaming","reference","false","https://commons.wikimedia.org/wiki/File:Asus-ROG-Strix-Z390-F-Gaming-Motherboard_20201120_DSC6025.jpg","CC BY 4.0","metadata audit; not a complete visual or rights verification"
"c-board-gigabyte-b650-aorus-elite-ax","GIGABYTE B650 AORUS ELITE AX","/assets/hardware/component-new-board-asus-rog.jpg","ASUS ROG Strix Z390-F Gaming","reference","false","https://commons.wikimedia.org/wiki/File:Asus-ROG-Strix-Z390-F-Gaming-Motherboard_20201120_DSC6025.jpg","CC BY 4.0","metadata audit; not a complete visual or rights verification"
"c-board-gigabyte-b650i-aorus-ultra","GIGABYTE B650I AORUS ULTRA","/assets/hardware/component-new-board-itx.jpg","Mini-ITX motherboard","reference","false","https://commons.wikimedia.org/wiki/File:Mini-itx-motherboard.jpg","CC BY-SA 3.0","metadata audit; not a complete visual or rights verification"
"c-board-gigabyte-z890-aorus-xtreme-ai-top","GIGABYTE Z890 AORUS XTREME AI TOP","/assets/hardware/component-new-board-asus-rog.jpg","ASUS ROG Strix Z390-F Gaming","reference","false","https://commons.wikimedia.org/wiki/File:Asus-ROG-Strix-Z390-F-Gaming-Motherboard_20201120_DSC6025.jpg","CC BY 4.0","metadata audit; not a complete visual or rights verification"
"c-board-gigabyte-z790-aorus-master-x","GIGABYTE Z790 AORUS MASTER X","/assets/hardware/component-new-board-asus-rog.jpg","ASUS ROG Strix Z390-F Gaming","reference","false","https://commons.wikimedia.org/wiki/File:Asus-ROG-Strix-Z390-F-Gaming-Motherboard_20201120_DSC6025.jpg","CC BY 4.0","metadata audit; not a complete visual or rights verification"
"c-board-gigabyte-z790i-aorus-ultra","GIGABYTE Z790I AORUS ULTRA","/assets/hardware/component-new-board-itx.jpg","Mini-ITX motherboard","reference","false","https://commons.wikimedia.org/wiki/File:Mini-itx-motherboard.jpg","CC BY-SA 3.0","metadata audit; not a complete visual or rights verification"
"c-board-gigabyte-b760m-ds3h-ddr4","GIGABYTE B760M DS3H DDR4","/assets/hardware/component-new-board-asus-rog.jpg","ASUS ROG Strix Z390-F Gaming","reference","false","https://commons.wikimedia.org/wiki/File:Asus-ROG-Strix-Z390-F-Gaming-Motherboard_20201120_DSC6025.jpg","CC BY 4.0","metadata audit; not a complete visual or rights verification"
"c-board-biostar-x870e-valkyrie","Biostar X870E VALKYRIE","/assets/hardware/component-new-board-asus-rog.jpg","ASUS ROG Strix Z390-F Gaming","reference","false","https://commons.wikimedia.org/wiki/File:Asus-ROG-Strix-Z390-F-Gaming-Motherboard_20201120_DSC6025.jpg","CC BY 4.0","metadata audit; not a complete visual or rights verification"
"c-board-biostar-b650mp-e-pro","Biostar B650MP-E PRO","/assets/hardware/component-new-board-asus-rog.jpg","ASUS ROG Strix Z390-F Gaming","reference","false","https://commons.wikimedia.org/wiki/File:Asus-ROG-Strix-Z390-F-Gaming-Motherboard_20201120_DSC6025.jpg","CC BY 4.0","metadata audit; not a complete visual or rights verification"
"c-board-biostar-b550mh","Biostar B550MH","/assets/hardware/component-new-board-asus-rog.jpg","ASUS ROG Strix Z390-F Gaming","reference","false","https://commons.wikimedia.org/wiki/File:Asus-ROG-Strix-Z390-F-Gaming-Motherboard_20201120_DSC6025.jpg","CC BY 4.0","metadata audit; not a complete visual or rights verification"
"c-board-biostar-z890-valkyrie","Biostar Z890 VALKYRIE","/assets/hardware/component-new-board-asus-rog.jpg","ASUS ROG Strix Z390-F Gaming","reference","false","https://commons.wikimedia.org/wiki/File:Asus-ROG-Strix-Z390-F-Gaming-Motherboard_20201120_DSC6025.jpg","CC BY 4.0","metadata audit; not a complete visual or rights verification"
"c-board-biostar-z790a-silver","Biostar Z790A-SILVER","/assets/hardware/component-new-board-asus-rog.jpg","ASUS ROG Strix Z390-F Gaming","reference","false","https://commons.wikimedia.org/wiki/File:Asus-ROG-Strix-Z390-F-Gaming-Motherboard_20201120_DSC6025.jpg","CC BY 4.0","metadata audit; not a complete visual or rights verification"
"c-board-biostar-b760mx2-e-d4","Biostar B760MX2-E D4","/assets/hardware/component-new-board-asus-rog.jpg","ASUS ROG Strix Z390-F Gaming","reference","false","https://commons.wikimedia.org/wiki/File:Asus-ROG-Strix-Z390-F-Gaming-Motherboard_20201120_DSC6025.jpg","CC BY 4.0","metadata audit; not a complete visual or rights verification"
"c-ram-corsair-dominator-titanium-rgb-64gb-ddr5-6600-cl32","CORSAIR Dominator Titanium RGB 64GB DDR5-6600 CL32","/assets/hardware/memory-storage-corsair-titanium.webp","CORSAIR DOMINATOR TITANIUM RGB DDR5 black two-module kit","family","false","https://www.corsair.com/us/en/p/memory/cmp32gx5m2b6000c30/dominator-titanium-rgb-2x16gb-ddr5-dram-6000mt-s-cl30-intel-xmp-memory-kit-cmp32gx5m2b6000c30","not recorded","metadata audit; not a complete visual or rights verification"
"c-ram-corsair-dominator-platinum-rgb-32gb-ddr5-6200-cl36","CORSAIR Dominator Platinum RGB 32GB DDR5-6200 CL36","/assets/hardware/memory-storage-corsair-platinum.webp","CORSAIR DOMINATOR PLATINUM RGB DDR5 black two-module kit (CMT32GX5M2C4800C34 image)","family","false","https://www.corsair.com/us/en/p/memory/cmt32gx5m2x6200c36/dominator-platinum-rgb-32gb-2x16gb-ddr5-dram-6200mhz-c36-memory-kit-black-cmt32gx5m2x6200c36","not recorded","metadata audit; not a complete visual or rights verification"
"c-ram-corsair-vengeance-rgb-96gb-ddr5-6000-cl30","CORSAIR Vengeance RGB 96GB DDR5-6000 CL30","/assets/hardware/memory-storage-corsair-ddr5.webp","CORSAIR VENGEANCE DDR5 black two-module kit (family image)","reference","false","https://www.corsair.com/us/en/p/memory/cmk32gx5m2b6000c30/vengeance-32gb-2x16gb-ddr5-dram-6000mt-s-c30-memory-kit-black-cmk32gx5m2b6000c30","not recorded","metadata audit; not a complete visual or rights verification"
"c-ram-corsair-vengeance-64gb-ddr5-6000-cl30","CORSAIR Vengeance 64GB DDR5-6000 CL30","/assets/hardware/memory-storage-corsair-ddr5.webp","CORSAIR VENGEANCE DDR5 black two-module kit (family image)","family","false","https://www.corsair.com/us/en/p/memory/cmk32gx5m2b6000c30/vengeance-32gb-2x16gb-ddr5-dram-6000mt-s-c30-memory-kit-black-cmk32gx5m2b6000c30","not recorded","metadata audit; not a complete visual or rights verification"
"c-ram-corsair-vengeance-48gb-ddr5-6400-cl36","CORSAIR Vengeance 48GB DDR5-6400 CL36","/assets/hardware/memory-storage-corsair-ddr5.webp","CORSAIR VENGEANCE DDR5 black two-module kit (family image)","family","false","https://www.corsair.com/us/en/p/memory/cmk32gx5m2b6000c30/vengeance-32gb-2x16gb-ddr5-dram-6000mt-s-c30-memory-kit-black-cmk32gx5m2b6000c30","not recorded","metadata audit; not a complete visual or rights verification"
"c-ram-corsair-vengeance-32gb-ddr5-5600-cl36","CORSAIR Vengeance 32GB DDR5-5600 CL36","/assets/hardware/memory-storage-corsair-ddr5.webp","CORSAIR VENGEANCE DDR5 black two-module kit (family image)","family","false","https://www.corsair.com/us/en/p/memory/cmk32gx5m2b6000c30/vengeance-32gb-2x16gb-ddr5-dram-6000mt-s-c30-memory-kit-black-cmk32gx5m2b6000c30","not recorded","metadata audit; not a complete visual or rights verification"
"c-ram-corsair-vengeance-lpx-64gb-ddr4-3600-cl18","CORSAIR Vengeance LPX 64GB DDR4-3600 CL18","/assets/hardware/memory-storage-corsair-lpx.webp","CORSAIR VENGEANCE LPX DDR4 32GB CMK32GX4M2E3200C16","family","false","https://www.corsair.com/us/en/p/memory/cmk32gx4m2e3200c16/vengeance-lpx-32gb-2-x-16gb-ddr4-dram-3200mhz-c16-memory-kit-black-cmk32gx4m2e3200c16","not recorded","metadata audit; not a complete visual or rights verification"
"c-ram-corsair-vengeance-rgb-pro-32gb-ddr4-3600-cl18","CORSAIR Vengeance RGB Pro 32GB DDR4-3600 CL18","/assets/hardware/memory-storage-corsair-lpx.webp","CORSAIR VENGEANCE LPX DDR4 32GB CMK32GX4M2E3200C16","reference","false","https://www.corsair.com/us/en/p/memory/cmk32gx4m2e3200c16/vengeance-lpx-32gb-2-x-16gb-ddr4-dram-3200mhz-c16-memory-kit-black-cmk32gx4m2e3200c16","not recorded","metadata audit; not a complete visual or rights verification"
"c-ram-corsair-vengeance-lpx-16gb-ddr4-3200-cl16","CORSAIR Vengeance LPX 16GB DDR4-3200 CL16","/assets/hardware/memory-storage-corsair-lpx.webp","CORSAIR VENGEANCE LPX DDR4 32GB CMK32GX4M2E3200C16","family","false","https://www.corsair.com/us/en/p/memory/cmk32gx4m2e3200c16/vengeance-lpx-32gb-2-x-16gb-ddr4-dram-3200mhz-c16-memory-kit-black-cmk32gx4m2e3200c16","not recorded","metadata audit; not a complete visual or rights verification"
"c-ram-g-skill-trident-z5-rgb-48gb-ddr5-8400-cl40","G.SKILL Trident Z5 RGB 48GB DDR5-8400 CL40","/assets/hardware/memory-storage-gskill-z5.jpg","G.SKILL Trident Z5 Neo RGB DDR5-5600 32GB F5-5600J2834F16GX2-TZ5NR","reference","false","https://www.walmart.com/ip/1658538623","not recorded","metadata audit; not a complete visual or rights verification"
"c-ram-g-skill-trident-z5-rgb-32gb-ddr5-7200-cl34","G.SKILL Trident Z5 RGB 32GB DDR5-7200 CL34","/assets/hardware/memory-storage-gskill-z5.jpg","G.SKILL Trident Z5 Neo RGB DDR5-5600 32GB F5-5600J2834F16GX2-TZ5NR","reference","false","https://www.walmart.com/ip/1658538623","not recorded","metadata audit; not a complete visual or rights verification"
"c-ram-g-skill-trident-z5-neo-rgb-64gb-ddr5-6000-cl30","G.SKILL Trident Z5 Neo RGB 64GB DDR5-6000 CL30","/assets/hardware/memory-storage-gskill-z5.jpg","G.SKILL Trident Z5 Neo RGB DDR5-5600 32GB F5-5600J2834F16GX2-TZ5NR","family","false","https://www.walmart.com/ip/1658538623","not recorded","metadata audit; not a complete visual or rights verification"
"c-ram-g-skill-trident-z5-neo-rgb-32gb-ddr5-6000-cl30","G.SKILL Trident Z5 Neo RGB 32GB DDR5-6000 CL30","/assets/hardware/memory-storage-gskill-z5.jpg","G.SKILL Trident Z5 Neo RGB DDR5-5600 32GB F5-5600J2834F16GX2-TZ5NR","family","false","https://www.walmart.com/ip/1658538623","not recorded","metadata audit; not a complete visual or rights verification"
"c-ram-g-skill-ripjaws-s5-96gb-ddr5-5600-cl40","G.SKILL Ripjaws S5 96GB DDR5-5600 CL40","/assets/hardware/memory-storage-gskill-z5.jpg","G.SKILL Trident Z5 Neo RGB DDR5-5600 32GB F5-5600J2834F16GX2-TZ5NR","reference","false","https://www.walmart.com/ip/1658538623","not recorded","metadata audit; not a complete visual or rights verification"
"c-ram-g-skill-ripjaws-s5-32gb-ddr5-6000-cl30","G.SKILL Ripjaws S5 32GB DDR5-6000 CL30","/assets/hardware/memory-storage-gskill-z5.jpg","G.SKILL Trident Z5 Neo RGB DDR5-5600 32GB F5-5600J2834F16GX2-TZ5NR","reference","false","https://www.walmart.com/ip/1658538623","not recorded","metadata audit; not a complete visual or rights verification"
"c-ram-g-skill-trident-z-royal-elite-32gb-ddr4-4000-cl16","G.SKILL Trident Z Royal Elite 32GB DDR4-4000 CL16","/assets/hardware/memory-storage-gskill-zneo.jpg","G.SKILL Trident Z Neo 32GB DDR4-3600 CL18 F4-3600C18D-32GTZN","reference","false","https://www.ebay.com/itm/317741335507","not recorded","metadata audit; not a complete visual or rights verification"
"c-ram-g-skill-trident-z-neo-32gb-ddr4-3600-cl16","G.SKILL Trident Z Neo 32GB DDR4-3600 CL16","/assets/hardware/memory-storage-gskill-zneo.jpg","G.SKILL Trident Z Neo 32GB DDR4-3600 CL18 F4-3600C18D-32GTZN","family","false","https://www.ebay.com/itm/317741335507","not recorded","metadata audit; not a complete visual or rights verification"
"c-ram-g-skill-ripjaws-v-16gb-ddr4-3200-cl16","G.SKILL Ripjaws V 16GB DDR4-3200 CL16","/assets/hardware/memory-storage-gskill-ripjaws.png","G.SKILL Ripjaws V DDR4-3200 module (128GB kit announcement)","family","false","https://www.gskill.com/community/1502239313/1525326815/G.SKILL-Announces-New-DDR4-3200MHz-128GB-16GBx8-Memory-Kit","not recorded","metadata audit; not a complete visual or rights verification"
"c-ram-kingston-fury-renegade-rgb-96gb-ddr5-6400-cl32","Kingston FURY Renegade RGB 96GB DDR5-6400 CL32","/assets/hardware/memory-storage-kingston-ddr5.jpg","Kingston FURY Beast DDR5 32GB DDR5-6000 CL36 single module","reference","false","https://www.spdigital.cl/32gb-6000mts-ddr5-cl36-dimm-fury-beast-black-expo/","not recorded","metadata audit; not a complete visual or rights verification"
"c-ram-kingston-fury-renegade-48gb-ddr5-7200-cl38","Kingston FURY Renegade 48GB DDR5-7200 CL38","/assets/hardware/memory-storage-kingston-ddr5.jpg","Kingston FURY Beast DDR5 32GB DDR5-6000 CL36 single module","reference","false","https://www.spdigital.cl/32gb-6000mts-ddr5-cl36-dimm-fury-beast-black-expo/","not recorded","metadata audit; not a complete visual or rights verification"
"c-ram-kingston-fury-beast-rgb-64gb-ddr5-6000-cl36","Kingston FURY Beast RGB 64GB DDR5-6000 CL36","/assets/hardware/memory-storage-kingston-ddr5.jpg","Kingston FURY Beast DDR5 32GB DDR5-6000 CL36 single module","reference","false","https://www.spdigital.cl/32gb-6000mts-ddr5-cl36-dimm-fury-beast-black-expo/","not recorded","metadata audit; not a complete visual or rights verification"
"c-ram-kingston-fury-beast-32gb-ddr5-5600-cl36","Kingston FURY Beast 32GB DDR5-5600 CL36","/assets/hardware/memory-storage-kingston-ddr5.jpg","Kingston FURY Beast DDR5 32GB DDR5-6000 CL36 single module","family","false","https://www.spdigital.cl/32gb-6000mts-ddr5-cl36-dimm-fury-beast-black-expo/","not recorded","metadata audit; not a complete visual or rights verification"
"c-ram-kingston-fury-renegade-rgb-32gb-ddr4-3600-cl16","Kingston FURY Renegade RGB 32GB DDR4-3600 CL16","/assets/hardware/memory-storage-kingston-ddr4.jpg","Kingston FURY Beast Black DDR4 (capacity unspecified)","reference","false","https://www.kingston.com/de/memory/gaming/kingston-fury-beast-ddr4-memory","not recorded","metadata audit; not a complete visual or rights verification"
"c-ram-kingston-fury-beast-16gb-ddr4-3200-cl16","Kingston FURY Beast 16GB DDR4-3200 CL16","/assets/hardware/memory-storage-kingston-ddr4.jpg","Kingston FURY Beast Black DDR4 (capacity unspecified)","family","false","https://www.kingston.com/de/memory/gaming/kingston-fury-beast-ddr4-memory","not recorded","metadata audit; not a complete visual or rights verification"
"c-ram-crucial-pro-overclocking-64gb-ddr5-6000-cl36","Crucial Pro Overclocking 64GB DDR5-6000 CL36","/assets/hardware/memory-storage-crucial-oc.jpg","Crucial Pro Overclocking DDR5-6000 32GB CP2K16G60C36U5B","family","false","https://www.theitdepot.com/crucial_pro_overclocking_32gb_kit_2x16gb_ddr5-6000_udimm_black_cp2k16g60c36u5b","not recorded","metadata audit; not a complete visual or rights verification"
"c-ram-crucial-pro-overclocking-32gb-ddr5-6000-cl36","Crucial Pro Overclocking 32GB DDR5-6000 CL36","/assets/hardware/memory-storage-crucial-oc.jpg","Crucial Pro Overclocking DDR5-6000 32GB CP2K16G60C36U5B","family","false","https://www.theitdepot.com/crucial_pro_overclocking_32gb_kit_2x16gb_ddr5-6000_udimm_black_cp2k16g60c36u5b","not recorded","metadata audit; not a complete visual or rights verification"
"c-ram-crucial-pro-64gb-ddr5-5600-cl46","Crucial Pro 64GB DDR5-5600 CL46","/assets/hardware/memory-storage-crucial-pro.jpg","Crucial Pro DDR5-6000 CL48 48GB (2x24GB) CP2K24G60C48U5","family","false","https://www.idealo.es/precios/203417544/crucial-pro-48gb-kit-ddr5-6000-cl48-cp2k24g60c48u5.html","not recorded","metadata audit; not a complete visual or rights verification"
"c-ram-crucial-32gb-ddr5-4800-cl40","Crucial 32GB DDR5-4800 CL40","/assets/hardware/memory-storage-crucial-pro.jpg","Crucial Pro DDR5-6000 CL48 48GB (2x24GB) CP2K24G60C48U5","reference","false","https://www.idealo.es/precios/203417544/crucial-pro-48gb-kit-ddr5-6000-cl48-cp2k24g60c48u5.html","not recorded","metadata audit; not a complete visual or rights verification"
"c-ram-crucial-pro-64gb-ddr4-3200-cl22","Crucial Pro 64GB DDR4-3200 CL22","/assets/hardware/memory-storage-crucial-ddr4.jpg","Crucial 8GB DDR4-3200 UDIMM CT8G4DFRA32A","reference","false","https://kr.rs-online.com/web/p/ram/2069241","not recorded","metadata audit; not a complete visual or rights verification"
"c-ram-crucial-ballistix-max-32gb-ddr4-4000-cl18","Crucial Ballistix MAX 32GB DDR4-4000 CL18","/assets/hardware/memory-storage-crucial-ddr4.jpg","Crucial 8GB DDR4-3200 UDIMM CT8G4DFRA32A","reference","false","https://kr.rs-online.com/web/p/ram/2069241","not recorded","metadata audit; not a complete visual or rights verification"
"c-ram-crucial-16gb-ddr4-3200-cl22","Crucial 16GB DDR4-3200 CL22","/assets/hardware/memory-storage-crucial-ddr4.jpg","Crucial 8GB DDR4-3200 UDIMM CT8G4DFRA32A","family","false","https://kr.rs-online.com/web/p/ram/2069241","not recorded","metadata audit; not a complete visual or rights verification"
"c-ram-teamgroup-t-force-xtreem-48gb-ddr5-8200-cl38","TEAMGROUP T-Force Xtreem 48GB DDR5-8200 CL38","/assets/hardware/memory-storage-team-delta.jpg","TEAMGROUP T-FORCE DELTA RGB DDR5 black single module (family gallery image)","reference","false","https://www.teamgroupinc.com/en/product-detail/memory/T-FORCE/delta-rgb-ddr5-black/delta-rgb-ddr5-black-FF3D532G6000HC30DC01/","not recorded","metadata audit; not a complete visual or rights verification"
"c-ram-teamgroup-t-force-delta-rgb-64gb-ddr5-6400-cl40","TEAMGROUP T-Force Delta RGB 64GB DDR5-6400 CL40","/assets/hardware/memory-storage-team-delta.jpg","TEAMGROUP T-FORCE DELTA RGB DDR5 black single module (family gallery image)","family","false","https://www.teamgroupinc.com/en/product-detail/memory/T-FORCE/delta-rgb-ddr5-black/delta-rgb-ddr5-black-FF3D532G6000HC30DC01/","not recorded","metadata audit; not a complete visual or rights verification"
"c-ram-teamgroup-t-create-expert-96gb-ddr5-6000-cl34","TEAMGROUP T-Create Expert 96GB DDR5-6000 CL34","/assets/hardware/memory-storage-team-delta.jpg","TEAMGROUP T-FORCE DELTA RGB DDR5 black single module (family gallery image)","reference","false","https://www.teamgroupinc.com/en/product-detail/memory/T-FORCE/delta-rgb-ddr5-black/delta-rgb-ddr5-black-FF3D532G6000HC30DC01/","not recorded","metadata audit; not a complete visual or rights verification"
"c-ram-teamgroup-t-create-classic-32gb-ddr5-5600-cl46","TEAMGROUP T-Create Classic 32GB DDR5-5600 CL46","/assets/hardware/memory-storage-team-delta.jpg","TEAMGROUP T-FORCE DELTA RGB DDR5 black single module (family gallery image)","reference","false","https://www.teamgroupinc.com/en/product-detail/memory/T-FORCE/delta-rgb-ddr5-black/delta-rgb-ddr5-black-FF3D532G6000HC30DC01/","not recorded","metadata audit; not a complete visual or rights verification"
"c-ram-teamgroup-t-force-xtreem-argb-32gb-ddr4-3600-cl14","TEAMGROUP T-Force Xtreem ARGB 32GB DDR4-3600 CL14","/assets/hardware/memory-storage-team-delta.jpg","TEAMGROUP T-FORCE DELTA RGB DDR5 black single module (family gallery image)","reference","false","https://www.teamgroupinc.com/en/product-detail/memory/T-FORCE/delta-rgb-ddr5-black/delta-rgb-ddr5-black-FF3D532G6000HC30DC01/","not recorded","metadata audit; not a complete visual or rights verification"
"c-ram-teamgroup-t-force-vulcan-z-16gb-ddr4-3200-cl16","TEAMGROUP T-Force Vulcan Z 16GB DDR4-3200 CL16","/assets/hardware/memory-storage-team-delta.jpg","TEAMGROUP T-FORCE DELTA RGB DDR5 black single module (family gallery image)","reference","false","https://www.teamgroupinc.com/en/product-detail/memory/T-FORCE/delta-rgb-ddr5-black/delta-rgb-ddr5-black-FF3D532G6000HC30DC01/","not recorded","metadata audit; not a complete visual or rights verification"
"c-ssd-samsung-9100-pro-4tb","Samsung 9100 PRO 4TB","/assets/hardware/memory-storage-samsung990.optimized.jpg","Samsung 990 PRO 1TB MZ-V9P1T0BW","reference","false","https://smcinternational.in/storage/m2-nvme-gen4/samsung-990-pro-nvme-m2-gen4-ssd-1tb","not recorded","metadata audit; not a complete visual or rights verification"
"c-ssd-samsung-990-evo-plus-2tb","Samsung 990 EVO Plus 2TB","/assets/hardware/memory-storage-samsung990.optimized.jpg","Samsung 990 PRO 1TB MZ-V9P1T0BW","reference","false","https://smcinternational.in/storage/m2-nvme-gen4/samsung-990-pro-nvme-m2-gen4-ssd-1tb","not recorded","metadata audit; not a complete visual or rights verification"
"c-ssd-samsung-990-evo-2tb","Samsung 990 EVO 2TB","/assets/hardware/memory-storage-samsung990.optimized.jpg","Samsung 990 PRO 1TB MZ-V9P1T0BW","reference","false","https://smcinternational.in/storage/m2-nvme-gen4/samsung-990-pro-nvme-m2-gen4-ssd-1tb","not recorded","metadata audit; not a complete visual or rights verification"
"c-ssd-samsung-980-pro-2tb","Samsung 980 PRO 2TB","/assets/hardware/memory-storage-samsung990.optimized.jpg","Samsung 990 PRO 1TB MZ-V9P1T0BW","reference","false","https://smcinternational.in/storage/m2-nvme-gen4/samsung-990-pro-nvme-m2-gen4-ssd-1tb","not recorded","metadata audit; not a complete visual or rights verification"
"c-ssd-samsung-980-1tb","Samsung 980 1TB","/assets/hardware/memory-storage-samsung990.optimized.jpg","Samsung 990 PRO 1TB MZ-V9P1T0BW","reference","false","https://smcinternational.in/storage/m2-nvme-gen4/samsung-990-pro-nvme-m2-gen4-ssd-1tb","not recorded","metadata audit; not a complete visual or rights verification"
"c-ssd-samsung-970-evo-plus-2tb","Samsung 970 EVO Plus 2TB","/assets/hardware/memory-storage-samsung990.optimized.jpg","Samsung 990 PRO 1TB MZ-V9P1T0BW","reference","false","https://smcinternational.in/storage/m2-nvme-gen4/samsung-990-pro-nvme-m2-gen4-ssd-1tb","not recorded","metadata audit; not a complete visual or rights verification"
"c-ssd-samsung-970-pro-1tb","Samsung 970 PRO 1TB","/assets/hardware/memory-storage-samsung990.optimized.jpg","Samsung 990 PRO 1TB MZ-V9P1T0BW","reference","false","https://smcinternational.in/storage/m2-nvme-gen4/samsung-990-pro-nvme-m2-gen4-ssd-1tb","not recorded","metadata audit; not a complete visual or rights verification"
"c-ssd-samsung-960-evo-1tb","Samsung 960 EVO 1TB","/assets/hardware/memory-storage-samsung990.optimized.jpg","Samsung 990 PRO 1TB MZ-V9P1T0BW","reference","false","https://smcinternational.in/storage/m2-nvme-gen4/samsung-990-pro-nvme-m2-gen4-ssd-1tb","not recorded","metadata audit; not a complete visual or rights verification"
"c-ssd-samsung-870-evo-4tb","Samsung 870 EVO 4TB","/assets/hardware/memory-storage-samsung870.png","Samsung 870 EVO 500GB SATA 2.5-inch SSD","family","false","https://shop.pegasus.hk/products/204718/Samsung-%E4%B8%89%E6%98%9F-870-EVO-500GB-SATA-III-SSD","not recorded","metadata audit; not a complete visual or rights verification"
"c-ssd-samsung-870-qvo-8tb","Samsung 870 QVO 8TB","/assets/hardware/memory-storage-samsung870.png","Samsung 870 EVO 500GB SATA 2.5-inch SSD","reference","false","https://shop.pegasus.hk/products/204718/Samsung-%E4%B8%89%E6%98%9F-870-EVO-500GB-SATA-III-SSD","not recorded","metadata audit; not a complete visual or rights verification"
"c-ssd-samsung-860-evo-4tb","Samsung 860 EVO 4TB","/assets/hardware/memory-storage-samsung870.png","Samsung 870 EVO 500GB SATA 2.5-inch SSD","reference","false","https://shop.pegasus.hk/products/204718/Samsung-%E4%B8%89%E6%98%9F-870-EVO-500GB-SATA-III-SSD","not recorded","metadata audit; not a complete visual or rights verification"
"c-ssd-samsung-850-evo-1tb","Samsung 850 EVO 1TB","/assets/hardware/memory-storage-samsung870.png","Samsung 870 EVO 500GB SATA 2.5-inch SSD","reference","false","https://shop.pegasus.hk/products/204718/Samsung-%E4%B8%89%E6%98%9F-870-EVO-500GB-SATA-III-SSD","not recorded","metadata audit; not a complete visual or rights verification"
"c-ssd-wd-black-sn850x-4tb","WD_BLACK SN850X 4TB","/assets/hardware/memory-storage-wd-sn850x.png","WD_BLACK SN850X NVMe SSD (capacity unspecified)","family","false","https://www.westerndigital.com/products/internal-drives/wd-black-sn850x-nvme-ssd","not recorded","metadata audit; not a complete visual or rights verification"
"c-ssd-wd-black-sn850x-2tb","WD_BLACK SN850X 2TB","/assets/hardware/memory-storage-wd-sn850x.png","WD_BLACK SN850X NVMe SSD (capacity unspecified)","family","false","https://www.westerndigital.com/products/internal-drives/wd-black-sn850x-nvme-ssd","not recorded","metadata audit; not a complete visual or rights verification"
"c-ssd-wd-black-sn770-2tb","WD_BLACK SN770 2TB","/assets/hardware/memory-storage-wd-sn850x.png","WD_BLACK SN850X NVMe SSD (capacity unspecified)","reference","false","https://www.westerndigital.com/products/internal-drives/wd-black-sn850x-nvme-ssd","not recorded","metadata audit; not a complete visual or rights verification"
"c-ssd-wd-blue-sn580-2tb","WD Blue SN580 2TB","/assets/hardware/memory-storage-wd-sn850x.png","WD_BLACK SN850X NVMe SSD (capacity unspecified)","reference","false","https://www.westerndigital.com/products/internal-drives/wd-black-sn850x-nvme-ssd","not recorded","metadata audit; not a complete visual or rights verification"
"c-ssd-wd-blue-sn570-1tb","WD Blue SN570 1TB","/assets/hardware/memory-storage-wd-sn850x.png","WD_BLACK SN850X NVMe SSD (capacity unspecified)","reference","false","https://www.westerndigital.com/products/internal-drives/wd-black-sn850x-nvme-ssd","not recorded","metadata audit; not a complete visual or rights verification"
"c-ssd-wd-green-sn350-1tb","WD Green SN350 1TB","/assets/hardware/memory-storage-wd-sn850x.png","WD_BLACK SN850X NVMe SSD (capacity unspecified)","reference","false","https://www.westerndigital.com/products/internal-drives/wd-black-sn850x-nvme-ssd","not recorded","metadata audit; not a complete visual or rights verification"
"c-ssd-wd-blue-sa510-4tb","WD Blue SA510 4TB","/assets/hardware/memory-storage-wd-sa510.png","WD Blue SA510 250GB SATA 2.5-inch SSD","family","false","https://www.westerndigital.com/products/internal-drives/wd-blue-sa510-sata-2-5-ssd","not recorded","metadata audit; not a complete visual or rights verification"
"c-ssd-crucial-t705-4tb","Crucial T705 4TB","/assets/hardware/memory-storage-t705.jpg","Crucial T705 4TB CT4000T705SSD3","exact","false","https://www.ldlc.com/es-es/ficha/PB00602373.html","not recorded","metadata audit; not a complete visual or rights verification"
"c-ssd-crucial-t700-4tb","Crucial T700 4TB","/assets/hardware/memory-storage-t705.jpg","Crucial T705 4TB CT4000T705SSD3","reference","false","https://www.ldlc.com/es-es/ficha/PB00602373.html","not recorded","metadata audit; not a complete visual or rights verification"
"c-ssd-crucial-t500-2tb","Crucial T500 2TB","/assets/hardware/memory-storage-t705.jpg","Crucial T705 4TB CT4000T705SSD3","reference","false","https://www.ldlc.com/es-es/ficha/PB00602373.html","not recorded","metadata audit; not a complete visual or rights verification"
"c-ssd-crucial-p5-plus-2tb","Crucial P5 Plus 2TB","/assets/hardware/memory-storage-t705.jpg","Crucial T705 4TB CT4000T705SSD3","reference","false","https://www.ldlc.com/es-es/ficha/PB00602373.html","not recorded","metadata audit; not a complete visual or rights verification"
"c-ssd-crucial-p3-plus-4tb","Crucial P3 Plus 4TB","/assets/hardware/memory-storage-t705.jpg","Crucial T705 4TB CT4000T705SSD3","reference","false","https://www.ldlc.com/es-es/ficha/PB00602373.html","not recorded","metadata audit; not a complete visual or rights verification"
"c-ssd-crucial-p3-4tb","Crucial P3 4TB","/assets/hardware/memory-storage-t705.jpg","Crucial T705 4TB CT4000T705SSD3","reference","false","https://www.ldlc.com/es-es/ficha/PB00602373.html","not recorded","metadata audit; not a complete visual or rights verification"
"c-ssd-crucial-mx500-4tb","Crucial MX500 4TB","/assets/hardware/memory-storage-mx500.jpg","Crucial MX500 500GB CT500MX500SSD1","family","false","https://www.ebay.de/itm/265069707081","not recorded","metadata audit; not a complete visual or rights verification"
"c-ssd-crucial-bx500-2tb","Crucial BX500 2TB","/assets/hardware/memory-storage-mx500.jpg","Crucial MX500 500GB CT500MX500SSD1","reference","false","https://www.ebay.de/itm/265069707081","not recorded","metadata audit; not a complete visual or rights verification"
"c-ssd-kingston-fury-renegade-g5-4tb","Kingston FURY Renegade G5 4TB","/assets/hardware/memory-storage-kc3000.jpg","Kingston KC3000 4TB SKC3000D/4096GB","reference","false","https://www.jarcomputers.com/kingston-kc3000-4096gb-m2-2280-skc3000d4096gb-prod-ssdkingstonskc3000d4096gb.html","not recorded","metadata audit; not a complete visual or rights verification"
"c-ssd-kingston-fury-renegade-4tb","Kingston FURY Renegade 4TB","/assets/hardware/memory-storage-kc3000.jpg","Kingston KC3000 4TB SKC3000D/4096GB","reference","false","https://www.jarcomputers.com/kingston-kc3000-4096gb-m2-2280-skc3000d4096gb-prod-ssdkingstonskc3000d4096gb.html","not recorded","metadata audit; not a complete visual or rights verification"
"c-ssd-kingston-kc3000-4tb","Kingston KC3000 4TB","/assets/hardware/memory-storage-kc3000.jpg","Kingston KC3000 4TB SKC3000D/4096GB","exact","false","https://www.jarcomputers.com/kingston-kc3000-4096gb-m2-2280-skc3000d4096gb-prod-ssdkingstonskc3000d4096gb.html","not recorded","metadata audit; not a complete visual or rights verification"
"c-ssd-kingston-nv3-4tb","Kingston NV3 4TB","/assets/hardware/memory-storage-kc3000.jpg","Kingston KC3000 4TB SKC3000D/4096GB","reference","false","https://www.jarcomputers.com/kingston-kc3000-4096gb-m2-2280-skc3000d4096gb-prod-ssdkingstonskc3000d4096gb.html","not recorded","metadata audit; not a complete visual or rights verification"
"c-ssd-kingston-nv2-2tb","Kingston NV2 2TB","/assets/hardware/memory-storage-kc3000.jpg","Kingston KC3000 4TB SKC3000D/4096GB","reference","false","https://www.jarcomputers.com/kingston-kc3000-4096gb-m2-2280-skc3000d4096gb-prod-ssdkingstonskc3000d4096gb.html","not recorded","metadata audit; not a complete visual or rights verification"
"c-ssd-kingston-a400-1-92tb","Kingston A400 1.92TB","/assets/hardware/memory-storage-wd-sa510.png","WD Blue SA510 250GB SATA 2.5-inch SSD","reference","false","https://www.westerndigital.com/products/internal-drives/wd-blue-sa510-sata-2-5-ssd","not recorded","metadata audit; not a complete visual or rights verification"
"c-ssd-seagate-firecuda-540-4tb","Seagate FireCuda 540 4TB","/assets/hardware/memory-storage-firecuda530.jpg","Seagate FireCuda 530 PCIe Gen4 SSD (capacity unspecified)","reference","false","https://www.hardwareluxx.de/index.php/news/hardware/festplatten/56523-4-tb-und-bis-zu-7-300-mb-s-seagate-stellt-die-firecuda-530-vor.html","not recorded","metadata audit; not a complete visual or rights verification"
"c-ssd-seagate-firecuda-530r-4tb","Seagate FireCuda 530R 4TB","/assets/hardware/memory-storage-firecuda530.jpg","Seagate FireCuda 530 PCIe Gen4 SSD (capacity unspecified)","reference","false","https://www.hardwareluxx.de/index.php/news/hardware/festplatten/56523-4-tb-und-bis-zu-7-300-mb-s-seagate-stellt-die-firecuda-530-vor.html","not recorded","metadata audit; not a complete visual or rights verification"
"c-ssd-seagate-firecuda-530-4tb","Seagate FireCuda 530 4TB","/assets/hardware/memory-storage-firecuda530.jpg","Seagate FireCuda 530 PCIe Gen4 SSD (capacity unspecified)","family","false","https://www.hardwareluxx.de/index.php/news/hardware/festplatten/56523-4-tb-und-bis-zu-7-300-mb-s-seagate-stellt-die-firecuda-530-vor.html","not recorded","metadata audit; not a complete visual or rights verification"
"c-ssd-seagate-firecuda-520-2tb","Seagate FireCuda 520 2TB","/assets/hardware/memory-storage-firecuda530.jpg","Seagate FireCuda 530 PCIe Gen4 SSD (capacity unspecified)","reference","false","https://www.hardwareluxx.de/index.php/news/hardware/festplatten/56523-4-tb-und-bis-zu-7-300-mb-s-seagate-stellt-die-firecuda-530-vor.html","not recorded","metadata audit; not a complete visual or rights verification"
"c-ssd-seagate-barracuda-q5-2tb","Seagate BarraCuda Q5 2TB","/assets/hardware/memory-storage-firecuda530.jpg","Seagate FireCuda 530 PCIe Gen4 SSD (capacity unspecified)","reference","false","https://www.hardwareluxx.de/index.php/news/hardware/festplatten/56523-4-tb-und-bis-zu-7-300-mb-s-seagate-stellt-die-firecuda-530-vor.html","not recorded","metadata audit; not a complete visual or rights verification"
"c-ssd-sabrent-rocket-5-4tb","Sabrent Rocket 5 4TB","/assets/hardware/memory-storage-sabrent-rocket.jpg","Sabrent Rocket 4 Plus 2TB SB-RKT4P-2TB","reference","false","https://sabrent.com/products/sb-rkt4p-2tb","not recorded","metadata audit; not a complete visual or rights verification"
"c-ssd-sabrent-rocket-4-plus-g-4tb","Sabrent Rocket 4 Plus-G 4TB","/assets/hardware/memory-storage-sabrent-rocket.jpg","Sabrent Rocket 4 Plus 2TB SB-RKT4P-2TB","reference","false","https://sabrent.com/products/sb-rkt4p-2tb","not recorded","metadata audit; not a complete visual or rights verification"
"c-ssd-sabrent-rocket-q4-4tb","Sabrent Rocket Q4 4TB","/assets/hardware/memory-storage-sabrent-rocket.jpg","Sabrent Rocket 4 Plus 2TB SB-RKT4P-2TB","reference","false","https://sabrent.com/products/sb-rkt4p-2tb","not recorded","metadata audit; not a complete visual or rights verification"
"c-ssd-sabrent-rocket-q-8tb","Sabrent Rocket Q 8TB","/assets/hardware/memory-storage-sabrent-rocket.jpg","Sabrent Rocket 4 Plus 2TB SB-RKT4P-2TB","reference","false","https://sabrent.com/products/sb-rkt4p-2tb","not recorded","metadata audit; not a complete visual or rights verification"
"c-hdd-seagate-barracuda-8tb","Seagate BarraCuda 8TB","/assets/hardware/component-new-hdd-barracuda-500.jpg","Seagate Barracuda 500 GB","family","false","https://commons.wikimedia.org/wiki/File:Seagate_500gb_Barracuda_7200rpm_3.5_SATA_Hard_Disk.jpg","CC BY-SA 4.0","metadata audit; not a complete visual or rights verification"
"c-hdd-seagate-barracuda-4tb","Seagate BarraCuda 4TB","/assets/hardware/component-new-hdd-barracuda-500.jpg","Seagate Barracuda 500 GB","family","false","https://commons.wikimedia.org/wiki/File:Seagate_500gb_Barracuda_7200rpm_3.5_SATA_Hard_Disk.jpg","CC BY-SA 4.0","metadata audit; not a complete visual or rights verification"
"c-hdd-seagate-firecuda-8tb-hdd","Seagate FireCuda 8TB HDD","/assets/hardware/component-new-hdd-barracuda-500.jpg","Seagate Barracuda 500 GB","reference","false","https://commons.wikimedia.org/wiki/File:Seagate_500gb_Barracuda_7200rpm_3.5_SATA_Hard_Disk.jpg","CC BY-SA 4.0","metadata audit; not a complete visual or rights verification"
"c-hdd-seagate-ironwolf-24tb","Seagate IronWolf 24TB","/assets/hardware/component-new-hdd-barracuda-500.jpg","Seagate Barracuda 500 GB","reference","false","https://commons.wikimedia.org/wiki/File:Seagate_500gb_Barracuda_7200rpm_3.5_SATA_Hard_Disk.jpg","CC BY-SA 4.0","metadata audit; not a complete visual or rights verification"
"c-hdd-seagate-ironwolf-pro-24tb","Seagate IronWolf Pro 24TB","/assets/hardware/component-new-hdd-barracuda-500.jpg","Seagate Barracuda 500 GB","reference","false","https://commons.wikimedia.org/wiki/File:Seagate_500gb_Barracuda_7200rpm_3.5_SATA_Hard_Disk.jpg","CC BY-SA 4.0","metadata audit; not a complete visual or rights verification"
"c-hdd-seagate-exos-x24-24tb","Seagate Exos X24 24TB","/assets/hardware/component-new-hdd-barracuda-500.jpg","Seagate Barracuda 500 GB","reference","false","https://commons.wikimedia.org/wiki/File:Seagate_500gb_Barracuda_7200rpm_3.5_SATA_Hard_Disk.jpg","CC BY-SA 4.0","metadata audit; not a complete visual or rights verification"
"c-hdd-seagate-skyhawk-ai-24tb","Seagate SkyHawk AI 24TB","/assets/hardware/component-new-hdd-barracuda-500.jpg","Seagate Barracuda 500 GB","reference","false","https://commons.wikimedia.org/wiki/File:Seagate_500gb_Barracuda_7200rpm_3.5_SATA_Hard_Disk.jpg","CC BY-SA 4.0","metadata audit; not a complete visual or rights verification"
"c-hdd-wd-blue-8tb-hdd","WD Blue 8TB HDD","/assets/hardware/component-new-hdd-wdblue.jpg","Western Digital Caviar Blue 500 GB","family","false","https://commons.wikimedia.org/wiki/File:Western_Digital_3.5_Hard_Disk_Caviar_500gb_Blue.jpg","CC BY-SA 4.0","metadata audit; not a complete visual or rights verification"
"c-hdd-wd-blue-4tb-hdd","WD Blue 4TB HDD","/assets/hardware/component-new-hdd-wdblue.jpg","Western Digital Caviar Blue 500 GB","family","false","https://commons.wikimedia.org/wiki/File:Western_Digital_3.5_Hard_Disk_Caviar_500gb_Blue.jpg","CC BY-SA 4.0","metadata audit; not a complete visual or rights verification"
"c-hdd-wd-blue-2tb-hdd","WD Blue 2TB HDD","/assets/hardware/component-new-hdd-wdblue.jpg","Western Digital Caviar Blue 500 GB","family","false","https://commons.wikimedia.org/wiki/File:Western_Digital_3.5_Hard_Disk_Caviar_500gb_Blue.jpg","CC BY-SA 4.0","metadata audit; not a complete visual or rights verification"
"c-hdd-wd-black-10tb-hdd","WD_BLACK 10TB HDD","/assets/hardware/component-new-hdd-wdblue.jpg","Western Digital Caviar Blue 500 GB","reference","false","https://commons.wikimedia.org/wiki/File:Western_Digital_3.5_Hard_Disk_Caviar_500gb_Blue.jpg","CC BY-SA 4.0","metadata audit; not a complete visual or rights verification"
"c-hdd-wd-red-plus-12tb","WD Red Plus 12TB","/assets/hardware/component-new-hdd-wdred.jpg","Western Digital Red 4 TB","family","false","https://commons.wikimedia.org/wiki/File:Western_Digital_%22Red%22_4_TB_SATA_NAS-optimized_3.5-inch_HDD.jpg","CC BY-SA 3.0","metadata audit; not a complete visual or rights verification"
"c-hdd-wd-red-pro-24tb","WD Red Pro 24TB","/assets/hardware/official-component-official-wd-red-pro-24tb.png","WD Red Pro 24TB (WD241KFGX)","exact","false","https://www.westerndigital.com/en-ua/products/internal-drives/wd-red-pro-sata-hdd?sku=WD241KFGX","Manufacturer product image; copyright retained by the manufacturer","metadata audit; not a complete visual or rights verification"
"c-hdd-wd-gold-24tb","WD Gold 24TB","/assets/hardware/component-new-hdd-wdred.jpg","Western Digital Red 4 TB","reference","false","https://commons.wikimedia.org/wiki/File:Western_Digital_%22Red%22_4_TB_SATA_NAS-optimized_3.5-inch_HDD.jpg","CC BY-SA 3.0","metadata audit; not a complete visual or rights verification"
"c-hdd-wd-purple-pro-24tb","WD Purple Pro 24TB","/assets/hardware/component-new-hdd-wdred.jpg","Western Digital Red 4 TB","reference","false","https://commons.wikimedia.org/wiki/File:Western_Digital_%22Red%22_4_TB_SATA_NAS-optimized_3.5-inch_HDD.jpg","CC BY-SA 3.0","metadata audit; not a complete visual or rights verification"
"c-hdd-toshiba-x300-pro-22tb","Toshiba X300 Pro 22TB","/assets/hardware/component-new-hdd-barracuda-500.jpg","Seagate Barracuda 500 GB","reference","false","https://commons.wikimedia.org/wiki/File:Seagate_500gb_Barracuda_7200rpm_3.5_SATA_Hard_Disk.jpg","CC BY-SA 4.0","metadata audit; not a complete visual or rights verification"
"c-hdd-toshiba-x300-18tb","Toshiba X300 18TB","/assets/hardware/component-new-hdd-barracuda-500.jpg","Seagate Barracuda 500 GB","reference","false","https://commons.wikimedia.org/wiki/File:Seagate_500gb_Barracuda_7200rpm_3.5_SATA_Hard_Disk.jpg","CC BY-SA 4.0","metadata audit; not a complete visual or rights verification"
"c-hdd-toshiba-n300-pro-22tb","Toshiba N300 Pro 22TB","/assets/hardware/component-new-hdd-barracuda-500.jpg","Seagate Barracuda 500 GB","reference","false","https://commons.wikimedia.org/wiki/File:Seagate_500gb_Barracuda_7200rpm_3.5_SATA_Hard_Disk.jpg","CC BY-SA 4.0","metadata audit; not a complete visual or rights verification"
"c-hdd-toshiba-n300-18tb","Toshiba N300 18TB","/assets/hardware/component-new-hdd-barracuda-500.jpg","Seagate Barracuda 500 GB","reference","false","https://commons.wikimedia.org/wiki/File:Seagate_500gb_Barracuda_7200rpm_3.5_SATA_Hard_Disk.jpg","CC BY-SA 4.0","metadata audit; not a complete visual or rights verification"
"c-hdd-toshiba-p300-6tb","Toshiba P300 6TB","/assets/hardware/component-new-hdd-barracuda-500.jpg","Seagate Barracuda 500 GB","reference","false","https://commons.wikimedia.org/wiki/File:Seagate_500gb_Barracuda_7200rpm_3.5_SATA_Hard_Disk.jpg","CC BY-SA 4.0","metadata audit; not a complete visual or rights verification"
"c-hdd-toshiba-s300-pro-10tb","Toshiba S300 Pro 10TB","/assets/hardware/component-new-hdd-barracuda-500.jpg","Seagate Barracuda 500 GB","reference","false","https://commons.wikimedia.org/wiki/File:Seagate_500gb_Barracuda_7200rpm_3.5_SATA_Hard_Disk.jpg","CC BY-SA 4.0","metadata audit; not a complete visual or rights verification"
"c-hdd-toshiba-mg10-22tb","Toshiba MG10 22TB","/assets/hardware/component-new-hdd-barracuda-500.jpg","Seagate Barracuda 500 GB","reference","false","https://commons.wikimedia.org/wiki/File:Seagate_500gb_Barracuda_7200rpm_3.5_SATA_Hard_Disk.jpg","CC BY-SA 4.0","metadata audit; not a complete visual or rights verification"
"c-psu-corsair-ax1600i","CORSAIR AX1600i","/assets/hardware/official-component-official-corsair-ax1600i.png","CORSAIR AX1600i","exact","true","https://www.corsair.com/us/en/p/psu/cp-9020087-na/ax1600i-digital-atx-power-supply-1600-watt-fully-modular-psu-cp-9020087-na","Manufacturer product image; copyright retained by the manufacturer","metadata audit; not a complete visual or rights verification"
"c-psu-corsair-hx1500i","CORSAIR HX1500i","/assets/hardware/component-new-psu-corsair-modular.jpg","Corsair CX600M","reference","false","https://commons.wikimedia.org/wiki/File:Corsair_CX600M_1_2019-05-06.jpg","CC BY-SA 4.0","metadata audit; not a complete visual or rights verification"
"c-psu-corsair-hx1200i","CORSAIR HX1200i","/assets/hardware/component-new-psu-corsair-modular.jpg","Corsair CX600M","reference","false","https://commons.wikimedia.org/wiki/File:Corsair_CX600M_1_2019-05-06.jpg","CC BY-SA 4.0","metadata audit; not a complete visual or rights verification"
"c-psu-corsair-rm1200x-shift","CORSAIR RM1200x SHIFT","/assets/hardware/component-new-psu-corsair-modular.jpg","Corsair CX600M","reference","false","https://commons.wikimedia.org/wiki/File:Corsair_CX600M_1_2019-05-06.jpg","CC BY-SA 4.0","metadata audit; not a complete visual or rights verification"
"c-psu-corsair-rm1000x-shift","CORSAIR RM1000x SHIFT","/assets/hardware/official-component-official-corsair-rm1000x-shift.png","CORSAIR RM1000x SHIFT","exact","true","https://www.corsair.com/us/en/p/psu/cp-9020253-na/rm1000x-shift-80-plus-gold-fully-modular-atx-power-supply-cp-9020253-na","Manufacturer product image; copyright retained by the manufacturer","metadata audit; not a complete visual or rights verification"
"c-psu-corsair-rm850x-shift","CORSAIR RM850x SHIFT","/assets/hardware/component-new-psu-corsair-modular.jpg","Corsair CX600M","reference","false","https://commons.wikimedia.org/wiki/File:Corsair_CX600M_1_2019-05-06.jpg","CC BY-SA 4.0","metadata audit; not a complete visual or rights verification"
"c-psu-corsair-rm750x-shift","CORSAIR RM750x SHIFT","/assets/hardware/component-new-psu-corsair-modular.jpg","Corsair CX600M","reference","false","https://commons.wikimedia.org/wiki/File:Corsair_CX600M_1_2019-05-06.jpg","CC BY-SA 4.0","metadata audit; not a complete visual or rights verification"
"c-psu-corsair-sf1000","CORSAIR SF1000","/assets/hardware/component-new-psu-corsair-modular.jpg","Corsair CX600M","reference","false","https://commons.wikimedia.org/wiki/File:Corsair_CX600M_1_2019-05-06.jpg","CC BY-SA 4.0","metadata audit; not a complete visual or rights verification"
"c-psu-corsair-sf850","CORSAIR SF850","/assets/hardware/component-new-psu-corsair-modular.jpg","Corsair CX600M","reference","false","https://commons.wikimedia.org/wiki/File:Corsair_CX600M_1_2019-05-06.jpg","CC BY-SA 4.0","metadata audit; not a complete visual or rights verification"
"c-psu-corsair-sf750","CORSAIR SF750","/assets/hardware/component-new-psu-corsair-modular.jpg","Corsair CX600M","reference","false","https://commons.wikimedia.org/wiki/File:Corsair_CX600M_1_2019-05-06.jpg","CC BY-SA 4.0","metadata audit; not a complete visual or rights verification"
"c-psu-seasonic-prime-tx-1600-noctua-edition","Seasonic PRIME TX-1600 Noctua Edition","/assets/hardware/component-new-psu-corsair-modular.jpg","Corsair CX600M","reference","false","https://commons.wikimedia.org/wiki/File:Corsair_CX600M_1_2019-05-06.jpg","CC BY-SA 4.0","metadata audit; not a complete visual or rights verification"
"c-psu-seasonic-prime-tx-1300","Seasonic PRIME TX-1300","/assets/hardware/component-new-psu-corsair-modular.jpg","Corsair CX600M","reference","false","https://commons.wikimedia.org/wiki/File:Corsair_CX600M_1_2019-05-06.jpg","CC BY-SA 4.0","metadata audit; not a complete visual or rights verification"
"c-psu-seasonic-prime-px-1600","Seasonic PRIME PX-1600","/assets/hardware/component-new-psu-corsair-modular.jpg","Corsair CX600M","reference","false","https://commons.wikimedia.org/wiki/File:Corsair_CX600M_1_2019-05-06.jpg","CC BY-SA 4.0","metadata audit; not a complete visual or rights verification"
"c-psu-seasonic-vertex-px-1200","Seasonic VERTEX PX-1200","/assets/hardware/component-new-psu-corsair-modular.jpg","Corsair CX600M","reference","false","https://commons.wikimedia.org/wiki/File:Corsair_CX600M_1_2019-05-06.jpg","CC BY-SA 4.0","metadata audit; not a complete visual or rights verification"
"c-psu-seasonic-vertex-gx-1000","Seasonic VERTEX GX-1000","/assets/hardware/component-new-psu-corsair-modular.jpg","Corsair CX600M","reference","false","https://commons.wikimedia.org/wiki/File:Corsair_CX600M_1_2019-05-06.jpg","CC BY-SA 4.0","metadata audit; not a complete visual or rights verification"
"c-psu-seasonic-vertex-gx-850","Seasonic VERTEX GX-850","/assets/hardware/component-new-psu-corsair-modular.jpg","Corsair CX600M","reference","false","https://commons.wikimedia.org/wiki/File:Corsair_CX600M_1_2019-05-06.jpg","CC BY-SA 4.0","metadata audit; not a complete visual or rights verification"
"c-psu-seasonic-focus-gx-1000","Seasonic FOCUS GX-1000","/assets/hardware/component-new-psu-corsair-modular.jpg","Corsair CX600M","reference","false","https://commons.wikimedia.org/wiki/File:Corsair_CX600M_1_2019-05-06.jpg","CC BY-SA 4.0","metadata audit; not a complete visual or rights verification"
"c-psu-seasonic-focus-gx-850","Seasonic FOCUS GX-850","/assets/hardware/component-new-psu-corsair-modular.jpg","Corsair CX600M","reference","false","https://commons.wikimedia.org/wiki/File:Corsair_CX600M_1_2019-05-06.jpg","CC BY-SA 4.0","metadata audit; not a complete visual or rights verification"
"c-psu-seasonic-focus-gx-750","Seasonic FOCUS GX-750","/assets/hardware/component-new-psu-corsair-modular.jpg","Corsair CX600M","reference","false","https://commons.wikimedia.org/wiki/File:Corsair_CX600M_1_2019-05-06.jpg","CC BY-SA 4.0","metadata audit; not a complete visual or rights verification"
"c-psu-seasonic-core-gx-650","Seasonic CORE GX-650","/assets/hardware/component-new-psu-corsair-cx430.jpg","Corsair CX430","reference","false","https://commons.wikimedia.org/wiki/File:Corsair_CX430.JPG","CC BY 3.0","metadata audit; not a complete visual or rights verification"
"c-psu-evga-supernova-1600-p","EVGA SuperNOVA 1600 P+","/assets/hardware/component-new-psu-corsair-modular.jpg","Corsair CX600M","reference","false","https://commons.wikimedia.org/wiki/File:Corsair_CX600M_1_2019-05-06.jpg","CC BY-SA 4.0","metadata audit; not a complete visual or rights verification"
"c-psu-evga-supernova-1300-g","EVGA SuperNOVA 1300 G+","/assets/hardware/component-new-psu-corsair-modular.jpg","Corsair CX600M","reference","false","https://commons.wikimedia.org/wiki/File:Corsair_CX600M_1_2019-05-06.jpg","CC BY-SA 4.0","metadata audit; not a complete visual or rights verification"
"c-psu-evga-supernova-1000-g7","EVGA SuperNOVA 1000 G7","/assets/hardware/component-new-psu-corsair-modular.jpg","Corsair CX600M","reference","false","https://commons.wikimedia.org/wiki/File:Corsair_CX600M_1_2019-05-06.jpg","CC BY-SA 4.0","metadata audit; not a complete visual or rights verification"
"c-psu-evga-supernova-850-g7","EVGA SuperNOVA 850 G7","/assets/hardware/component-new-psu-corsair-modular.jpg","Corsair CX600M","reference","false","https://commons.wikimedia.org/wiki/File:Corsair_CX600M_1_2019-05-06.jpg","CC BY-SA 4.0","metadata audit; not a complete visual or rights verification"
"c-psu-evga-supernova-750-g7","EVGA SuperNOVA 750 G7","/assets/hardware/component-new-psu-corsair-modular.jpg","Corsair CX600M","reference","false","https://commons.wikimedia.org/wiki/File:Corsair_CX600M_1_2019-05-06.jpg","CC BY-SA 4.0","metadata audit; not a complete visual or rights verification"
"c-psu-evga-supernova-650-g6","EVGA SuperNOVA 650 G6","/assets/hardware/component-new-psu-corsair-modular.jpg","Corsair CX600M","reference","false","https://commons.wikimedia.org/wiki/File:Corsair_CX600M_1_2019-05-06.jpg","CC BY-SA 4.0","metadata audit; not a complete visual or rights verification"
"c-psu-evga-600-br","EVGA 600 BR","/assets/hardware/component-new-psu-corsair-cx430.jpg","Corsair CX430","reference","false","https://commons.wikimedia.org/wiki/File:Corsair_CX430.JPG","CC BY 3.0","metadata audit; not a complete visual or rights verification"
"c-psu-evga-500-w1","EVGA 500 W1","/assets/hardware/component-new-psu-corsair-cx430.jpg","Corsair CX430","reference","false","https://commons.wikimedia.org/wiki/File:Corsair_CX430.JPG","CC BY 3.0","metadata audit; not a complete visual or rights verification"
"c-psu-be-quiet-dark-power-pro-13-1600w","be quiet! Dark Power Pro 13 1600W","/assets/hardware/component-new-psu-bequiet-full.jpg","be quiet! Straight Power 12 1200W","reference","false","https://commons.wikimedia.org/wiki/File:Be_quiet!_Straight_Power_12_1200W_20240405_HOF1650-HDR_RAW-Export_000105.png","CC BY 4.0","metadata audit; not a complete visual or rights verification"
"c-psu-be-quiet-dark-power-13-1000w","be quiet! Dark Power 13 1000W","/assets/hardware/component-new-psu-bequiet-full.jpg","be quiet! Straight Power 12 1200W","reference","false","https://commons.wikimedia.org/wiki/File:Be_quiet!_Straight_Power_12_1200W_20240405_HOF1650-HDR_RAW-Export_000105.png","CC BY 4.0","metadata audit; not a complete visual or rights verification"
"c-psu-be-quiet-straight-power-12-1200w","be quiet! Straight Power 12 1200W","/assets/hardware/component-new-psu-bequiet-full.jpg","be quiet! Straight Power 12 1200W","exact","true","https://commons.wikimedia.org/wiki/File:Be_quiet!_Straight_Power_12_1200W_20240405_HOF1650-HDR_RAW-Export_000105.png","CC BY 4.0","metadata audit; not a complete visual or rights verification"
"c-psu-be-quiet-straight-power-12-850w","be quiet! Straight Power 12 850W","/assets/hardware/component-new-psu-bequiet-full.jpg","be quiet! Straight Power 12 1200W","family","false","https://commons.wikimedia.org/wiki/File:Be_quiet!_Straight_Power_12_1200W_20240405_HOF1650-HDR_RAW-Export_000105.png","CC BY 4.0","metadata audit; not a complete visual or rights verification"
"c-psu-be-quiet-pure-power-12-m-1000w","be quiet! Pure Power 12 M 1000W","/assets/hardware/component-new-psu-bequiet-full.jpg","be quiet! Straight Power 12 1200W","reference","false","https://commons.wikimedia.org/wiki/File:Be_quiet!_Straight_Power_12_1200W_20240405_HOF1650-HDR_RAW-Export_000105.png","CC BY 4.0","metadata audit; not a complete visual or rights verification"
"c-psu-be-quiet-pure-power-12-m-750w","be quiet! Pure Power 12 M 750W","/assets/hardware/component-new-psu-bequiet-full.jpg","be quiet! Straight Power 12 1200W","reference","false","https://commons.wikimedia.org/wiki/File:Be_quiet!_Straight_Power_12_1200W_20240405_HOF1650-HDR_RAW-Export_000105.png","CC BY 4.0","metadata audit; not a complete visual or rights verification"
"c-psu-be-quiet-system-power-10-650w","be quiet! System Power 10 650W","/assets/hardware/component-new-psu-corsair-cx430.jpg","Corsair CX430","reference","false","https://commons.wikimedia.org/wiki/File:Corsair_CX430.JPG","CC BY 3.0","metadata audit; not a complete visual or rights verification"
"c-psu-cooler-master-x-silent-edge-platinum-1100","Cooler Master X Silent Edge Platinum 1100","/assets/hardware/component-new-psu-corsair-modular.jpg","Corsair CX600M","reference","false","https://commons.wikimedia.org/wiki/File:Corsair_CX600M_1_2019-05-06.jpg","CC BY-SA 4.0","metadata audit; not a complete visual or rights verification"
"c-psu-cooler-master-v-platinum-v2-1300","Cooler Master V Platinum V2 1300","/assets/hardware/component-new-psu-corsair-modular.jpg","Corsair CX600M","reference","false","https://commons.wikimedia.org/wiki/File:Corsair_CX600M_1_2019-05-06.jpg","CC BY-SA 4.0","metadata audit; not a complete visual or rights verification"
"c-psu-cooler-master-v-gold-i-multi-1050","Cooler Master V Gold i Multi 1050","/assets/hardware/component-new-psu-corsair-modular.jpg","Corsair CX600M","reference","false","https://commons.wikimedia.org/wiki/File:Corsair_CX600M_1_2019-05-06.jpg","CC BY-SA 4.0","metadata audit; not a complete visual or rights verification"
"c-psu-cooler-master-mwe-gold-1050-v2","Cooler Master MWE Gold 1050 V2","/assets/hardware/component-new-psu-corsair-modular.jpg","Corsair CX600M","reference","false","https://commons.wikimedia.org/wiki/File:Corsair_CX600M_1_2019-05-06.jpg","CC BY-SA 4.0","metadata audit; not a complete visual or rights verification"
"c-psu-cooler-master-gx-iii-gold-850","Cooler Master GX III Gold 850","/assets/hardware/component-new-psu-corsair-modular.jpg","Corsair CX600M","reference","false","https://commons.wikimedia.org/wiki/File:Corsair_CX600M_1_2019-05-06.jpg","CC BY-SA 4.0","metadata audit; not a complete visual or rights verification"
"c-psu-cooler-master-v-sfx-platinum-1100","Cooler Master V SFX Platinum 1100","/assets/hardware/component-new-psu-corsair-modular.jpg","Corsair CX600M","reference","false","https://commons.wikimedia.org/wiki/File:Corsair_CX600M_1_2019-05-06.jpg","CC BY-SA 4.0","metadata audit; not a complete visual or rights verification"
"c-psu-cooler-master-v-sfx-gold-850","Cooler Master V SFX Gold 850","/assets/hardware/component-new-psu-corsair-modular.jpg","Corsair CX600M","reference","false","https://commons.wikimedia.org/wiki/File:Corsair_CX600M_1_2019-05-06.jpg","CC BY-SA 4.0","metadata audit; not a complete visual or rights verification"
"c-case-phanteks-enthoo-elite","Phanteks Enthoo Elite","/assets/hardware/component-new-case-phanteks.jpg","Phanteks Enthoo Pro","family","false","https://commons.wikimedia.org/wiki/File:2018_Komputer_PC_03.jpg","CC BY-SA 4.0","metadata audit; not a complete visual or rights verification"
"c-case-phanteks-enthoo-pro-2","Phanteks Enthoo Pro 2","/assets/hardware/component-new-case-phanteks.jpg","Phanteks Enthoo Pro","family","false","https://commons.wikimedia.org/wiki/File:2018_Komputer_PC_03.jpg","CC BY-SA 4.0","metadata audit; not a complete visual or rights verification"
"c-case-phanteks-evolv-x","Phanteks Evolv X","/assets/hardware/component-new-case-phanteks.jpg","Phanteks Enthoo Pro","reference","false","https://commons.wikimedia.org/wiki/File:2018_Komputer_PC_03.jpg","CC BY-SA 4.0","metadata audit; not a complete visual or rights verification"
"c-case-phanteks-nv9","Phanteks NV9","/assets/hardware/component-new-case-phanteks.jpg","Phanteks Enthoo Pro","reference","false","https://commons.wikimedia.org/wiki/File:2018_Komputer_PC_03.jpg","CC BY-SA 4.0","metadata audit; not a complete visual or rights verification"
"c-case-phanteks-nv7","Phanteks NV7","/assets/hardware/component-new-case-phanteks.jpg","Phanteks Enthoo Pro","reference","false","https://commons.wikimedia.org/wiki/File:2018_Komputer_PC_03.jpg","CC BY-SA 4.0","metadata audit; not a complete visual or rights verification"
"c-case-phanteks-nv5","Phanteks NV5","/assets/hardware/component-new-case-phanteks.jpg","Phanteks Enthoo Pro","reference","false","https://commons.wikimedia.org/wiki/File:2018_Komputer_PC_03.jpg","CC BY-SA 4.0","metadata audit; not a complete visual or rights verification"
"c-case-phanteks-eclipse-g500a","Phanteks Eclipse G500A","/assets/hardware/component-new-case-phanteks.jpg","Phanteks Enthoo Pro","reference","false","https://commons.wikimedia.org/wiki/File:2018_Komputer_PC_03.jpg","CC BY-SA 4.0","metadata audit; not a complete visual or rights verification"
"c-case-phanteks-eclipse-g360a","Phanteks Eclipse G360A","/assets/hardware/component-new-case-phanteks.jpg","Phanteks Enthoo Pro","reference","false","https://commons.wikimedia.org/wiki/File:2018_Komputer_PC_03.jpg","CC BY-SA 4.0","metadata audit; not a complete visual or rights verification"
"c-case-phanteks-xt-pro-ultra","Phanteks XT Pro Ultra","/assets/hardware/component-new-case-phanteks.jpg","Phanteks Enthoo Pro","reference","false","https://commons.wikimedia.org/wiki/File:2018_Komputer_PC_03.jpg","CC BY-SA 4.0","metadata audit; not a complete visual or rights verification"
"c-case-phanteks-evolv-shift-xt","Phanteks Evolv Shift XT","/assets/hardware/component-new-case-itx.jpg","Cooler Master Elite Mini-ITX case","reference","false","https://commons.wikimedia.org/wiki/File:Cooler_Master_Elite_Midnight_Black_Mini-ITX_Case_1_2019-02-16.jpg","CC BY-SA 4.0","metadata audit; not a complete visual or rights verification"
"c-case-cooler-master-cosmos-c700m","Cooler Master Cosmos C700M","/assets/hardware/component-new-case-coolermaster.jpg","Cooler Master Cosmos C700P Black Edition","family","false","https://commons.wikimedia.org/wiki/File:Cooler_Master_Cosmos_C700P_Black_Edition_20190601a.jpg","CC BY-SA 4.0","metadata audit; not a complete visual or rights verification"
"c-case-cooler-master-haf-700-evo","Cooler Master HAF 700 EVO","/assets/hardware/component-new-case-coolermaster.jpg","Cooler Master Cosmos C700P Black Edition","reference","false","https://commons.wikimedia.org/wiki/File:Cooler_Master_Cosmos_C700P_Black_Edition_20190601a.jpg","CC BY-SA 4.0","metadata audit; not a complete visual or rights verification"
"c-case-cooler-master-haf-500","Cooler Master HAF 500","/assets/hardware/component-new-case-coolermaster.jpg","Cooler Master Cosmos C700P Black Edition","reference","false","https://commons.wikimedia.org/wiki/File:Cooler_Master_Cosmos_C700P_Black_Edition_20190601a.jpg","CC BY-SA 4.0","metadata audit; not a complete visual or rights verification"
"c-case-cooler-master-masterbox-td500-mesh-v2","Cooler Master MasterBox TD500 Mesh V2","/assets/hardware/component-new-case-coolermaster.jpg","Cooler Master Cosmos C700P Black Edition","reference","false","https://commons.wikimedia.org/wiki/File:Cooler_Master_Cosmos_C700P_Black_Edition_20190601a.jpg","CC BY-SA 4.0","metadata audit; not a complete visual or rights verification"
"c-case-cooler-master-masterbox-nr600","Cooler Master MasterBox NR600","/assets/hardware/component-new-case-coolermaster.jpg","Cooler Master Cosmos C700P Black Edition","reference","false","https://commons.wikimedia.org/wiki/File:Cooler_Master_Cosmos_C700P_Black_Edition_20190601a.jpg","CC BY-SA 4.0","metadata audit; not a complete visual or rights verification"
"c-case-cooler-master-masterbox-q300l","Cooler Master MasterBox Q300L","/assets/hardware/component-new-case-coolermaster.jpg","Cooler Master Cosmos C700P Black Edition","reference","false","https://commons.wikimedia.org/wiki/File:Cooler_Master_Cosmos_C700P_Black_Edition_20190601a.jpg","CC BY-SA 4.0","metadata audit; not a complete visual or rights verification"
"c-case-cooler-master-nr200p-v2","Cooler Master NR200P V2","/assets/hardware/official-component-official-coolermaster-nr200p-v2.optimized.jpg","Cooler Master MasterBox NR200P V2 (black)","exact","false","https://www.coolermaster.com/en-us/products/masterbox-nr200p-v2.html","Manufacturer product image; copyright retained by the manufacturer","metadata audit; not a complete visual or rights verification"
"c-case-cooler-master-ncore-100-max","Cooler Master NCORE 100 MAX","/assets/hardware/component-new-case-itx.jpg","Cooler Master Elite Mini-ITX case","reference","false","https://commons.wikimedia.org/wiki/File:Cooler_Master_Elite_Midnight_Black_Mini-ITX_Case_1_2019-02-16.jpg","CC BY-SA 4.0","metadata audit; not a complete visual or rights verification"
"c-case-be-quiet-dark-base-pro-901","be quiet! Dark Base Pro 901","/assets/hardware/component-new-case-corsair.jpg","Corsair 4000D Airflow","reference","false","https://commons.wikimedia.org/wiki/File:Corsair_4000D_Airflow_mid-tower_ATX_case.tif","CC BY-SA 4.0","metadata audit; not a complete visual or rights verification"
"c-case-be-quiet-dark-base-701","be quiet! Dark Base 701","/assets/hardware/component-new-case-corsair.jpg","Corsair 4000D Airflow","reference","false","https://commons.wikimedia.org/wiki/File:Corsair_4000D_Airflow_mid-tower_ATX_case.tif","CC BY-SA 4.0","metadata audit; not a complete visual or rights verification"
"c-case-be-quiet-light-base-900-fx","be quiet! Light Base 900 FX","/assets/hardware/component-new-case-corsair.jpg","Corsair 4000D Airflow","reference","false","https://commons.wikimedia.org/wiki/File:Corsair_4000D_Airflow_mid-tower_ATX_case.tif","CC BY-SA 4.0","metadata audit; not a complete visual or rights verification"
"c-case-be-quiet-light-base-600-lx","be quiet! Light Base 600 LX","/assets/hardware/component-new-case-corsair.jpg","Corsair 4000D Airflow","reference","false","https://commons.wikimedia.org/wiki/File:Corsair_4000D_Airflow_mid-tower_ATX_case.tif","CC BY-SA 4.0","metadata audit; not a complete visual or rights verification"
"c-case-be-quiet-shadow-base-800-fx","be quiet! Shadow Base 800 FX","/assets/hardware/component-new-case-corsair.jpg","Corsair 4000D Airflow","reference","false","https://commons.wikimedia.org/wiki/File:Corsair_4000D_Airflow_mid-tower_ATX_case.tif","CC BY-SA 4.0","metadata audit; not a complete visual or rights verification"
"c-case-be-quiet-pure-base-500dx","be quiet! Pure Base 500DX","/assets/hardware/component-new-case-corsair.jpg","Corsair 4000D Airflow","reference","false","https://commons.wikimedia.org/wiki/File:Corsair_4000D_Airflow_mid-tower_ATX_case.tif","CC BY-SA 4.0","metadata audit; not a complete visual or rights verification"
"c-case-be-quiet-pure-base-501-airflow","be quiet! Pure Base 501 Airflow","/assets/hardware/component-new-case-corsair.jpg","Corsair 4000D Airflow","reference","false","https://commons.wikimedia.org/wiki/File:Corsair_4000D_Airflow_mid-tower_ATX_case.tif","CC BY-SA 4.0","metadata audit; not a complete visual or rights verification"
"c-case-hyte-y70-touch-infinite","HYTE Y70 Touch Infinite","/assets/hardware/component-new-case-lianli.jpg","Lian Li PC-O11 Dynamic","reference","false","https://commons.wikimedia.org/wiki/File:Lian_Li_PC-O11_Dynamic_20190601.jpg","CC BY-SA 4.0","metadata audit; not a complete visual or rights verification"
"c-case-hyte-y70","HYTE Y70","/assets/hardware/component-new-case-lianli.jpg","Lian Li PC-O11 Dynamic","reference","false","https://commons.wikimedia.org/wiki/File:Lian_Li_PC-O11_Dynamic_20190601.jpg","CC BY-SA 4.0","metadata audit; not a complete visual or rights verification"
"c-case-hyte-y60","HYTE Y60","/assets/hardware/component-new-case-lianli.jpg","Lian Li PC-O11 Dynamic","reference","false","https://commons.wikimedia.org/wiki/File:Lian_Li_PC-O11_Dynamic_20190601.jpg","CC BY-SA 4.0","metadata audit; not a complete visual or rights verification"
"c-case-hyte-y40","HYTE Y40","/assets/hardware/component-new-case-lianli.jpg","Lian Li PC-O11 Dynamic","reference","false","https://commons.wikimedia.org/wiki/File:Lian_Li_PC-O11_Dynamic_20190601.jpg","CC BY-SA 4.0","metadata audit; not a complete visual or rights verification"
"c-case-hyte-revolt-3","HYTE Revolt 3","/assets/hardware/component-new-case-itx.jpg","Cooler Master Elite Mini-ITX case","reference","false","https://commons.wikimedia.org/wiki/File:Cooler_Master_Elite_Midnight_Black_Mini-ITX_Case_1_2019-02-16.jpg","CC BY-SA 4.0","metadata audit; not a complete visual or rights verification"
"c-case-thermaltake-the-tower-900","Thermaltake The Tower 900","/assets/hardware/component-new-case-thermaltake.jpg","Thermaltake A500","reference","false","https://commons.wikimedia.org/wiki/File:Thermaltake_Technology_A500_20201101.jpg","CC BY-SA 4.0","metadata audit; not a complete visual or rights verification"
"c-case-thermaltake-the-tower-600","Thermaltake The Tower 600","/assets/hardware/component-new-case-thermaltake.jpg","Thermaltake A500","reference","false","https://commons.wikimedia.org/wiki/File:Thermaltake_Technology_A500_20201101.jpg","CC BY-SA 4.0","metadata audit; not a complete visual or rights verification"
"c-case-thermaltake-the-tower-300","Thermaltake The Tower 300","/assets/hardware/component-new-case-thermaltake.jpg","Thermaltake A500","reference","false","https://commons.wikimedia.org/wiki/File:Thermaltake_Technology_A500_20201101.jpg","CC BY-SA 4.0","metadata audit; not a complete visual or rights verification"
"c-case-thermaltake-cte-c750-air","Thermaltake CTE C750 Air","/assets/hardware/component-new-case-thermaltake.jpg","Thermaltake A500","reference","false","https://commons.wikimedia.org/wiki/File:Thermaltake_Technology_A500_20201101.jpg","CC BY-SA 4.0","metadata audit; not a complete visual or rights verification"
"c-case-thermaltake-core-p8-tg","Thermaltake Core P8 TG","/assets/hardware/component-new-case-thermaltake.jpg","Thermaltake A500","reference","false","https://commons.wikimedia.org/wiki/File:Thermaltake_Technology_A500_20201101.jpg","CC BY-SA 4.0","metadata audit; not a complete visual or rights verification"
"c-case-thermaltake-view-380-tg-argb","Thermaltake View 380 TG ARGB","/assets/hardware/component-new-case-thermaltake.jpg","Thermaltake A500","reference","false","https://commons.wikimedia.org/wiki/File:Thermaltake_Technology_A500_20201101.jpg","CC BY-SA 4.0","metadata audit; not a complete visual or rights verification"
"c-case-thermaltake-s100-tg","Thermaltake S100 TG","/assets/hardware/component-new-case-thermaltake.jpg","Thermaltake A500","reference","false","https://commons.wikimedia.org/wiki/File:Thermaltake_Technology_A500_20201101.jpg","CC BY-SA 4.0","metadata audit; not a complete visual or rights verification"
"c-case-thermaltake-core-v1","Thermaltake Core V1","/assets/hardware/component-new-case-itx.jpg","Cooler Master Elite Mini-ITX case","reference","false","https://commons.wikimedia.org/wiki/File:Cooler_Master_Elite_Midnight_Black_Mini-ITX_Case_1_2019-02-16.jpg","CC BY-SA 4.0","metadata audit; not a complete visual or rights verification"
"c-board-supermicro-x13dei-t","Supermicro X13DEI-T","/assets/hardware/component-new-board-server.jpg","Supermicro dual Opteron server motherboard","reference","false","https://commons.wikimedia.org/wiki/File:Supermicro_dual_opteron_server_board_IMGP7335_wp.jpg","FAL","metadata audit; not a complete visual or rights verification"
"c-cpu-intel-xeon-gold-6430","Intel Xeon Gold 6430","/assets/hardware/cpu-xeon.jpg","Intel Xeon Platinum 8490H","family","false","https://www.ebay.com/itm/365004910970","not recorded","metadata audit; not a complete visual or rights verification"
"c-cpu-intel-xeon-gold-6454s","Intel Xeon Gold 6454S","/assets/hardware/cpu-xeon.jpg","Intel Xeon Platinum 8490H","family","false","https://www.ebay.com/itm/365004910970","not recorded","metadata audit; not a complete visual or rights verification"
"c-cpu-intel-xeon-gold-6448y","Intel Xeon Gold 6448Y","/assets/hardware/cpu-xeon.jpg","Intel Xeon Platinum 8490H","family","false","https://www.ebay.com/itm/365004910970","not recorded","metadata audit; not a complete visual or rights verification"
"c-cpu-intel-xeon-platinum-8468","Intel Xeon Platinum 8468","/assets/hardware/cpu-xeon.jpg","Intel Xeon Platinum 8490H","family","false","https://www.ebay.com/itm/365004910970","not recorded","metadata audit; not a complete visual or rights verification"
"c-cpu-intel-xeon-platinum-8470","Intel Xeon Platinum 8470","/assets/hardware/cpu-xeon.jpg","Intel Xeon Platinum 8490H","family","false","https://www.ebay.com/itm/365004910970","not recorded","metadata audit; not a complete visual or rights verification"
"c-cpu-intel-xeon-platinum-8480","Intel Xeon Platinum 8480+","/assets/hardware/cpu-xeon.jpg","Intel Xeon Platinum 8490H","family","false","https://www.ebay.com/itm/365004910970","not recorded","metadata audit; not a complete visual or rights verification"
"c-cpu-intel-xeon-platinum-8490h","Intel Xeon Platinum 8490H","/assets/hardware/cpu-xeon.jpg","Intel Xeon Platinum 8490H","exact","true","https://www.ebay.com/itm/365004910970","not recorded","metadata audit; not a complete visual or rights verification"
"c-cpu-amd-epyc-9754","AMD EPYC 9754","/assets/hardware/cpu-epyc.jpg","AMD EPYC 9654","family","false","https://www.hakankarci.com/product/?amd-epyc-9654-cpu-processor-96-core-192-threads-2-40ghz-360w","not recorded","metadata audit; not a complete visual or rights verification"
"c-cpu-amd-epyc-9734","AMD EPYC 9734","/assets/hardware/cpu-epyc.jpg","AMD EPYC 9654","family","false","https://www.hakankarci.com/product/?amd-epyc-9654-cpu-processor-96-core-192-threads-2-40ghz-360w","not recorded","metadata audit; not a complete visual or rights verification"
"c-cpu-amd-epyc-9654","AMD EPYC 9654","/assets/hardware/cpu-epyc.jpg","AMD EPYC 9654","exact","true","https://www.hakankarci.com/product/?amd-epyc-9654-cpu-processor-96-core-192-threads-2-40ghz-360w","not recorded","metadata audit; not a complete visual or rights verification"
"c-cpu-amd-epyc-9634","AMD EPYC 9634","/assets/hardware/cpu-epyc.jpg","AMD EPYC 9654","family","false","https://www.hakankarci.com/product/?amd-epyc-9654-cpu-processor-96-core-192-threads-2-40ghz-360w","not recorded","metadata audit; not a complete visual or rights verification"
"c-cpu-amd-epyc-9554","AMD EPYC 9554","/assets/hardware/cpu-epyc.jpg","AMD EPYC 9654","family","false","https://www.hakankarci.com/product/?amd-epyc-9654-cpu-processor-96-core-192-threads-2-40ghz-360w","not recorded","metadata audit; not a complete visual or rights verification"
"c-cpu-amd-epyc-9454","AMD EPYC 9454","/assets/hardware/cpu-epyc.jpg","AMD EPYC 9654","family","false","https://www.hakankarci.com/product/?amd-epyc-9654-cpu-processor-96-core-192-threads-2-40ghz-360w","not recorded","metadata audit; not a complete visual or rights verification"
"c-board-gigabyte-mz73-lm0","GIGABYTE MZ73-LM0","/assets/hardware/component-new-board-server.jpg","Supermicro dual Opteron server motherboard","reference","false","https://commons.wikimedia.org/wiki/File:Supermicro_dual_opteron_server_board_IMGP7335_wp.jpg","FAL","metadata audit; not a complete visual or rights verification"
"c-board-supermicro-h13dsh","Supermicro H13DSH","/assets/hardware/component-new-board-server.jpg","Supermicro dual Opteron server motherboard","reference","false","https://commons.wikimedia.org/wiki/File:Supermicro_dual_opteron_server_board_IMGP7335_wp.jpg","FAL","metadata audit; not a complete visual or rights verification"
"c-board-asus-pro-ws-wrx90e-sage-se","ASUS Pro WS WRX90E-SAGE SE","/assets/hardware/official-component-official-asus-wrx90e-sage.jpg","ASUS Pro WS WRX90E-SAGE SE","exact","true","https://www.asus.com/us/motherboards-components/motherboards/workstation/pro-ws-wrx90e-sage-se/","Manufacturer product image; copyright retained by the manufacturer","metadata audit; not a complete visual or rights verification"
"c-case-supermicro-4u-workstation-chassis","Supermicro 4U Workstation Chassis","/assets/hardware/component-new-case-corsair.jpg","Corsair 4000D Airflow","reference","false","https://commons.wikimedia.org/wiki/File:Corsair_4000D_Airflow_mid-tower_ATX_case.tif","CC BY-SA 4.0","metadata audit; not a complete visual or rights verification"
"c-psu-supermicro-1600w-redundant-power-supply","Supermicro 1600W Redundant Power Supply","/assets/hardware/component-new-psu-redundant.jpg","Redundant server power supply","reference","false","https://commons.wikimedia.org/wiki/File:PC-Netzteil_(redundant).jpg","CC BY-SA 2.0 de","metadata audit; not a complete visual or rights verification"
"retail-lian-li-uni-fan-tl-120-wireless-black","UNI FAN TL 120 Wireless Black","/assets/illustrations/retail-lian-li-uni-fan-tl-120-wireless-black.svg","UNI FAN TL 120 Wireless Black — simplified illustration","illustration","false","https://lian-li.com/product/uni-fan-tl-wireless/","not recorded","metadata audit; not a complete visual or rights verification"
"retail-lian-li-uni-fan-tl-120-wireless-white","UNI FAN TL 120 Wireless White","/assets/illustrations/retail-lian-li-uni-fan-tl-120-wireless-white.svg","UNI FAN TL 120 Wireless White — simplified illustration","illustration","false","https://lian-li.com/product/uni-fan-tl-wireless/","not recorded","metadata audit; not a complete visual or rights verification"
"retail-lian-li-uni-fan-tl-120-reverse-blade-wireless-black","UNI FAN TL 120 Reverse Blade Wireless Black","/assets/illustrations/retail-lian-li-uni-fan-tl-120-reverse-blade-wireless-black.svg","UNI FAN TL 120 Reverse Blade Wireless Black — simplified illustration","illustration","false","https://lian-li.com/product/uni-fan-tl-wireless/","not recorded","metadata audit; not a complete visual or rights verification"
"retail-lian-li-uni-fan-tl-120-reverse-blade-wireless-white","UNI FAN TL 120 Reverse Blade Wireless White","/assets/illustrations/retail-lian-li-uni-fan-tl-120-reverse-blade-wireless-white.svg","UNI FAN TL 120 Reverse Blade Wireless White — simplified illustration","illustration","false","https://lian-li.com/product/uni-fan-tl-wireless/","not recorded","metadata audit; not a complete visual or rights verification"
"retail-lian-li-uni-fan-tl-120-lcd-wireless-black","UNI FAN TL 120 LCD Wireless Black","/assets/illustrations/retail-lian-li-uni-fan-tl-120-lcd-wireless-black.svg","UNI FAN TL 120 LCD Wireless Black — simplified illustration","illustration","false","https://lian-li.com/product/uni-fan-tl-wireless/","not recorded","metadata audit; not a complete visual or rights verification"
"retail-lian-li-uni-fan-tl-120-lcd-wireless-white","UNI FAN TL 120 LCD Wireless White","/assets/illustrations/retail-lian-li-uni-fan-tl-120-lcd-wireless-white.svg","UNI FAN TL 120 LCD Wireless White — simplified illustration","illustration","false","https://lian-li.com/product/uni-fan-tl-wireless/","not recorded","metadata audit; not a complete visual or rights verification"
"retail-lian-li-uni-fan-tl-120-lcd-reverse-blade-wireless-black","UNI FAN TL 120 LCD Reverse Blade Wireless Black","/assets/illustrations/retail-lian-li-uni-fan-tl-120-lcd-reverse-blade-wireless-black.svg","UNI FAN TL 120 LCD Reverse Blade Wireless Black — simplified illustration","illustration","false","https://lian-li.com/product/uni-fan-tl-wireless/","not recorded","metadata audit; not a complete visual or rights verification"
"retail-lian-li-uni-fan-tl-120-lcd-reverse-blade-wireless-white","UNI FAN TL 120 LCD Reverse Blade Wireless White","/assets/illustrations/retail-lian-li-uni-fan-tl-120-lcd-reverse-blade-wireless-white.svg","UNI FAN TL 120 LCD Reverse Blade Wireless White — simplified illustration","illustration","false","https://lian-li.com/product/uni-fan-tl-wireless/","not recorded","metadata audit; not a complete visual or rights verification"
"retail-lian-li-uni-fan-tl-140-wireless-black","UNI FAN TL 140 Wireless Black","/assets/illustrations/retail-lian-li-uni-fan-tl-140-wireless-black.svg","UNI FAN TL 140 Wireless Black — simplified illustration","illustration","false","https://lian-li.com/product/uni-fan-tl-wireless/","not recorded","metadata audit; not a complete visual or rights verification"
"retail-lian-li-uni-fan-tl-140-wireless-white","UNI FAN TL 140 Wireless White","/assets/illustrations/retail-lian-li-uni-fan-tl-140-wireless-white.svg","UNI FAN TL 140 Wireless White — simplified illustration","illustration","false","https://lian-li.com/product/uni-fan-tl-wireless/","not recorded","metadata audit; not a complete visual or rights verification"
"retail-lian-li-uni-fan-tl-140-reverse-blade-wireless-black","UNI FAN TL 140 Reverse Blade Wireless Black","/assets/illustrations/retail-lian-li-uni-fan-tl-140-reverse-blade-wireless-black.svg","UNI FAN TL 140 Reverse Blade Wireless Black — simplified illustration","illustration","false","https://lian-li.com/product/uni-fan-tl-wireless/","not recorded","metadata audit; not a complete visual or rights verification"
"retail-lian-li-uni-fan-tl-140-reverse-blade-wireless-white","UNI FAN TL 140 Reverse Blade Wireless White","/assets/illustrations/retail-lian-li-uni-fan-tl-140-reverse-blade-wireless-white.svg","UNI FAN TL 140 Reverse Blade Wireless White — simplified illustration","illustration","false","https://lian-li.com/product/uni-fan-tl-wireless/","not recorded","metadata audit; not a complete visual or rights verification"
"retail-lian-li-uni-fan-tl-140-lcd-wireless-black","UNI FAN TL 140 LCD Wireless Black","/assets/illustrations/retail-lian-li-uni-fan-tl-140-lcd-wireless-black.svg","UNI FAN TL 140 LCD Wireless Black — simplified illustration","illustration","false","https://lian-li.com/product/uni-fan-tl-wireless/","not recorded","metadata audit; not a complete visual or rights verification"
"retail-lian-li-uni-fan-tl-140-lcd-wireless-white","UNI FAN TL 140 LCD Wireless White","/assets/illustrations/retail-lian-li-uni-fan-tl-140-lcd-wireless-white.svg","UNI FAN TL 140 LCD Wireless White — simplified illustration","illustration","false","https://lian-li.com/product/uni-fan-tl-wireless/","not recorded","metadata audit; not a complete visual or rights verification"
"retail-lian-li-uni-fan-tl-140-lcd-reverse-blade-wireless-black","UNI FAN TL 140 LCD Reverse Blade Wireless Black","/assets/illustrations/retail-lian-li-uni-fan-tl-140-lcd-reverse-blade-wireless-black.svg","UNI FAN TL 140 LCD Reverse Blade Wireless Black — simplified illustration","illustration","false","https://lian-li.com/product/uni-fan-tl-wireless/","not recorded","metadata audit; not a complete visual or rights verification"
"retail-lian-li-uni-fan-tl-140-lcd-reverse-blade-wireless-white","UNI FAN TL 140 LCD Reverse Blade Wireless White","/assets/illustrations/retail-lian-li-uni-fan-tl-140-lcd-reverse-blade-wireless-white.svg","UNI FAN TL 140 LCD Reverse Blade Wireless White — simplified illustration","illustration","false","https://lian-li.com/product/uni-fan-tl-wireless/","not recorded","metadata audit; not a complete visual or rights verification"
"retail-be-quiet-light-wings-120mm-pwm","Light Wings 120mm PWM","/assets/illustrations/retail-be-quiet-light-wings-120mm-pwm.svg","Light Wings 120mm PWM — simplified illustration","illustration","false","https://www.bequiet.com/de/casefans/3450","not recorded","metadata audit; not a complete visual or rights verification"
"retail-arctic-p14-pro-pst","P14 Pro PST","/assets/illustrations/retail-arctic-p14-pro-pst.svg","P14 Pro PST — simplified illustration","illustration","false","https://www.arctic.de/media/6f/a5/ea/1753621678/Spec_Sheet_P14_Pro_PST_EN.pdf","not recorded","metadata audit; not a complete visual or rights verification"
"retail-noctua-nf-a14x25-g2-pwm","NF-A14x25 G2 PWM","/assets/illustrations/retail-noctua-nf-a14x25-g2-pwm.svg","NF-A14x25 G2 PWM — simplified illustration","illustration","false","https://cdn.noctua.at/media/noctua_nf_a14x25_g2_pwm_infosheet_en_web.pdf","not recorded","metadata audit; not a complete visual or rights verification"
"retail-arctic-p12-pro-pst","P12 Pro PST","/assets/illustrations/retail-arctic-p12-pro-pst.svg","P12 Pro PST — simplified illustration","illustration","false","https://www.arctic.de/en/P-Pro-Series","not recorded","metadata audit; not a complete visual or rights verification"
"retail-arctic-p12-pro-pst-co","P12 Pro PST CO","/assets/illustrations/retail-arctic-p12-pro-pst-co.svg","P12 Pro PST CO — simplified illustration","illustration","false","https://www.arctic.de/en/P12-Pro-PST-CO/ACFAN00312A","not recorded","metadata audit; not a complete visual or rights verification"
"retail-noctua-nf-a12x25-g2-pwm","NF-A12x25 G2 PWM","/assets/illustrations/retail-noctua-nf-a12x25-g2-pwm.svg","NF-A12x25 G2 PWM — simplified illustration","illustration","false","https://cdn.noctua.at/media/noctua_nf_a12x25_g2_pwm_infosheet_en_web.pdf","not recorded","metadata audit; not a complete visual or rights verification"
"retail-phanteks-t30-120","T30-120","/assets/illustrations/retail-phanteks-t30-120.svg","T30-120 — simplified illustration","illustration","false","https://phanteks.com/product/t30-120/","not recorded","metadata audit; not a complete visual or rights verification"
"retail-phanteks-d30-120-black","D30-120 Black","/assets/illustrations/retail-phanteks-d30-120-black.svg","D30-120 Black — simplified illustration","illustration","false","https://phanteks.com/product/d30-120-black/","not recorded","metadata audit; not a complete visual or rights verification"
"retail-corsair-rs120-argb-black","RS120 ARGB Black","/assets/illustrations/retail-corsair-rs120-argb-black.svg","RS120 ARGB Black — simplified illustration","illustration","false","https://www.corsair.com/ca/en/p/120mm-fans/co-9050180-ww/rs120-argb-120mm-pwm-fan-co-9050180-ww","not recorded","metadata audit; not a complete visual or rights verification"
"retail-nzxt-f120-rgb-core-black","F120 RGB Core Black","/assets/illustrations/retail-nzxt-f120-rgb-core-black.svg","F120 RGB Core Black — simplified illustration","illustration","false","https://nzxt.com/products/f120-core-rgb-1","not recorded","metadata audit; not a complete visual or rights verification"
"retail-cooler-master-mobius-120p-argb","Mobius 120P ARGB","/assets/illustrations/retail-cooler-master-mobius-120p-argb.svg","Mobius 120P ARGB — simplified illustration","illustration","false","https://www.coolermaster.com/en-us/products/mobius-120p-argb.html","not recorded","metadata audit; not a complete visual or rights verification"
"retail-thermaltake-swafan-ex12-argb-sync","SWAFAN EX12 ARGB Sync","/assets/illustrations/retail-thermaltake-swafan-ex12-argb-sync.svg","SWAFAN EX12 ARGB Sync — simplified illustration","illustration","false","https://thermaltakeusa.com/products/swafan-ex12-argb-sync-pc-cooling-fan-tt-premium-edition-3-fan-pack-cl-f167-pl12sw-a","not recorded","metadata audit; not a complete visual or rights verification"
"retail-lian-li-o11-dynamic-mini-black","O11 Dynamic Mini Black","/assets/illustrations/retail-lian-li-o11-dynamic-mini-black.svg","O11 Dynamic Mini Black — simplified illustration","illustration","false","https://lian-li.com/product/o11-dynamic-mini/","not recorded","metadata audit; not a complete visual or rights verification"
"retail-lian-li-o11-dynamic-mini-white","O11 Dynamic Mini White","/assets/illustrations/retail-lian-li-o11-dynamic-mini-white.svg","O11 Dynamic Mini White — simplified illustration","illustration","false","https://lian-li.com/product/o11-dynamic-mini/","not recorded","metadata audit; not a complete visual or rights verification"
"retail-lian-li-o11-dynamic-mini-snow","O11 Dynamic Mini Snow","/assets/illustrations/retail-lian-li-o11-dynamic-mini-snow.svg","O11 Dynamic Mini Snow — simplified illustration","illustration","false","https://lian-li.com/product/o11-dynamic-mini/","not recorded","metadata audit; not a complete visual or rights verification"
"retail-lian-li-o11-air-mini-black","O11 Air Mini Black","/assets/illustrations/retail-lian-li-o11-air-mini-black.svg","O11 Air Mini Black — simplified illustration","illustration","false","https://lian-li.com/product/o11-air-mini/","not recorded","metadata audit; not a complete visual or rights verification"
"retail-lian-li-o11-air-mini-white","O11 Air Mini White","/assets/illustrations/retail-lian-li-o11-air-mini-white.svg","O11 Air Mini White — simplified illustration","illustration","false","https://lian-li.com/product/o11-air-mini/","not recorded","metadata audit; not a complete visual or rights verification"
"retail-lian-li-uni-fan-sl120-rgb-black","UNI FAN SL120 RGB Black","/assets/hardware/lian-li-sl120-black.jpg","Lian Li UNI FAN SL120 RGB Black","exact","true","https://lian-li.com/product/uni-fan-sl/","Manufacturer product media","metadata audit; not a complete visual or rights verification"
"retail-lian-li-uni-fan-sl120-rgb-white","UNI FAN SL120 RGB White","/assets/hardware/lian-li-sl120-white.jpg","Lian Li UNI FAN SL120 RGB White","exact","true","https://lian-li.com/product/uni-fan-sl/","Manufacturer product media","metadata audit; not a complete visual or rights verification"
"retail-thermaltake-core-p5","Core P5","/assets/illustrations/retail-thermaltake-core-p5.svg","Core P5 — simplified illustration","illustration","false","https://latam.thermaltake.com/media/productattach/db/support/usermanual/_90b5fa0e321e4f4582eb9f5679077662.pdf","not recorded","metadata audit; not a complete visual or rights verification"
"retail-nzxt-h500","H500","/assets/illustrations/retail-nzxt-h500.svg","H500 — simplified illustration","illustration","false","https://assets.cdn.nzxt.com/uploads/download/attachment/711/H500i_H500-manual-ver5-021119_-web.pdf","not recorded","metadata audit; not a complete visual or rights verification"
"retail-razer-viper-mini","Viper Mini","/assets/hardware/razer-viper-mini.jpg","Razer Viper Mini","exact","true","https://www.razer.com/gaming-mice/razer-viper-mini","Manufacturer product media","metadata audit; not a complete visual or rights verification"
"retail-logitech-g-g502-x-lightspeed","G502 X LIGHTSPEED","/assets/hardware/logitech-g502-x-lightspeed.png","Logitech G502 X LIGHTSPEED","exact","false","https://www.logitechg.com/en-us/shop/p/g502-x-wireless-lightforce","Manufacturer product media","metadata audit; not a complete visual or rights verification"
"retail-samsung-sm883-960gb","SM883 960GB","/assets/hardware/samsung-sm883-enclosure.svg","Samsung SM883 enclosure","illustration","false","https://semiconductor.samsung.com/ssd/datacenter-ssd/sm883/","not recorded","metadata audit; not a complete visual or rights verification"
"retail-asus-prime-h510m-k","PRIME H510M-K","/assets/illustrations/retail-asus-prime-h510m-k.svg","PRIME H510M-K — simplified illustration","illustration","false","https://www.asus.com/motherboards-components/motherboards/prime/prime-h510m-k/techspec/","not recorded","metadata audit; not a complete visual or rights verification"
"retail-western-digital-caviar-se-wd800jd-80gb","Caviar SE WD800JD 80GB","/assets/hardware/wd800jd-enclosure.svg","WD Caviar SE WD800JD enclosure","illustration","false","https://www.manualsonline.com/manuals/mfg/western_digital/wd800jd.html","not recorded","metadata audit; not a complete visual or rights verification"
"retail-samsung-970-evo-2-tb","970 EVO 2 TB","/assets/hardware/samsung-970-evo-2tb.png","Samsung 970 EVO 2 TB","product","true","https://www.samsung.com/au/memory-storage/nvme-ssd/970-evo-nvme-m-2-ssd-2tb-mz-v7e2t0bw/","not recorded","metadata audit; not a complete visual or rights verification"
"retail-msi-geforce-gtx-1650-d6-ventus-xs-ocv1","GeForce GTX 1650 D6 VENTUS XS OCV1","/assets/hardware/msi-gtx1650-ventus-xs-ocv1.webp","MSI GeForce GTX 1650 D6 VENTUS XS OCV1","product","true","https://mx.msi.com/Graphics-Card/GeForce-GTX-1650-D6-VENTUS-XS-OCV1","not recorded","metadata audit; not a complete visual or rights verification"
"retail-msi-geforce-rtx-5070-12g-ventus-3x-oc","GeForce RTX 5070 12G VENTUS 3X OC","/assets/hardware/msi-rtx5070-ventus-3x-oc.png","MSI GeForce RTX 5070 12G VENTUS 3X OC","exact","true","https://www.msi.com/Graphics-Card/GeForce-RTX-5070-12G-VENTUS-3X-OC/Specification","Manufacturer product media","metadata audit; not a complete visual or rights verification"
"retail-msi-geforce-rtx-5070-12g-gaming-trio-oc","GeForce RTX 5070 12G GAMING TRIO OC","/assets/illustrations/retail-msi-geforce-rtx-5070-12g-gaming-trio-oc.svg","GeForce RTX 5070 12G GAMING TRIO OC — simplified illustration","illustration","false","https://www.msi.com/Graphics-Card/GeForce-RTX-5070-12G-GAMING-TRIO-OC/Specification","not recorded","metadata audit; not a complete visual or rights verification"
"retail-msi-geforce-rtx-5070-ti-16g-ventus-3x-oc","GeForce RTX 5070 Ti 16G VENTUS 3X OC","/assets/hardware/msi-rtx5070ti-ventus-3x-oc.webp","MSI GeForce RTX 5070 Ti 16G VENTUS 3X OC","exact","true","https://www.msi.com/Graphics-Card/GeForce-RTX-5070-Ti-16G-VENTUS-3X-OC/Specification","Manufacturer product media","metadata audit; not a complete visual or rights verification"
"retail-asus-rog-strix-geforce-rtx-3090-white-oc-edition-24gb","ROG Strix GeForce RTX 3090 White OC Edition 24GB","/assets/hardware/asus-rog-strix-rtx3090-white.png","ASUS ROG Strix GeForce RTX 3090 White OC Edition 24GB","exact","true","https://rog.asus.com/uk/graphics-cards/graphics-cards/rog-strix/rog-strix-rtx3090-o24g-white-model/gallery/","Manufacturer product media","metadata audit; not a complete visual or rights verification"
"retail-asus-prime-geforce-rtx-5070-oc-edition-12gb","Prime GeForce RTX 5070 OC Edition 12GB","/assets/hardware/asus-prime-rtx5070-o12g.png","ASUS Prime GeForce RTX 5070 OC Edition 12GB","exact","true","https://www.asus.com/us/motherboards-components/graphics-cards/prime/prime-rtx5070-o12g/","Manufacturer product media","metadata audit; not a complete visual or rights verification"
"retail-asus-tuf-gaming-geforce-rtx-5070-oc-edition-12gb","TUF Gaming GeForce RTX 5070 OC Edition 12GB","/assets/hardware/asus-tuf-rtx5070-o12g-gaming.png","ASUS TUF Gaming GeForce RTX 5070 OC Edition 12GB","exact","true","https://www.asus.com/us/motherboards-components/graphics-cards/tuf-gaming/tuf-rtx5070-o12g-gaming/","Manufacturer product media","metadata audit; not a complete visual or rights verification"
"retail-asus-prime-geforce-rtx-5070-ti-oc-edition-16gb","Prime GeForce RTX 5070 Ti OC Edition 16GB","/assets/hardware/asus-prime-rtx5070ti-o16g.webp","ASUS Prime GeForce RTX 5070 Ti OC Edition 16GB","exact","true","https://www.asus.com/us/motherboards-components/graphics-cards/prime/prime-rtx5070ti-o16g/","Manufacturer product media","metadata audit; not a complete visual or rights verification"
"retail-asus-tuf-gaming-geforce-rtx-5070-ti-oc-edition-16gb","TUF Gaming GeForce RTX 5070 Ti OC Edition 16GB","/assets/hardware/asus-tuf-rtx5070ti-o16g.webp","ASUS TUF Gaming GeForce RTX 5070 Ti OC Edition 16GB","exact","true","https://www.asus.com/us/motherboards-components/graphics-cards/tuf-gaming/tuf-rtx5070ti-o16g-gaming/","Manufacturer product media","metadata audit; not a complete visual or rights verification"
"retail-asus-tuf-gaming-radeon-rx-9070-xt-oc-edition-16gb","TUF Gaming Radeon RX 9070 XT OC Edition 16GB","/assets/hardware/asus-tuf-rx9070xt-o16g-gaming.png","ASUS TUF Gaming Radeon RX 9070 XT OC Edition 16GB","exact","true","https://www.asus.com/us/motherboards-components/graphics-cards/tuf-gaming/tuf-rx9070xt-o16g-gaming/","Manufacturer product media","metadata audit; not a complete visual or rights verification"
"retail-zotac-gaming-geforce-rtx-5070-solid","GAMING GeForce RTX 5070 SOLID","/assets/hardware/zotac-rtx5070-solid.png","ZOTAC GAMING GeForce RTX 5070 SOLID","exact","true","https://www.zotac.com/us/product/graphics_card/zotac-gaming-geforce-rtx-5070-solid","Manufacturer product media","metadata audit; not a complete visual or rights verification"
"retail-gigabyte-geforce-rtx-5070-windforce-oc-sff-12g","GeForce RTX 5070 WINDFORCE OC SFF 12G","/assets/hardware/gigabyte-rtx5070-windforce-oc-sff.webp","GIGABYTE GeForce RTX 5070 WINDFORCE OC SFF 12G","exact","true","https://www.gigabyte.com/Graphics-Card/GV-N5070WF3OC-12GD/gallery","Manufacturer product media","metadata audit; not a complete visual or rights verification"
"retail-gigabyte-geforce-rtx-5070-ti-windforce-oc-sff-16g","GeForce RTX 5070 Ti WINDFORCE OC SFF 16G","/assets/hardware/gigabyte-rtx5070ti-windforce-oc-sff.webp","GIGABYTE GeForce RTX 5070 Ti WINDFORCE OC SFF 16G","exact","true","https://www.gigabyte.com/Graphics-Card/GV-N507TWF3OC-16GD/gallery","Manufacturer product media","metadata audit; not a complete visual or rights verification"
"retail-asrock-radeon-rx-9070-xt-steel-legend-16gb","Radeon RX 9070 XT Steel Legend 16GB","/assets/hardware/asrock-rx9070xt-steel-legend.png","ASRock Radeon RX 9070 XT Steel Legend 16GB","exact","true","https://www.asrock.com/Graphics-Card/AMD/Radeon%20RX%209070%20XT%20Steel%20Legend%2016GB/index.us.asp","Manufacturer product media","metadata audit; not a complete visual or rights verification"
"retail-asrock-radeon-rx-9070-xt-taichi-16gb-oc","Radeon RX 9070 XT Taichi 16GB OC","/assets/hardware/asrock-rx9070xt-taichi-oc-front.png","ASRock Radeon RX 9070 XT Taichi 16GB OC","exact","true","https://www.asrock.com/Graphics-Card/AMD/Radeon%20RX%209070%20XT%20Taichi%2016GB%20OC/index.asp","Manufacturer product media","metadata audit; not a complete visual or rights verification"
"retail-msi-geforce-rtx-3060-ventus-2x-12g","GeForce RTX 3060 VENTUS 2X 12G","/assets/illustrations/retail-msi-geforce-rtx-3060-ventus-2x-12g.svg","GeForce RTX 3060 VENTUS 2X 12G — simplified illustration","illustration","false","https://www.msi.com/Graphics-Card/GeForce-RTX-3060-VENTUS-2X-12G/Specification","not recorded","metadata audit; not a complete visual or rights verification"
"retail-msi-geforce-rtx-3060-ventus-2x-12g-oc","GeForce RTX 3060 VENTUS 2X 12G OC","/assets/illustrations/retail-msi-geforce-rtx-3060-ventus-2x-12g-oc.svg","GeForce RTX 3060 VENTUS 2X 12G OC — simplified illustration","illustration","false","https://www.msi.com/Graphics-Card/GeForce-RTX-3060-VENTUS-2X-12G-OC/Specification","not recorded","metadata audit; not a complete visual or rights verification"
"retail-msi-geforce-rtx-3060-ventus-2x-8g-oc","GeForce RTX 3060 VENTUS 2X 8G OC","/assets/illustrations/retail-msi-geforce-rtx-3060-ventus-2x-8g-oc.svg","GeForce RTX 3060 VENTUS 2X 8G OC — simplified illustration","illustration","false","https://www.msi.com/Graphics-Card/GeForce-RTX-3060-VENTUS-2X-8G-OC/Specification","not recorded","metadata audit; not a complete visual or rights verification"
"retail-msi-geforce-rtx-3060-gaming-x-12g","GeForce RTX 3060 GAMING X 12G","/assets/illustrations/retail-msi-geforce-rtx-3060-gaming-x-12g.svg","GeForce RTX 3060 GAMING X 12G — simplified illustration","illustration","false","https://www.msi.com/Graphics-Card/GeForce-RTX-3060-GAMING-X-12G/Specification","not recorded","metadata audit; not a complete visual or rights verification"
"retail-msi-geforce-rtx-3060-gaming-x-trio-12g","GeForce RTX 3060 GAMING X TRIO 12G","/assets/illustrations/retail-msi-geforce-rtx-3060-gaming-x-trio-12g.svg","GeForce RTX 3060 GAMING X TRIO 12G — simplified illustration","illustration","false","https://www.msi.com/Graphics-Card/GeForce-RTX-3060-GAMING-X-TRIO-12G/Specification","not recorded","metadata audit; not a complete visual or rights verification"
"retail-asus-dual-geforce-rtx-3060-v2-oc-edition","Dual GeForce RTX 3060 V2 OC Edition","/assets/illustrations/retail-asus-dual-geforce-rtx-3060-v2-oc-edition.svg","Dual GeForce RTX 3060 V2 OC Edition — simplified illustration","illustration","false","https://www.asus.com/us/motherboards-components/graphics-cards/dual/dual-rtx3060-o12g-v2/techspec/","not recorded","metadata audit; not a complete visual or rights verification"
"retail-zotac-geforce-rtx-3060-twin-edge","GeForce RTX 3060 Twin Edge","/assets/illustrations/retail-zotac-geforce-rtx-3060-twin-edge.svg","GeForce RTX 3060 Twin Edge — simplified illustration","illustration","false","https://www.zotac.com/us/product/graphics_card/zotac-gaming-geforce-rtx-3060-twin-edge","not recorded","metadata audit; not a complete visual or rights verification"
"retail-msi-mpg-x870e-carbon-wifi","MPG X870E CARBON WIFI","/assets/illustrations/retail-msi-mpg-x870e-carbon-wifi.svg","MPG X870E CARBON WIFI — simplified illustration","illustration","false","https://www.msi.com/Motherboard/MPG-X870E-CARBON-WIFI/Specification","not recorded","metadata audit; not a complete visual or rights verification"
"retail-msi-pro-b650m-a-wifi","PRO B650M-A WIFI","/assets/illustrations/retail-msi-pro-b650m-a-wifi.svg","PRO B650M-A WIFI — simplified illustration","illustration","false","https://www.msi.com/Motherboard/PRO-B650M-A-WIFI/Specification","not recorded","metadata audit; not a complete visual or rights verification"
"retail-msi-mpg-z790-edge-wifi","MPG Z790 EDGE WIFI","/assets/illustrations/retail-msi-mpg-z790-edge-wifi.svg","MPG Z790 EDGE WIFI — simplified illustration","illustration","false","https://www.msi.com/Motherboard/MPG-Z790-EDGE-WIFI/Specification","not recorded","metadata audit; not a complete visual or rights verification"
"retail-asus-rog-strix-z370-e-gaming","ROG STRIX Z370-E GAMING","/assets/asus-z370-e.webp","ASUS ROG STRIX Z370-E GAMING","product","true","https://rog.asus.com/motherboards/rog-strix/rog-strix-z370-e-gaming-model/spec/","not recorded","metadata audit; not a complete visual or rights verification"
"retail-samsung-990-evo-plus-1-tb","990 EVO Plus 1 TB","/assets/hardware/samsung-990-evo-plus-1tb.png","Samsung 990 EVO Plus 1 TB","exact","true","https://www.samsung.com/uk/memory-storage/nvme-ssd/990-evo-plus-1tb-nvme-pcie-gen-4-mz-v9s1t0bw/","Manufacturer product media","metadata audit; not a complete visual or rights verification"
"retail-western-digital-wd-black-sn7100-1-tb","WD_BLACK SN7100 1 TB","/assets/hardware/wd-sn7100-1tb.jpeg","WD_BLACK SN7100 1 TB","exact","true","https://sketchfab.com/3d-models/ssd-wd-sn7100-8287dfa4fd644cb4a044d4dce57968ae","CC BY 4.0","metadata audit; not a complete visual or rights verification"
"retail-gigabyte-geforce-rtx-4090-aero-oc-24g","GeForce RTX 4090 AERO OC 24G","/assets/illustrations/retail-gigabyte-geforce-rtx-4090-aero-oc-24g.svg","GeForce RTX 4090 AERO OC 24G — simplified illustration","illustration","false","https://www.gigabyte.com/ca/Graphics-Card/GV-N4090AERO-OC-24GD/sp","not recorded","metadata audit; not a complete visual or rights verification"
"retail-sapphire-nitro-radeon-rx-7900-xtx-vapor-x-24gb","NITRO+ Radeon RX 7900 XTX Vapor-X 24GB","/assets/hardware/sapphire-nitro-7900xtx.jpg","SAPPHIRE NITRO+ Radeon RX 7900 XTX Vapor-X 24GB","product","true","https://www.sapphiretech.com/en/consumer/nitro-radeon-rx-7900-xtx-vaporx-24g-gddr6","not recorded","metadata audit; not a complete visual or rights verification"
"retail-seasonic-m12ii-evo-620w","M12II EVO 620W","/assets/hardware/seasonic-m12ii-enclosure.svg","Seasonic M12II EVO enclosure illustration","illustration","false","https://seasonic.com/product/m12ii-evo/","not recorded","metadata audit; not a complete visual or rights verification"
"retail-asus-rog-strix-b550-f-gaming-wi-fi","ROG STRIX B550-F GAMING Wi-Fi","/assets/hardware/asus-b550f-wifi.png","ASUS ROG STRIX B550-F GAMING Wi-Fi","product","true","https://rog.asus.com/us/motherboards/rog-strix/rog-strix-b550-f-gaming-wi-fi-model/spec/","not recorded","metadata audit; not a complete visual or rights verification"
"retail-asus-rog-strix-b550-f-gaming","ROG STRIX B550-F GAMING","/assets/illustrations/retail-asus-rog-strix-b550-f-gaming.svg","ROG STRIX B550-F GAMING — simplified illustration","illustration","false","https://rog.asus.com/us/motherboards/rog-strix/rog-strix-b550-f-gaming-model/spec/","not recorded","metadata audit; not a complete visual or rights verification"
"retail-corsair-dominator-platinum-rgb-64gb-ddr5-5200-cl38-white","DOMINATOR PLATINUM RGB 64GB DDR5-5200 CL38 White","/assets/hardware/corsair-dominator-white-ddr5.webp","CORSAIR DOMINATOR PLATINUM RGB DDR5 White","product","false","https://www.corsair.com/us/en/p/memory/cmt64gx5m4b5200c38w/dominatora-platinum-rgb-64gb-4x16gb-ddr5-dram-5200mhz-c38-memory-kit-a-white-cmt64gx5m4b5200c38w","not recorded","metadata audit; not a complete visual or rights verification"
"retail-gigabyte-b450m-s2h","B450M S2H","/assets/hardware/gigabyte-b450m-s2h.png","GIGABYTE B450M S2H","product","true","https://www.gigabyte.com/Motherboard/B450M-S2H-rev-1x","not recorded","metadata audit; not a complete visual or rights verification"
"retail-asus-maximus-vi-formula","MAXIMUS VI FORMULA","/assets/hardware/asus-maximus-vi-formula.png","ASUS MAXIMUS VI FORMULA","product","true","https://rog.asus.com/au/motherboards/rog-maximus/rog-maximus-x-formula-model/","not recorded","metadata audit; not a complete visual or rights verification"
"retail-nzxt-n7-z370-black","N7 Z370 Black","/assets/hardware/nzxt-n7-z370-black.jpg","NZXT N7 Z370 Black","product","true","https://motherboarddb.com/motherboards/903/","not recorded","metadata audit; not a complete visual or rights verification"
"retail-asus-rog-maximus-z690-formula","ROG MAXIMUS Z690 FORMULA","/assets/hardware/asus-z690-formula.webp","ASUS ROG MAXIMUS Z690 FORMULA","product","true","https://rog.asus.com/us/motherboards/rog-maximus/rog-maximus-z690-formula-model/spec/","not recorded","metadata audit; not a complete visual or rights verification"
"retail-lian-li-o11-dynamic-evo-white","O11 Dynamic EVO White","/assets/hardware/lianli-o11-evo-white.jpg","Lian Li O11 Dynamic EVO White","product","true","https://lian-li.com/product/o11-dynamic-evo/","not recorded","metadata audit; not a complete visual or rights verification"