id,name,category,downloaded,identity,file,creator,source,license,searchedAt,searchResults,needsDownloadedModel,clearanceVerified
"rtx4080s","GeForce RTX 4080 SUPER","gpu","false","chip-family","/assets/models/gpu-4080-reference.glb","","https://www.nvidia.com/en-us/geforce/graphics-cards/40-series/rtx-4080-family/","","2026-10-04T15:05:34.256Z","2","true","false"
"rx7900xtx","Radeon RX 7900 XTX","gpu","false","category-silhouette","/assets/models/silhouette-gpu-3fan.glb","","https://www.amd.com/en/products/graphics/desktops/radeon/7000-series/amd-radeon-rx-7900xtx.html","","2026-10-04T15:05:35.211Z","1","true","false"
"ddr4","VENGEANCE LPX DDR4-3200 CL16","ram","true","family-or-chip","/assets/models/sketchfab-vengeance-lpx.glb","supahot","https://sketchfab.com/3d-models/ram-corsair-vengeance-lpx-ee11e1926e514075a70642ecb5dc5c2d","CC BY 4.0","2026-10-04T15:05:36.158Z","0","false","false"
"rtx4090","GeForce RTX 4090","gpu","true","family-or-chip","/assets/models/sketchfab-rtx4090-gihyeon.glb","GIHYEON","https://sketchfab.com/3d-models/rtx-4090-founders-edition-463a9f8002694aa0ac2324637eacc8d3","CC BY 4.0","2026-10-04T15:05:37.186Z","11","false","false"
"gtx1080ti","GeForce GTX 1080 Ti","gpu","true","family-or-chip","/assets/models/sketchfab-gtx1080ti-fe.glb","MUSHROOM_BUILDS","https://sketchfab.com/3d-models/nvidia-geforce-gtx-1080-ti-fe-rev2-43561a3309854d94858c293e1ba454d4","CC BY 4.0","","","false","false"
"7800x3d","Ryzen 7 7800X3D","cpu","true","exact-model","/assets/models/sketchfab-ryzen-7-7800x3d.glb","gioguarino12","https://sketchfab.com/3d-models/amd-ryzen-7-7800x3d-209c4aada00e4b1790d8d274bac98779","CC BY 4.0","","","false","false"
"9800x3d","Ryzen 7 9800X3D","cpu","true","exact-model","/assets/models/sketchfab-ryzen-7-9800x3d-low-poly.glb","PolyDavid","https://sketchfab.com/3d-models/9800x3d-cpu-low-poly-8b15903087b5432db9cfc789b2cf4d6a","CC BY 4.0","","","false","false"
"b650","MAG B650 TOMAHAWK WIFI","board","false","exact-model","/assets/models/board-b650.glb","","https://www.msi.com/Motherboard/MAG-B650-TOMAHAWK-WIFI/Specification","","2026-10-04T15:05:38.131Z","0","true","false"
"b450","B450 TOMAHAWK MAX","board","true","exact-model","/assets/models/sketchfab-msi-b450-tomahawk-max.glb","shig0","https://sketchfab.com/3d-models/msi-b450-tomahawk-max-8ea715471e344599a07bbdbbc77dfbdd","CC BY 4.0","2026-10-04T15:05:39.067Z","1","false","false"
"ddr5","VENGEANCE DDR5-6000 CL30","ram","false","exact-sku","/assets/models/ram-vengeance.glb","","https://help.corsair.com/hc/sv/articles/34381966388881-RAM-Minnesmodyldimensioner","","2026-10-04T15:05:40.144Z","0","true","false"
"990pro","990 PRO 1 TB","ssd","true","exact-model","/assets/models/sketchfab-samsung-990-pro-1tb.glb","lime.ball.animations","https://sketchfab.com/3d-models/m2-nvme-ssd-samsung-990-pro-1tb-3d-model-41b7bfda7eab40f8b13330913fd66fc2","CC BY 4.0","","","false","false"
"980pro","980 PRO 1 TB","ssd","true","exact-model","/assets/models/sketchfab-samsung-980-pro-1tb.glb","BlenderFace","https://sketchfab.com/3d-models/samsung-980-pro-nvme-1tb-1f386c8d782d4b208717bc64474b98b3","CC BY 4.0","","","false","false"
"barracuda2","BarraCuda 2 TB","hdd","false","exact-sku","/assets/models/hdd-barracuda.glb","","https://www.seagate.com/content/dam/seagate/es_la/content-fragments/products/datasheets/barracuda-3-5-hdd/barracuda-3-5-hdd-DS17-1-2501US-es_LA.pdf","","2026-10-04T15:05:41.070Z","0","true","false"
"barracuda1","BarraCuda 1 TB","hdd","false","category-silhouette","/assets/models/silhouette-hdd.glb","","https://www.seagate.com/www-content/datasheets/pdfs/3-5-barracudaDS1900-14-2007LA-es_ES.pdf","","2026-10-04T15:05:41.987Z","0","true","false"
"rm850x","RM850x (2021)","psu","false","exact-revision","/assets/models/psu-rm850x.glb","","https://assets.corsair.com/image/upload/corsairmedia/sys_master/productcontent/WW_RMx_Series_2021_QSG_Web_AD.pdf","","2026-10-04T15:05:43.097Z","0","true","false"
"rm750x","RM750x (2021)","psu","false","category-silhouette","/assets/models/silhouette-psu-atx.glb","","https://assets.corsair.com/image/upload/corsairmedia/sys_master/productcontent/WW_RMx_Series_2021_QSG_Web_AD.pdf","","2026-10-04T15:05:44.161Z","0","true","false"
"rtx5090","GeForce RTX 5090","gpu","true","family-or-chip","/assets/models/sketchfab-rtx5090-fe.glb","PolyDavid","https://sketchfab.com/3d-models/gpu-kit-rtx-5090-arc-b580-gigabyte-aero-535139095991416bacce7ac852fdf492","CC BY 4.0","","","false","false"
"rtx5080","GeForce RTX 5080","gpu","false","category-silhouette","/assets/models/silhouette-gpu-3fan.glb","","https://www.nvidia.com/en-us/geforce/graphics-cards/50-series/rtx-5080/","","2026-10-04T15:05:45.181Z","4","true","false"
"rtx5070ti","GeForce RTX 5070 Ti","gpu","false","category-silhouette","/assets/models/silhouette-gpu-3fan.glb","","https://www.nvidia.com/en-us/geforce/graphics-cards/50-series/rtx-5070-family/","","2026-10-04T15:05:46.272Z","0","true","false"
"rtx5070","GeForce RTX 5070","gpu","false","category-silhouette","/assets/models/silhouette-gpu-3fan.glb","","https://www.nvidia.com/en-us/geforce/graphics-cards/50-series/rtx-5070-family/","","2026-10-04T15:05:47.440Z","4","true","false"
"rtx4070tis","GeForce RTX 4070 Ti SUPER","gpu","false","category-silhouette","/assets/models/silhouette-gpu-3fan.glb","","https://www.nvidia.com/en-us/geforce/graphics-cards/40-series/rtx-4070-family/","","2026-10-04T15:05:48.397Z","0","true","false"
"rtx4070s","GeForce RTX 4070 SUPER","gpu","false","category-silhouette","/assets/models/silhouette-gpu-3fan.glb","","https://www.nvidia.com/en-us/geforce/graphics-cards/40-series/rtx-4070-family/","","2026-10-04T15:05:49.803Z","2","true","false"
"rtx4070","GeForce RTX 4070","gpu","false","category-silhouette","/assets/models/silhouette-gpu-3fan.glb","","https://www.nvidia.com/en-us/geforce/graphics-cards/40-series/rtx-4070-family/","","2026-10-04T15:05:50.914Z","11","true","false"
"rtx4060ti","GeForce RTX 4060 Ti 8 GB","gpu","false","category-silhouette","/assets/models/silhouette-gpu-2fan.glb","","https://www.nvidia.com/en-us/geforce/graphics-cards/40-series/rtx-4060-4060ti/","","2026-10-04T15:05:51.981Z","0","true","false"
"rtx4060","GeForce RTX 4060","gpu","true","family-or-chip","/assets/models/sketchfab-rtx4060-mrdt.glb","MrdT","https://sketchfab.com/3d-models/geforce-rtx-4060-f3b953474fc44979ad44a69b7bc8e911","CC BY 4.0","2026-10-04T15:05:53.228Z","11","false","false"
"rtx3090","GeForce RTX 3090","gpu","true","family-or-chip","/assets/models/sketchfab-rtx3090-kirigami.glb","Kirigami","https://sketchfab.com/3d-models/nvidia-geforce-rtx-3090-founders-edition-free-9558cdaf901143369d8752b9491c41d2","CC BY 4.0","2026-10-04T15:05:54.319Z","24","false","false"
"rtx3080","GeForce RTX 3080 10 GB","gpu","true","family-or-chip","/assets/models/sketchfab-rtx3080-fe.glb","arthur","https://sketchfab.com/3d-models/geforce-rtx-3080-founders-edition-8d807843f7d84d9088c36143e58ce148","CC BY 4.0","","","false","false"
"rtx3070","GeForce RTX 3070","gpu","true","family-or-chip","/assets/models/sketchfab-rtx3070-datsketch.glb","DatSketch","https://sketchfab.com/3d-models/nvidia-geforce-rtx-3070-updated-29da4e10eb6c427cb72f3ebdf822f89e","CC BY 4.0","2026-10-04T15:05:56.631Z","24","false","false"
"rtx3060ti","GeForce RTX 3060 Ti","gpu","true","family-or-chip","/assets/models/sketchfab-rtx-3060-ti-low-poly.glb","Up1x","https://sketchfab.com/3d-models/rtx-3060-ti-low-poly-b65c5c0807be4ece9a95090d1a1794bb","CC BY 4.0","","","false","false"
"rtx3060","GeForce RTX 3060 12 GB","gpu","false","category-silhouette","/assets/models/silhouette-gpu-2fan.glb","","https://www.nvidia.com/en-us/geforce/graphics-cards/30-series/rtx-3060-3060ti/","","2026-10-04T15:05:57.814Z","0","true","false"
"rtx2080ti","GeForce RTX 2080 Ti","gpu","true","family-or-chip","/assets/models/sketchfab-rtx2080ti.glb","Daniel Cardona","https://sketchfab.com/3d-models/dream-computer-setup-82f78bbaf2d34f01af854a52151dbf49","CC BY 4.0","","","false","false"
"rtx2070s","GeForce RTX 2070 SUPER","gpu","false","category-silhouette","/assets/models/silhouette-gpu-2fan.glb","","https://www.nvidia.com/en-us/geforce/graphics-cards/rtx-2070-super/","","2026-10-04T15:05:58.795Z","4","true","false"
"rtx2060","GeForce RTX 2060","gpu","true","family-or-chip","/assets/models/sketchfab-galax-rtx2060.glb","Yolala3D | Y3D","https://sketchfab.com/3d-models/custom-gaming-pc-fbx-file-00bb790319c045058290dfbb4873f3ac","CC BY 4.0","","","false","false"
"gtx1080","GeForce GTX 1080","gpu","false","category-silhouette","/assets/models/silhouette-gpu-2fan.glb","","https://www.nvidia.com/en-us/geforce/news/geforce-gtx-1080/","","2026-10-04T15:06:00.190Z","19","true","false"
"gtx1070","GeForce GTX 1070","gpu","true","family-or-chip","/assets/models/sketchfab-gtx1070-scan.glb","johnnokomis","https://sketchfab.com/3d-models/gtx-1070-f0300e188e3c4da8adf71329e065d796","CC BY 4.0","","","false","false"
"gtx1060","GeForce GTX 1060 6 GB","gpu","false","category-silhouette","/assets/models/silhouette-gpu-2fan.glb","","https://www.nvidia.com/en-us/geforce/news/geforce-gtx-1060/","","2026-10-04T15:06:01.322Z","1","true","false"
"gtx980ti","GeForce GTX 980 Ti","gpu","false","category-silhouette","/assets/models/silhouette-gpu-3fan.glb","","https://www.nvidia.com/en-us/geforce/news/geforce-gtx-980-ti/","","2026-10-04T15:06:02.384Z","0","true","false"
"gtx970","GeForce GTX 970","gpu","false","category-silhouette","/assets/models/silhouette-gpu-2fan.glb","","https://www.nvidia.com/en-us/geforce/news/maxwell-architecture-gtx-980-970/","","2026-10-04T15:06:03.457Z","0","true","false"
"rx9070xt","Radeon RX 9070 XT","gpu","false","category-silhouette","/assets/models/silhouette-gpu-3fan.glb","","https://www.amd.com/en/products/graphics/desktops/radeon/9000-series/amd-radeon-rx-9070-xt.html","","2026-10-04T15:06:04.411Z","0","true","false"
"rx9070","Radeon RX 9070","gpu","false","category-silhouette","/assets/models/silhouette-gpu-3fan.glb","","https://www.amd.com/en/products/graphics/desktops/radeon/9000-series/amd-radeon-rx-9070.html","","2026-10-04T15:06:05.346Z","0","true","false"
"rx7900xt","Radeon RX 7900 XT","gpu","false","category-silhouette","/assets/models/silhouette-gpu-3fan.glb","","https://www.amd.com/en/products/graphics/desktops/radeon/7000-series/amd-radeon-rx-7900xt.html","","2026-10-04T15:06:06.279Z","0","true","false"
"rx7800xt","Radeon RX 7800 XT","gpu","false","category-silhouette","/assets/models/silhouette-gpu-3fan.glb","","https://www.amd.com/en/products/graphics/desktops/radeon/7000-series/amd-radeon-rx-7800-xt.html","","2026-10-04T15:06:07.226Z","0","true","false"
"rx7700xt","Radeon RX 7700 XT","gpu","false","category-silhouette","/assets/models/silhouette-gpu-3fan.glb","","https://www.amd.com/en/products/graphics/desktops/radeon/7000-series/amd-radeon-rx-7700-xt.html","","2026-10-04T15:06:08.149Z","0","true","false"
"rx7600","Radeon RX 7600","gpu","false","category-silhouette","/assets/models/silhouette-gpu-2fan.glb","","https://www.amd.com/en/products/graphics/desktops/radeon/7000-series/amd-radeon-rx-7600.html","","2026-10-04T15:06:09.225Z","1","true","false"
"rx6950xt","Radeon RX 6950 XT","gpu","false","category-silhouette","/assets/models/silhouette-gpu-3fan.glb","","https://www.amd.com/en/products/graphics/amd-radeon-rx-6950-xt","","2026-10-04T15:06:10.196Z","0","true","false"
"rx6900xt","Radeon RX 6900 XT","gpu","false","category-silhouette","/assets/models/silhouette-gpu-3fan.glb","","https://www.amd.com/en/products/graphics/amd-radeon-rx-6900-xt","","2026-10-04T15:06:11.263Z","0","true","false"
"rx6800xt","Radeon RX 6800 XT","gpu","false","category-silhouette","/assets/models/silhouette-gpu-3fan.glb","","https://www.amd.com/en/products/graphics/amd-radeon-rx-6800-xt","","2026-10-04T15:06:12.323Z","0","true","false"
"rx6800","Radeon RX 6800","gpu","false","category-silhouette","/assets/models/silhouette-gpu-3fan.glb","","https://www.amd.com/en/products/graphics/amd-radeon-rx-6800","","2026-10-04T15:06:13.373Z","0","true","false"
"rx6700xt","Radeon RX 6700 XT","gpu","false","category-silhouette","/assets/models/silhouette-gpu-3fan.glb","","https://www.amd.com/en/products/graphics/amd-radeon-rx-6700-xt","","2026-10-04T15:06:14.337Z","1","true","false"
"rx6600","Radeon RX 6600","gpu","false","category-silhouette","/assets/models/silhouette-gpu-2fan.glb","","https://www.amd.com/en/products/graphics/amd-radeon-rx-6600","","2026-10-04T15:06:15.263Z","0","true","false"
"rx5700xt","Radeon RX 5700 XT","gpu","false","category-silhouette","/assets/models/silhouette-gpu-3fan.glb","","https://www.amd.com/en/products/graphics/amd-radeon-rx-5700-xt","","2026-10-04T15:06:16.202Z","0","true","false"
"rx580","Radeon RX 580","gpu","true","family-or-chip","/assets/models/sketchfab-rx580-scan.glb","Alan2738","https://sketchfab.com/3d-models/gpu-rx-580-6b3db05319be48028321ac94c4834bcb","CC BY 4.0","","","false","false"
"arcb580","Arc B580","gpu","true","family-or-chip","/assets/models/sketchfab-intel-arc-b580.glb","PolyDavid","https://sketchfab.com/3d-models/gpu-kit-rtx-5090-arc-b580-gigabyte-aero-535139095991416bacce7ac852fdf492","CC BY 4.0","","","false","false"
"arca770","Arc A770 16 GB","gpu","false","category-silhouette","/assets/models/silhouette-gpu-3fan.glb","","https://www.intel.com/content/www/us/en/products/sku/227954/intel-arc-a770-graphics-16gb/specifications.html","","2026-10-04T15:06:17.124Z","0","true","false"
"arca750","Arc A750","gpu","false","category-silhouette","/assets/models/silhouette-gpu-3fan.glb","","https://www.intel.com/content/www/us/en/products/sku/227955/intel-arc-a750-graphics/specifications.html","","2026-10-04T15:06:18.087Z","2","true","false"
"9950x3d","Ryzen 9 9950X3D","cpu","false","category-silhouette","/assets/models/silhouette-cpu.glb","","https://www.amd.com/en/products/processors/desktops/ryzen/9000-series/amd-ryzen-9-9950x3d.html","","2026-10-04T15:06:19.006Z","1","true","false"
"9950x","Ryzen 9 9950X","cpu","false","category-silhouette","/assets/models/silhouette-cpu.glb","","https://www.amd.com/en/products/processors/desktops/ryzen/9000-series/amd-ryzen-9-9950x.html","","2026-10-04T15:06:19.965Z","0","true","false"
"9900x","Ryzen 9 9900X","cpu","false","category-silhouette","/assets/models/silhouette-cpu.glb","","https://www.amd.com/en/products/processors/desktops/ryzen/9000-series/amd-ryzen-9-9900x.html","","2026-10-04T15:06:20.946Z","1","true","false"
"9700x","Ryzen 7 9700X","cpu","false","category-silhouette","/assets/models/silhouette-cpu.glb","","https://www.amd.com/en/products/processors/desktops/ryzen/9000-series/amd-ryzen-7-9700x.html","","2026-10-04T15:06:21.870Z","0","true","false"
"9600x","Ryzen 5 9600X","cpu","true","exact-model","/assets/models/sketchfab-ryzen-5-9600x.glb","PolyDavid","https://sketchfab.com/3d-models/amd-9600x-cpu-low-poly-b433826fb4b1432dbc18a90b89dede71","CC BY 4.0","","","false","false"
"7950x3d","Ryzen 9 7950X3D","cpu","false","category-silhouette","/assets/models/silhouette-cpu.glb","","https://www.amd.com/en/products/processors/desktops/ryzen/7000-series/amd-ryzen-9-7950x3d.html","","2026-10-04T15:06:22.808Z","2","true","false"
"7950x","Ryzen 9 7950X","cpu","false","category-silhouette","/assets/models/silhouette-cpu.glb","","https://www.amd.com/en/products/processors/desktops/ryzen/7000-series/amd-ryzen-9-7950x.html","","2026-10-04T15:06:23.912Z","1","true","false"
"7900x","Ryzen 9 7900X","cpu","false","category-silhouette","/assets/models/silhouette-cpu.glb","","https://www.amd.com/en/products/processors/desktops/ryzen/7000-series/amd-ryzen-9-7900x.html","","2026-10-04T15:06:24.834Z","0","true","false"
"7700x","Ryzen 7 7700X","cpu","false","category-silhouette","/assets/models/silhouette-cpu.glb","","https://www.amd.com/en/products/processors/desktops/ryzen/7000-series/amd-ryzen-7-7700x.html","","2026-10-04T15:06:25.795Z","0","true","false"
"7600x","Ryzen 5 7600X","cpu","true","exact-model","/assets/models/sketchfab-ryzen7600x.glb","PolyDavid","https://sketchfab.com/3d-models/amd-ryzen-5-7600x-964e3c2ed57e40c38712d3b67b3be5d2","CC BY 4.0","","","false","false"
"5950x","Ryzen 9 5950X","cpu","false","category-silhouette","/assets/models/silhouette-cpu.glb","","https://www.amd.com/en/products/processors/desktops/ryzen/5000-series/amd-ryzen-9-5950x.html","","2026-10-04T15:06:26.846Z","0","true","false"
"5900x","Ryzen 9 5900X","cpu","false","category-silhouette","/assets/models/silhouette-cpu.glb","","https://www.amd.com/en/products/processors/desktops/ryzen/5000-series/amd-ryzen-9-5900x.html","","2026-10-04T15:06:27.762Z","0","true","false"
"5800x3d","Ryzen 7 5800X3D","cpu","false","category-silhouette","/assets/models/silhouette-cpu.glb","","https://www.amd.com/en/products/processors/desktops/ryzen/5000-series/amd-ryzen-7-5800x3d.html","","2026-10-04T15:06:28.717Z","0","true","false"
"5800x","Ryzen 7 5800X","cpu","false","category-silhouette","/assets/models/silhouette-cpu.glb","","https://www.amd.com/en/products/processors/desktops/ryzen/5000-series/amd-ryzen-7-5800x.html","","2026-10-04T15:06:29.640Z","0","true","false"
"5600x","Ryzen 5 5600X","cpu","true","exact-model","/assets/models/sketchfab-ryzen5600x.glb","PolyDavid","https://sketchfab.com/3d-models/amd-ryzen-5-5600x-processor-1649601de2014dbeab4f201010a7c366","CC BY 4.0","","","false","false"
"3950x","Ryzen 9 3950X","cpu","false","category-silhouette","/assets/models/silhouette-cpu.glb","","https://www.amd.com/en/products/cpu/amd-ryzen-9-3950x","","2026-10-04T15:06:30.562Z","0","true","false"
"3700x","Ryzen 7 3700X","cpu","false","category-silhouette","/assets/models/silhouette-cpu.glb","","https://www.amd.com/en/products/cpu/amd-ryzen-7-3700x","","2026-10-04T15:06:31.491Z","0","true","false"
"3600","Ryzen 5 3600","cpu","true","exact-model","/assets/models/sketchfab-ryzen-5-3600.glb","Zambur","https://sketchfab.com/3d-models/amd-ryzen-a40ff370b7534232864f4ec2f101dd1c","CC BY 4.0","","","false","false"
"2700x","Ryzen 7 2700X","cpu","false","category-silhouette","/assets/models/silhouette-cpu.glb","","https://www.amd.com/en/products/cpu/amd-ryzen-7-2700x","","2026-10-04T15:06:32.454Z","2","true","false"
"1600","Ryzen 5 1600","cpu","false","category-silhouette","/assets/models/silhouette-cpu.glb","","https://www.amd.com/en/products/cpu/amd-ryzen-5-1600","","2026-10-04T15:06:33.406Z","6","true","false"
"ultra9285k","Core Ultra 9 285K","cpu","false","category-silhouette","/assets/models/silhouette-cpu.glb","","https://www.intel.com/content/www/us/en/products/sku/241060/intel-core-ultra-9-processor-285k-36m-cache-up-to-5-70-ghz/specifications.html","","2026-10-04T15:06:34.376Z","0","true","false"
"ultra7265k","Core Ultra 7 265K","cpu","false","category-silhouette","/assets/models/silhouette-cpu.glb","","https://www.intel.com/content/www/us/en/products/sku/241063/intel-core-ultra-7-processor-265k-30m-cache-up-to-5-50-ghz/specifications.html","","2026-10-04T15:06:35.330Z","0","true","false"
"i914900k","Core i9-14900K","cpu","false","category-silhouette","/assets/models/silhouette-cpu.glb","","https://www.intel.com/content/www/us/en/products/sku/236773/intel-core-i9-processor-14900k-36m-cache-up-to-6-00-ghz/specifications.html","","2026-10-04T15:06:36.312Z","2","true","false"
"i714700k","Core i7-14700K","cpu","true","exact-model","/assets/models/sketchfab-i7-14700k.glb","lime.ball.animations","https://sketchfab.com/3d-models/intel-core-i7-14700k-3d-model-bdb2c7ecb9c747248a6d961795bf0d2e","CC BY 4.0","2026-10-04T15:06:37.279Z","1","false","false"
"i514600k","Core i5-14600K","cpu","false","category-silhouette","/assets/models/silhouette-cpu.glb","","https://www.intel.com/content/www/us/en/products/sku/236799/intel-core-i5-processor-14600k-24m-cache-up-to-5-30-ghz/specifications.html","","2026-10-04T15:06:38.387Z","0","true","false"
"i913900k","Core i9-13900K","cpu","false","category-silhouette","/assets/models/silhouette-cpu.glb","","https://www.intel.com/content/www/us/en/products/sku/230496/intel-core-i9-13900k-processor-36m-cache-up-to-5-80-ghz/specifications.html","","2026-10-04T15:06:39.453Z","1","true","false"
"i713700k","Core i7-13700K","cpu","false","category-silhouette","/assets/models/silhouette-cpu.glb","","https://www.intel.com/content/www/us/en/products/sku/230500/intel-core-i7-13700k-processor-30m-cache-up-to-5-40-ghz/specifications.html","","2026-10-04T15:06:40.559Z","1","true","false"
"i513600k","Core i5-13600K","cpu","true","exact-model","/assets/models/sketchfab-i5-13600k.glb","Txy2u","https://sketchfab.com/3d-models/none-e03b5f3b18a147a49bc2d6e61bc4bf37","CC BY 4.0","2026-10-04T15:06:41.543Z","1","false","false"
"i912900k","Core i9-12900K","cpu","true","exact-model","/assets/models/sketchfab-i9-12900k.glb","teodor088","https://sketchfab.com/3d-models/intel-core-i9-12900k-5eda490bd3c342788d9c5e590cd65dda","CC BY 4.0","2026-10-04T15:06:42.537Z","1","false","false"
"i712700k","Core i7-12700K","cpu","true","exact-model","/assets/models/sketchfab-i7-12700k.glb","Txy2u","https://sketchfab.com/3d-models/none-0e418b5aa4ae4561b8bdbbaa34b34261","CC BY 4.0","2026-10-04T15:06:43.486Z","1","false","false"
"i512600k","Core i5-12600K","cpu","false","category-silhouette","/assets/models/silhouette-cpu.glb","","https://www.intel.com/content/www/us/en/products/sku/134589/intel-core-i5-12600k-processor-20m-cache-up-to-4-90-ghz/specifications.html","","2026-10-04T15:06:44.422Z","1","true","false"
"i910900k","Core i9-10900K","cpu","false","category-silhouette","/assets/models/silhouette-cpu.glb","","https://www.intel.com/content/www/us/en/products/sku/199332/intel-core-i9-10900k-processor-20m-cache-up-to-5-30-ghz/specifications.html","","2026-10-04T15:06:45.537Z","1","true","false"
"i99900k","Core i9-9900K","cpu","false","category-silhouette","/assets/models/silhouette-cpu.glb","","https://www.intel.com/content/www/us/en/products/sku/186605/intel-core-i9-9900k-processor-16m-cache-up-to-5-00-ghz/specifications.html","","2026-10-04T15:06:46.471Z","1","true","false"
"i78700k","Core i7-8700K","cpu","false","category-silhouette","/assets/models/silhouette-cpu.glb","","https://www.intel.com/content/www/us/en/products/sku/126684/intel-core-i7-8700k-processor-12m-cache-up-to-4-70-ghz/specifications.html","","2026-10-04T15:06:47.407Z","1","true","false"
"i77700k","Core i7-7700K","cpu","false","category-silhouette","/assets/models/silhouette-cpu.glb","","https://www.intel.com/content/www/us/en/products/sku/97129/intel-core-i7-7700k-processor-8m-cache-up-to-4-50-ghz/specifications.html","","2026-10-04T15:06:48.336Z","1","true","false"
"i74790k","Core i7-4790K","cpu","false","category-silhouette","/assets/models/silhouette-cpu.glb","","https://www.intel.com/content/www/us/en/products/sku/80807/intel-core-i7-4790k-processor-8m-cache-up-to-4-40-ghz/specifications.html","","2026-10-04T15:06:49.266Z","0","true","false"
"i72600k","Core i7-2600K","cpu","false","category-silhouette","/assets/models/silhouette-cpu.glb","","https://www.intel.com/content/www/us/en/products/sku/52214/intel-core-i72600k-processor-8m-cache-up-to-3-80-ghz/specifications.html","","2026-10-04T15:06:50.215Z","0","true","false"
"x870etomahawk","MAG X870E TOMAHAWK WIFI","board","false","category-silhouette","/assets/models/silhouette-board-atx.glb","","https://www.msi.com/Motherboard/MAG-X870E-TOMAHAWK-WIFI/Specification","","2026-10-04T15:06:51.150Z","0","true","false"
"x670etomahawk","MAG X670E TOMAHAWK WIFI","board","false","category-silhouette","/assets/models/silhouette-board-atx.glb","","https://www.msi.com/Motherboard/MAG-X670E-TOMAHAWK-WIFI/Specification","","2026-10-04T15:06:52.081Z","0","true","false"
"b550tomahawk","MAG B550 TOMAHAWK","board","false","category-silhouette","/assets/models/silhouette-board-atx.glb","","https://www.msi.com/Motherboard/MAG-B550-TOMAHAWK/Specification","","2026-10-04T15:06:53.015Z","0","true","false"
"z790tomahawk","MAG Z790 TOMAHAWK WIFI","board","false","category-silhouette","/assets/models/silhouette-board-atx.glb","","https://www.msi.com/Motherboard/MAG-Z790-TOMAHAWK-WIFI/Specification","","2026-10-04T15:06:53.942Z","0","true","false"
"z690tomahawk","MAG Z690 TOMAHAWK WIFI DDR4","board","false","category-silhouette","/assets/models/silhouette-board-atx.glb","","https://www.msi.com/Motherboard/MAG-Z690-TOMAHAWK-WIFI-DDR4/Specification","","2026-10-04T15:06:54.947Z","0","true","false"
"gskill6000c30","Trident Z5 Neo RGB DDR5-6000 CL30","ram","false","category-silhouette","/assets/models/silhouette-ram.glb","","https://www.gskill.com/product/165/390/1662621819/F5-6000J3038F16GX2-TZ5NR","","2026-10-04T15:06:55.910Z","0","true","false"
"gskill3600c16","Trident Z Neo DDR4-3600 CL16","ram","true","family-or-chip","/assets/models/sketchfab-trident-z-neo.glb","alijon.ganiev2017","https://sketchfab.com/3d-models/ram-gskill-trident-z-neo-7c194f352f0a4d4e9bc1f16358bc3a52","CC BY 4.0","2026-10-04T15:06:56.856Z","0","false","false"
"kingston6000","FURY Beast DDR5-6000 CL36","ram","true","family-or-chip","/assets/models/sketchfab-kingston-fury-beast-ddr5.glb","cityon360","https://sketchfab.com/3d-models/kingston-fury-ddr5-low-poly-bcb196fb929843f485e61fc75727e915","CC BY 4.0","","","false","false"
"crucialpro6000","Crucial Pro Overclocking DDR5-6000 CL36","ram","false","category-silhouette","/assets/models/silhouette-ram.glb","","https://www.crucial.com/memory/ddr5/cp2k16g60c36u5b","","2026-10-04T15:06:57.955Z","0","true","false"
"corsair3600","VENGEANCE LPX DDR4-3600 CL18","ram","true","family-or-chip","/assets/models/sketchfab-vengeance-lpx.glb","supahot","https://sketchfab.com/3d-models/ram-corsair-vengeance-lpx-ee11e1926e514075a70642ecb5dc5c2d","CC BY 4.0","2026-10-04T15:06:59.034Z","0","false","false"
"samsung9100pro","9100 PRO 2 TB","ssd","false","category-silhouette","/assets/models/silhouette-ssd-m2.glb","","https://semiconductor.samsung.com/consumer-storage/internal-ssd/9100-pro/","","2026-10-04T15:06:59.957Z","0","true","false"
"samsung970evo","970 EVO Plus 1 TB","ssd","false","category-silhouette","/assets/models/silhouette-ssd-m2.glb","","https://semiconductor.samsung.com/consumer-storage/internal-ssd/970evoplus/","","2026-10-04T15:07:01.026Z","0","true","false"
"samsung870evo","870 EVO 1 TB","ssd","false","category-silhouette","/assets/models/silhouette-ssd-sata.glb","","https://semiconductor.samsung.com/consumer-storage/internal-ssd/870evo/","","2026-10-04T15:07:02.004Z","0","true","false"
"sn850x","WD_BLACK SN850X 2 TB","ssd","false","category-silhouette","/assets/models/silhouette-ssd-m2.glb","","https://www.westerndigital.com/products/internal-drives/wd-black-sn850x-nvme-ssd","","2026-10-04T15:07:03.067Z","0","true","false"
"sn770","WD_BLACK SN770 1 TB","ssd","false","category-silhouette","/assets/models/silhouette-ssd-m2.glb","","https://www.westerndigital.com/products/internal-drives/wd-black-sn770-nvme-ssd","","2026-10-04T15:07:04.009Z","0","true","false"
"crucialt705","T705 2 TB","ssd","false","category-silhouette","/assets/models/silhouette-ssd-m2.glb","","https://www.crucial.com/ssd/t705/ct2000t705ssd3","","2026-10-04T15:07:04.940Z","0","true","false"
"crucialp3plus","P3 Plus 1 TB","ssd","false","category-silhouette","/assets/models/silhouette-ssd-m2.glb","","https://www.crucial.com/ssd/p3-plus/ct1000p3pssd8","","2026-10-04T15:07:05.900Z","0","true","false"
"crucialmx500","MX500 1 TB","ssd","false","category-silhouette","/assets/models/silhouette-ssd-sata.glb","","https://www.crucial.com/ssd/mx500/ct1000mx500ssd1","","2026-10-04T15:07:06.887Z","0","true","false"
"kc3000","KC3000 2 TB","ssd","false","category-silhouette","/assets/models/silhouette-ssd-m2.glb","","https://www.kingston.com/en/ssd/kc3000-nvme-m2-solid-state-drive","","2026-10-04T15:07:07.806Z","0","true","false"
"wdblue4tb","WD Blue 4 TB","hdd","false","category-silhouette","/assets/models/silhouette-hdd.glb","","https://www.westerndigital.com/products/internal-drives/wd-blue-desktop-sata-hdd","","2026-10-04T15:07:08.725Z","0","true","false"
"wdblack8tb","WD_BLACK 8 TB","hdd","false","category-silhouette","/assets/models/silhouette-hdd.glb","","https://www.westerndigital.com/products/internal-drives/wd-black-desktop-sata-hdd","","2026-10-04T15:07:09.677Z","0","true","false"
"ironwolf8tb","IronWolf 8 TB","hdd","false","category-silhouette","/assets/models/silhouette-hdd.glb","","https://www.seagate.com/products/nas-drives/ironwolf-hard-drive/","","2026-10-04T15:07:10.594Z","0","true","false"
"exos18tb","Exos X18 18 TB","hdd","false","category-silhouette","/assets/models/silhouette-hdd.glb","","https://www.seagate.com/products/enterprise-drives/exos-x/x18/","","2026-10-04T15:07:11.532Z","0","true","false"
"rm1000x","RM1000x (2021)","psu","false","category-silhouette","/assets/models/silhouette-psu-atx.glb","","https://assets.corsair.com/image/upload/corsairmedia/sys_master/productcontent/WW_RMx_Series_2021_QSG_Web_AD.pdf","","2026-10-04T15:07:12.605Z","0","true","false"
"sf750","SF750 Platinum","psu","false","category-silhouette","/assets/models/silhouette-psu-sfx.glb","","https://www.corsair.com/us/en/p/psu/cp-9020186-na/sf-series-sf750-750-watt-80-plus-platinum-certified-high-performance-sfx-psu-cp-9020186-na","","2026-10-04T15:07:13.579Z","0","true","false"
"ax1600i","AX1600i","psu","false","category-silhouette","/assets/models/silhouette-psu-atx.glb","","https://www.corsair.com/us/en/p/psu/cp-9020087-na/ax1600i-digital-atx-power-supply-1600-watt-fully-modular-psu-cp-9020087-na","","2026-10-04T15:07:14.504Z","0","true","false"
"focusgx850","FOCUS GX-850","psu","false","category-silhouette","/assets/models/silhouette-psu-atx.glb","","https://seasonic.com/focus-gx/","","2026-10-04T15:07:15.468Z","0","true","false"
"primetx1000","PRIME TX-1000","psu","false","category-silhouette","/assets/models/silhouette-psu-atx.glb","","https://seasonic.com/prime-tx/","","2026-10-04T15:07:16.419Z","0","true","false"
"straightpower850","Straight Power 12 850W","psu","false","category-silhouette","/assets/models/silhouette-psu-atx.glb","","https://www.bequiet.com/en/powersupply/4109","","2026-10-04T15:07:17.366Z","0","true","false"
"rtx5060ti16","GeForce RTX 5060 Ti 16 GB","gpu","false","category-silhouette","/assets/models/silhouette-gpu-2fan.glb","","https://www.nvidia.com/en-us/geforce/graphics-cards/50-series/rtx-5060-family/","","2026-10-04T15:07:18.435Z","0","true","false"
"rtx5060","GeForce RTX 5060","gpu","false","category-silhouette","/assets/models/silhouette-gpu-2fan.glb","","https://www.nvidia.com/en-us/geforce/graphics-cards/50-series/rtx-5060-family/","","2026-10-04T15:07:19.468Z","4","true","false"
"rtx5050","GeForce RTX 5050","gpu","false","category-silhouette","/assets/models/silhouette-gpu-2fan.glb","","https://www.nvidia.com/en-us/geforce/graphics-cards/50-series/rtx-5050/","","2026-10-04T15:07:20.442Z","4","true","false"
"rx9060xt16","Radeon RX 9060 XT 16 GB","gpu","false","category-silhouette","/assets/models/silhouette-gpu-3fan.glb","","https://www.amd.com/en/products/graphics/desktops/radeon/9000-series/amd-radeon-rx-9060xt.html","","2026-10-04T15:07:21.383Z","0","true","false"
"rx7600xt","Radeon RX 7600 XT","gpu","false","category-silhouette","/assets/models/silhouette-gpu-2fan.glb","","https://www.amd.com/en/products/graphics/desktops/radeon/7000-series/amd-radeon-rx-7600-xt.html","","2026-10-04T15:07:22.358Z","1","true","false"
"rx6750xt","Radeon RX 6750 XT","gpu","false","category-silhouette","/assets/models/silhouette-gpu-3fan.glb","","https://www.amd.com/en/products/graphics/amd-radeon-rx-6750-xt","","2026-10-04T15:07:23.398Z","0","true","false"
"rx6650xt","Radeon RX 6650 XT","gpu","false","category-silhouette","/assets/models/silhouette-gpu-2fan.glb","","https://www.amd.com/en/products/graphics/amd-radeon-rx-6650-xt","","2026-10-04T15:07:24.584Z","1","true","false"
"rx6600xt","Radeon RX 6600 XT","gpu","false","category-silhouette","/assets/models/silhouette-gpu-2fan.glb","","https://www.amd.com/en/products/graphics/amd-radeon-rx-6600-xt","","2026-10-04T15:07:25.611Z","0","true","false"
"rx6500xt","Radeon RX 6500 XT","gpu","false","category-silhouette","/assets/models/silhouette-gpu-2fan.glb","","https://www.amd.com/en/products/graphics/amd-radeon-rx-6500-xt","","2026-10-04T15:07:26.671Z","1","true","false"
"rx6400","Radeon RX 6400","gpu","false","category-silhouette","/assets/models/silhouette-gpu-2fan.glb","","https://www.amd.com/en/products/graphics/amd-radeon-rx-6400","","2026-10-04T15:07:27.675Z","1","true","false"
"rx5600xt","Radeon RX 5600 XT","gpu","false","category-silhouette","/assets/models/silhouette-gpu-2fan.glb","","https://www.amd.com/en/products/graphics/amd-radeon-rx-5600-xt","","2026-10-04T15:07:29.309Z","1","true","false"
"rx5500xt","Radeon RX 5500 XT 8 GB","gpu","false","category-silhouette","/assets/models/silhouette-gpu-2fan.glb","","https://www.amd.com/en/products/graphics/amd-radeon-rx-5500-xt","","2026-10-04T15:07:30.376Z","0","true","false"
"veg64","Radeon RX Vega 64","gpu","false","category-silhouette","/assets/models/silhouette-gpu-3fan.glb","","https://www.amd.com/en/products/graphics/radeon-rx-vega-64","","2026-10-04T15:07:31.324Z","0","true","false"
"arcb570","Arc B570","gpu","false","category-silhouette","/assets/models/silhouette-gpu-2fan.glb","","https://www.intel.com/content/www/us/en/products/sku/241599/intel-arc-b570-graphics/specifications.html","","2026-10-04T15:07:32.300Z","0","true","false"
"arca580","Arc A580","gpu","false","category-silhouette","/assets/models/silhouette-gpu-2fan.glb","","https://www.intel.com/content/www/us/en/products/sku/227959/intel-arc-a580-graphics/specifications.html","","2026-10-04T15:07:33.231Z","0","true","false"
"arca380","Arc A380","gpu","false","category-silhouette","/assets/models/silhouette-gpu-2fan.glb","","https://www.intel.com/content/www/us/en/products/sku/227960/intel-arc-a380-graphics/specifications.html","","2026-10-04T15:07:34.176Z","0","true","false"
"gtx980","GeForce GTX 980","gpu","false","category-silhouette","/assets/models/silhouette-gpu-2fan.glb","","https://www.nvidia.com/en-us/geforce/news/maxwell-architecture-gtx-980-970/","","2026-10-04T15:07:35.111Z","2","true","false"
"9900x3d","Ryzen 9 9900X3D","cpu","false","category-silhouette","/assets/models/silhouette-cpu.glb","","https://www.amd.com/en/products/processors/desktops/ryzen/9000-series/amd-ryzen-9-9900x3d.html","","2026-10-04T15:07:36.171Z","1","true","false"
"7900x3d","Ryzen 9 7900X3D","cpu","false","category-silhouette","/assets/models/silhouette-cpu.glb","","https://www.amd.com/en/products/processors/desktops/ryzen/7000-series/amd-ryzen-9-7900x3d.html","","2026-10-04T15:07:37.155Z","2","true","false"
"7900","Ryzen 9 7900","cpu","false","category-silhouette","/assets/models/silhouette-cpu.glb","","https://www.amd.com/en/products/processors/desktops/ryzen/7000-series/amd-ryzen-9-7900.html","","2026-10-04T15:07:38.177Z","0","true","false"
"7700","Ryzen 7 7700","cpu","false","category-silhouette","/assets/models/silhouette-cpu.glb","","https://www.amd.com/en/products/processors/desktops/ryzen/7000-series/amd-ryzen-7-7700.html","","2026-10-04T15:07:39.187Z","0","true","false"
"7600","Ryzen 5 7600","cpu","true","exact-model","/assets/models/sketchfab-ryzen-5-7600.glb","arsdever","https://sketchfab.com/3d-models/amd-ryzen-5-7600-cpu-chip-am5-socket-a05c2732e0b847c2967e2c9282abd5f9","CC BY 4.0","","","false","false"
"5700x3d","Ryzen 7 5700X3D","cpu","true","exact-model","/assets/models/sketchfab-ryzen-7-5700x3d.glb","shig0","https://sketchfab.com/3d-models/amd-ryzen-7-5700x3d-f65c7a88018c4e9ab9de319558f75e32","CC BY 4.0","2026-10-04T15:07:40.327Z","1","false","false"
"5700x","Ryzen 7 5700X","cpu","false","category-silhouette","/assets/models/silhouette-cpu.glb","","https://www.amd.com/en/products/processors/desktops/ryzen/5000-series/amd-ryzen-7-5700x.html","","2026-10-04T15:07:41.445Z","0","true","false"
"5600","Ryzen 5 5600","cpu","true","exact-model","/assets/models/sketchfab-ryzen-5-5600.glb","McMiwok","https://sketchfab.com/3d-models/ryzen-5-5600-358bdc563a264a58a610abd001d36d89","CC BY 4.0","2026-10-04T15:07:42.602Z","3","false","false"
"3800x","Ryzen 7 3800X","cpu","false","category-silhouette","/assets/models/silhouette-cpu.glb","","https://www.amd.com/en/products/cpu/amd-ryzen-7-3800x","","2026-10-04T15:07:43.534Z","0","true","false"
"2600x","Ryzen 5 2600X","cpu","false","category-silhouette","/assets/models/silhouette-cpu.glb","","https://www.amd.com/en/products/cpu/amd-ryzen-5-2600x","","2026-10-04T15:07:44.545Z","0","true","false"
"ultra5245k","Core Ultra 5 245K","cpu","false","category-silhouette","/assets/models/silhouette-cpu.glb","","https://www.intel.com/content/www/us/en/products/sku/241072/intel-core-ultra-5-processor-245k-24m-cache-up-to-5-20-ghz/specifications.html","","2026-10-04T15:07:45.483Z","0","true","false"
"i911900k","Core i9-11900K","cpu","true","model-needs-verification","/assets/models/sketchfab-i9-11900k.glb","M E U","https://sketchfab.com/3d-models/intel-core-i9-11900k-ab316272ebc24b9295fcd502e641d395","CC BY 4.0","2026-10-04T15:07:46.598Z","3","false","false"
"i711700k","Core i7-11700K","cpu","false","category-silhouette","/assets/models/silhouette-cpu.glb","","https://www.intel.com/content/www/us/en/products/sku/212047/intel-core-i711700k-processor-16m-cache-up-to-5-00-ghz/specifications.html","","2026-10-04T15:07:47.556Z","1","true","false"
"i511600k","Core i5-11600K","cpu","false","category-silhouette","/assets/models/silhouette-cpu.glb","","https://www.intel.com/content/www/us/en/products/sku/212275/intel-core-i511600k-processor-12m-cache-up-to-4-90-ghz/specifications.html","","2026-10-04T15:07:48.639Z","2","true","false"
"i710700k","Core i7-10700K","cpu","false","category-silhouette","/assets/models/silhouette-cpu.glb","","https://www.intel.com/content/www/us/en/products/sku/199335/intel-core-i710700k-processor-16m-cache-up-to-5-10-ghz/specifications.html","","2026-10-04T15:07:49.596Z","1","true","false"
"i79700k","Core i7-9700K","cpu","true","exact-model","/assets/models/sketchfab-intel-i7-9700k.glb","Daniel Cardona","https://sketchfab.com/3d-models/dream-computer-setup-82f78bbaf2d34f01af854a52151dbf49","CC BY 4.0","","","false","false"
"i76700k","Core i7-6700K","cpu","false","category-silhouette","/assets/models/silhouette-cpu.glb","","https://www.intel.com/content/www/us/en/products/sku/88195/intel-core-i76700k-processor-8m-cache-up-to-4-20-ghz/specifications.html","","2026-10-04T15:07:50.687Z","3","true","false"
"i73770k","Core i7-3770K","cpu","false","category-silhouette","/assets/models/silhouette-cpu.glb","","https://www.intel.com/content/www/us/en/products/sku/65523/intel-core-i73770k-processor-8m-cache-up-to-3-90-ghz/specifications.html","","2026-10-04T15:07:51.685Z","2","true","false"
"x870ehero","ROG CROSSHAIR X870E HERO","board","false","category-silhouette","/assets/models/silhouette-board-atx.glb","","https://rog.asus.com/motherboards/rog-crosshair/rog-crosshair-x870e-hero/spec/","","2026-10-04T15:07:52.608Z","0","true","false"
"b650ehero","ROG STRIX B650E-E GAMING WIFI","board","false","category-silhouette","/assets/models/silhouette-board-atx.glb","","https://rog.asus.com/motherboards/rog-strix/rog-strix-b650e-e-gaming-wifi-model/spec/","","2026-10-04T15:07:53.566Z","0","true","false"
"b550f","ROG STRIX B550-F GAMING WIFI II","board","false","category-silhouette","/assets/models/silhouette-board-atx.glb","","https://rog.asus.com/motherboards/rog-strix/rog-strix-b550-f-gaming-wifi-ii-model/spec/","","2026-10-04T15:07:54.493Z","0","true","false"
"z890hero","ROG MAXIMUS Z890 HERO","board","false","category-silhouette","/assets/models/silhouette-board-atx.glb","","https://rog.asus.com/motherboards/rog-maximus/rog-maximus-z890-hero/spec/","","2026-10-04T15:07:55.529Z","0","true","false"
"z790hero","ROG MAXIMUS Z790 HERO","board","false","category-silhouette","/assets/models/silhouette-board-atx.glb","","https://rog.asus.com/motherboards/rog-maximus/rog-maximus-z790-hero-model/spec/","","2026-10-04T15:07:56.476Z","0","true","false"
"b760plus","TUF GAMING B760-PLUS WIFI","board","false","category-silhouette","/assets/models/silhouette-board-atx.glb","","https://www.asus.com/motherboards-components/motherboards/tuf-gaming/tuf-gaming-b760-plus-wifi/techspec/","","2026-10-04T15:07:57.455Z","0","true","false"
"b650aorus","B650 AORUS ELITE AX","board","false","category-silhouette","/assets/models/silhouette-board-atx.glb","","https://www.gigabyte.com/Motherboard/B650-AORUS-ELITE-AX-rev-12/sp#sp","","2026-10-04T15:07:58.375Z","0","true","false"
"z790aorus","Z790 AORUS ELITE AX","board","false","category-silhouette","/assets/models/silhouette-board-atx.glb","","https://www.gigabyte.com/Motherboard/Z790-AORUS-ELITE-AX-rev-10/sp#sp","","2026-10-04T15:07:59.324Z","0","true","false"
"corsair6400","VENGEANCE DDR5-6400 CL32","ram","false","category-silhouette","/assets/models/silhouette-ram.glb","","https://www.corsair.com/us/en/p/memory/cmk32gx5m2b6400c32/vengeance-32gb-2x16gb-ddr5-dram-6400mt-s-c32-memory-kit-black-cmk32gx5m2b6400c32","","2026-10-04T15:08:00.399Z","0","true","false"
"corsair5600","VENGEANCE DDR5-5600 CL36","ram","false","category-silhouette","/assets/models/silhouette-ram.glb","","https://www.corsair.com/us/en/p/memory/cmk32gx5m2b5600c36/vengeance-32gb-2x16gb-ddr5-dram-5600mt-s-c36-memory-kit-black-cmk32gx5m2b5600c36","","2026-10-04T15:08:01.482Z","0","true","false"
"gskill6400c32","Trident Z5 RGB DDR5-6400 CL32","ram","false","category-silhouette","/assets/models/silhouette-ram.glb","","https://www.gskill.com/product/165/374/1649235099/F5-6400J3239G16GX2-TZ5RK","","2026-10-04T15:08:02.585Z","0","true","false"
"gskill3200c16","Ripjaws V DDR4-3200 CL16","ram","false","category-silhouette","/assets/models/silhouette-ram.glb","","https://www.gskill.com/product/165/184/1536110922/F4-3200C16D-32GVK","","2026-10-04T15:08:03.520Z","0","true","false"
"kingston5200","FURY Beast DDR5-5200 CL40","ram","false","category-silhouette","/assets/models/silhouette-ram.glb","","https://www.kingston.com/en/memory/gaming/kingston-fury-beast-ddr5-memory","","2026-10-04T15:08:04.444Z","0","true","false"
"kingston3200","FURY Beast DDR4-3200 CL16","ram","false","category-silhouette","/assets/models/silhouette-ram.glb","","https://www.kingston.com/en/memory/gaming/kingston-fury-beast-ddr4-memory","","2026-10-04T15:08:05.404Z","0","true","false"
"crucial3200","Crucial Pro DDR4-3200 CL22","ram","false","category-silhouette","/assets/models/silhouette-ram.glb","","https://www.crucial.com/memory/ddr4/cp2k16g4dfra32a","","2026-10-04T15:08:06.338Z","0","true","false"
"sn580","WD Blue SN580 1 TB","ssd","false","category-silhouette","/assets/models/silhouette-ssd-m2.glb","","https://www.westerndigital.com/products/internal-drives/wd-blue-sn580-nvme-ssd","","2026-10-04T15:08:07.262Z","0","true","false"
"wdsa510","WD Blue SA510 1 TB","ssd","false","category-silhouette","/assets/models/silhouette-ssd-sata.glb","","https://www.westerndigital.com/products/internal-drives/wd-blue-sa510-sata-2-5-ssd","","2026-10-04T15:08:08.198Z","0","true","false"
"crucialt700","T700 2 TB","ssd","false","category-silhouette","/assets/models/silhouette-ssd-m2.glb","","https://www.crucial.com/ssd/t700/ct2000t700ssd3","","2026-10-04T15:08:09.263Z","0","true","false"
"crucialp5plus","P5 Plus 1 TB","ssd","false","category-silhouette","/assets/models/silhouette-ssd-m2.glb","","https://www.crucial.com/ssd/p5-plus/ct1000p5pssd8","","2026-10-04T15:08:10.398Z","0","true","false"
"furyrenegade","FURY Renegade 2 TB","ssd","false","category-silhouette","/assets/models/silhouette-ssd-m2.glb","","https://www.kingston.com/en/ssd/gaming/kingston-fury-renegade-nvme-m2-ssd","","2026-10-04T15:08:11.338Z","0","true","false"
"kingstonnv3","NV3 2 TB","ssd","false","category-silhouette","/assets/models/silhouette-ssd-m2.glb","","https://www.kingston.com/en/ssd/nv3-nvme-pcie-ssd","","2026-10-04T15:08:12.492Z","0","true","false"
"firecuda530","FireCuda 530 2 TB","ssd","false","category-silhouette","/assets/models/silhouette-ssd-m2.glb","","https://www.seagate.com/products/gaming-drives/pc-gaming/firecuda-530-ssd/","","2026-10-04T15:08:13.556Z","0","true","false"
"rocket4plus","Rocket 4 Plus 2 TB","ssd","false","category-silhouette","/assets/models/silhouette-ssd-m2.glb","","https://sabrent.com/products/sb-rkt4p-2tb","","2026-10-04T15:08:14.611Z","0","true","false"
"wdblue2tb","WD Blue 2 TB","hdd","false","category-silhouette","/assets/models/silhouette-hdd.glb","","https://www.westerndigital.com/products/internal-drives/wd-blue-desktop-sata-hdd","","2026-10-04T15:08:15.552Z","0","true","false"
"wdred8tb","WD Red Plus 8 TB","hdd","false","category-silhouette","/assets/models/silhouette-hdd.glb","","https://www.westerndigital.com/products/internal-drives/wd-red-plus-sata-3-5-hdd","","2026-10-04T15:08:16.471Z","0","true","false"
"wdgold18tb","WD Gold 18 TB","hdd","false","category-silhouette","/assets/models/silhouette-hdd.glb","","https://www.westerndigital.com/products/internal-drives/wd-gold-sata-hdd","","2026-10-04T15:08:17.458Z","0","true","false"
"ironwolf12tb","IronWolf 12 TB","hdd","false","category-silhouette","/assets/models/silhouette-hdd.glb","","https://www.seagate.com/products/nas-drives/ironwolf-hard-drive/","","2026-10-04T15:08:18.426Z","0","true","false"
"toshibax3008","X300 8 TB","hdd","false","category-silhouette","/assets/models/silhouette-hdd.glb","","https://storage.toshiba.com/consumer-hdd/internal/x300","","2026-10-04T15:08:19.492Z","0","true","false"
"rm650x","RM650x (2021)","psu","false","category-silhouette","/assets/models/silhouette-psu-atx.glb","","https://assets.corsair.com/image/upload/corsairmedia/sys_master/productcontent/WW_RMx_Series_2021_QSG_Web_AD.pdf","","2026-10-04T15:08:20.437Z","0","true","false"
"sf1000l","SF1000L","psu","false","category-silhouette","/assets/models/silhouette-psu-sfx.glb","","https://www.corsair.com/us/en/p/psu/cp-9020257-na/sf1000l-fully-modular-low-noise-sfx-power-supply-cp-9020257-na","","2026-10-04T15:08:21.516Z","3","true","false"
"hx1000i","HX1000i","psu","false","category-silhouette","/assets/models/silhouette-psu-atx.glb","","https://www.corsair.com/us/en/p/psu/cp-9020259-na/hxi-series-hx1000i-fully-modular-ultra-low-noise-platinum-atx-1000-watt-pc-power-supply-cp-9020259-na","","2026-10-04T15:08:22.460Z","1","true","false"
"focusgx750","FOCUS GX-750","psu","false","category-silhouette","/assets/models/silhouette-psu-atx.glb","","https://seasonic.com/focus-gx/","","2026-10-04T15:08:23.409Z","0","true","false"
"focusgx1000","FOCUS GX-1000","psu","false","category-silhouette","/assets/models/silhouette-psu-atx.glb","","https://seasonic.com/focus-gx/","","2026-10-04T15:08:24.342Z","0","true","false"
"darkpower1000","Dark Power 13 1000W","psu","false","category-silhouette","/assets/models/silhouette-psu-atx.glb","","https://www.bequiet.com/en/powersupply/4046","","2026-10-04T15:08:25.342Z","0","true","false"
"evgag6850","SuperNOVA 850 G6","psu","false","category-silhouette","/assets/models/silhouette-psu-atx.glb","","https://www.evga.com/products/product.aspx?pn=220-G6-0850-X1","","2026-10-04T15:08:26.292Z","0","true","false"
"rtx3090ti","GeForce RTX 3090 Ti","gpu","false","category-silhouette","/assets/models/silhouette-gpu-3fan.glb","","https://www.nvidia.com/en-us/geforce/graphics-cards/30-series/rtx-3090-3090ti/","","2026-10-04T15:08:27.472Z","5","true","false"
"rtx3080ti","GeForce RTX 3080 Ti","gpu","false","category-silhouette","/assets/models/silhouette-gpu-3fan.glb","","https://www.nvidia.com/en-us/geforce/graphics-cards/30-series/rtx-3080-3080ti/","","2026-10-04T15:08:28.575Z","5","true","false"
"rtx3070ti","GeForce RTX 3070 Ti","gpu","false","category-silhouette","/assets/models/silhouette-gpu-3fan.glb","","https://www.nvidia.com/en-us/geforce/graphics-cards/30-series/rtx-3070-3070ti/","","2026-10-04T15:08:30.098Z","5","true","false"
"rtx3050","GeForce RTX 3050 8 GB","gpu","false","category-silhouette","/assets/models/silhouette-gpu-2fan.glb","","https://www.nvidia.com/en-us/geforce/graphics-cards/30-series/rtx-3050/","","2026-10-04T15:08:31.172Z","0","true","false"
"rtx2080s","GeForce RTX 2080 SUPER","gpu","false","category-silhouette","/assets/models/silhouette-gpu-3fan.glb","","https://www.nvidia.com/en-us/geforce/graphics-cards/rtx-2080-super/","","2026-10-04T15:08:32.264Z","4","true","false"
"rtx2080","GeForce RTX 2080","gpu","false","category-silhouette","/assets/models/silhouette-gpu-2fan.glb","","https://www.nvidia.com/en-us/geforce/graphics-cards/rtx-2080/","","2026-10-04T15:08:33.510Z","9","true","false"
"rtx2070","GeForce RTX 2070","gpu","false","category-silhouette","/assets/models/silhouette-gpu-2fan.glb","","https://www.nvidia.com/en-us/geforce/graphics-cards/rtx-2070/","","2026-10-04T15:08:34.772Z","9","true","false"
"rtx2060s","GeForce RTX 2060 SUPER","gpu","false","category-silhouette","/assets/models/silhouette-gpu-2fan.glb","","https://www.nvidia.com/en-us/geforce/graphics-cards/rtx-2060-super/","","2026-10-04T15:08:35.733Z","4","true","false"
"gtx1660ti","GeForce GTX 1660 Ti","gpu","false","category-silhouette","/assets/models/silhouette-gpu-2fan.glb","","https://www.nvidia.com/en-us/geforce/news/gfecnt/geforce-gtx-1660-ti/","","2026-10-04T15:08:37.125Z","2","true","false"
"gtx1660s","GeForce GTX 1660 SUPER","gpu","false","category-silhouette","/assets/models/silhouette-gpu-2fan.glb","","https://www.nvidia.com/en-us/geforce/news/geforce-gtx-1660-super-out-now/","","2026-10-04T15:08:38.291Z","3","true","false"
"gtx1660","GeForce GTX 1660","gpu","true","family-or-chip","/assets/models/sketchfab-gigabyte-gtx1660.glb","Kenza9 (atynnikov31)","https://sketchfab.com/3d-models/geforce-gtx-1660-gigabyte-2e88f9ca4dcb414d88725bd1d66848b5","CC BY 4.0","","","false","false"
"gtx1650s","GeForce GTX 1650 SUPER","gpu","false","category-silhouette","/assets/models/silhouette-gpu-2fan.glb","","https://www.nvidia.com/en-us/geforce/news/geforce-gtx-1650-super-out-now/","","2026-10-04T15:08:39.350Z","3","true","false"
"gtx1650","GeForce GTX 1650","gpu","false","category-silhouette","/assets/models/silhouette-gpu-2fan.glb","","https://www.nvidia.com/en-us/geforce/graphics-cards/gtx-1650/","","2026-10-04T15:08:40.599Z","13","true","false"
"gtx1070ti","GeForce GTX 1070 Ti","gpu","false","category-silhouette","/assets/models/silhouette-gpu-2fan.glb","","https://www.nvidia.com/en-us/geforce/news/geforce-gtx-1070-ti/","","2026-10-04T15:08:41.565Z","2","true","false"
"gtx1050ti","GeForce GTX 1050 Ti","gpu","false","category-silhouette","/assets/models/silhouette-gpu-2fan.glb","","https://www.nvidia.com/en-us/geforce/news/geforce-gtx-1050-1050-ti/","","2026-10-04T15:08:42.503Z","1","true","false"
"titanxp","TITAN Xp","gpu","false","category-silhouette","/assets/models/silhouette-gpu-3fan.glb","","https://www.nvidia.com/en-us/titan/titan-xp/","","2026-10-04T15:08:43.423Z","1","true","false"
"gtx960","GeForce GTX 960","gpu","false","category-silhouette","/assets/models/silhouette-gpu-2fan.glb","","https://www.nvidia.com/en-us/geforce/news/geforce-gtx-960/","","2026-10-04T15:08:44.375Z","0","true","false"
"gtx780ti","GeForce GTX 780 Ti","gpu","false","category-silhouette","/assets/models/silhouette-gpu-3fan.glb","","https://www.nvidia.com/en-us/geforce/news/geforce-gtx-780-ti/","","2026-10-04T15:08:45.303Z","0","true","false"
"gtx780","GeForce GTX 780","gpu","false","category-silhouette","/assets/models/silhouette-gpu-3fan.glb","","https://www.nvidia.com/en-us/geforce/news/geforce-gtx-780/","","2026-10-04T15:08:46.480Z","2","true","false"
"gtx770","GeForce GTX 770","gpu","false","category-silhouette","/assets/models/silhouette-gpu-3fan.glb","","https://www.nvidia.com/en-us/geforce/news/geforce-gtx-770/","","2026-10-04T15:08:47.405Z","0","true","false"
"gtx760","GeForce GTX 760","gpu","false","category-silhouette","/assets/models/silhouette-gpu-2fan.glb","","https://www.nvidia.com/en-us/geforce/news/geforce-gtx-760/","","2026-10-04T15:08:48.525Z","1","true","false"
"rx5700","Radeon RX 5700","gpu","false","category-silhouette","/assets/models/silhouette-gpu-2fan.glb","","https://www.amd.com/en/products/graphics/amd-radeon-rx-5700","","2026-10-04T15:08:49.538Z","0","true","false"
"rx590","Radeon RX 590","gpu","false","category-silhouette","/assets/models/silhouette-gpu-3fan.glb","","https://www.amd.com/en/products/graphics/radeon-rx-590","","2026-10-04T15:08:50.564Z","0","true","false"
"rx570","Radeon RX 570","gpu","false","category-silhouette","/assets/models/silhouette-gpu-2fan.glb","","https://www.amd.com/en/products/graphics/radeon-rx-570","","2026-10-04T15:08:51.526Z","2","true","false"
"rx560","Radeon RX 560","gpu","false","category-silhouette","/assets/models/silhouette-gpu-2fan.glb","","https://www.amd.com/en/products/graphics/radeon-rx-560","","2026-10-04T15:08:52.460Z","1","true","false"
"rx480","Radeon RX 480","gpu","false","category-silhouette","/assets/models/silhouette-gpu-2fan.glb","","https://www.amd.com/en/products/graphics/radeon-rx-480","","2026-10-04T15:08:53.459Z","0","true","false"
"rx470","Radeon RX 470","gpu","false","category-silhouette","/assets/models/silhouette-gpu-2fan.glb","","https://www.amd.com/en/products/graphics/radeon-rx-470","","2026-10-04T15:08:54.387Z","0","true","false"
"furyx","Radeon R9 Fury X","gpu","false","category-silhouette","/assets/models/silhouette-gpu-3fan.glb","","https://www.amd.com/en/products/graphics/desktop/r9","","2026-10-04T15:08:55.319Z","1","true","false"
"r9390x","Radeon R9 390X","gpu","false","category-silhouette","/assets/models/silhouette-gpu-3fan.glb","","https://www.amd.com/en/products/graphics/desktop/r9","","2026-10-04T15:08:56.275Z","0","true","false"
"r9290x","Radeon R9 290X","gpu","false","category-silhouette","/assets/models/silhouette-gpu-3fan.glb","","https://www.amd.com/en/products/graphics/desktop/r9","","2026-10-04T15:08:57.365Z","0","true","false"
"hd7970","Radeon HD 7970","gpu","false","category-silhouette","/assets/models/silhouette-gpu-3fan.glb","","https://www.amd.com/en/press-releases/Pages/amd-radeon-hd-7970-2011dec22.aspx","","2026-10-04T15:08:58.303Z","0","true","false"
"7500f","Ryzen 5 7500F","cpu","false","category-silhouette","/assets/models/silhouette-cpu.glb","","https://www.amd.com/en/products/processors/desktops/ryzen/7000-series/amd-ryzen-5-7500f.html","","2026-10-04T15:08:59.259Z","0","true","false"
"5500","Ryzen 5 5500","cpu","false","category-silhouette","/assets/models/silhouette-cpu.glb","","https://www.amd.com/en/products/processors/desktops/ryzen/5000-series/amd-ryzen-5-5500.html","","2026-10-04T15:09:00.421Z","1","true","false"
"5700g","Ryzen 7 5700G","cpu","false","category-silhouette","/assets/models/silhouette-cpu.glb","","https://www.amd.com/en/products/apu/amd-ryzen-7-5700g","","2026-10-04T15:09:01.342Z","0","true","false"
"5600g","Ryzen 5 5600G","cpu","false","category-silhouette","/assets/models/silhouette-cpu.glb","","https://www.amd.com/en/products/apu/amd-ryzen-5-5600g","","2026-10-04T15:09:02.327Z","0","true","false"
"3300x","Ryzen 3 3300X","cpu","false","category-silhouette","/assets/models/silhouette-cpu.glb","","https://www.amd.com/en/products/cpu/amd-ryzen-3-3300x","","2026-10-04T15:09:03.248Z","0","true","false"
"3100","Ryzen 3 3100","cpu","false","category-silhouette","/assets/models/silhouette-cpu.glb","","https://www.amd.com/en/products/cpu/amd-ryzen-3-3100","","2026-10-04T15:09:04.221Z","0","true","false"
"3400g","Ryzen 5 3400G","cpu","false","category-silhouette","/assets/models/silhouette-cpu.glb","","https://www.amd.com/en/products/apu/amd-ryzen-5-3400g","","2026-10-04T15:09:05.142Z","0","true","false"
"3200g","Ryzen 3 3200G","cpu","false","category-silhouette","/assets/models/silhouette-cpu.glb","","https://www.amd.com/en/products/apu/amd-ryzen-3-3200g","","2026-10-04T15:09:06.235Z","0","true","false"
"2990wx","Ryzen Threadripper 2990WX","cpu","false","category-silhouette","/assets/models/silhouette-cpu.glb","","https://www.amd.com/en/products/cpu/amd-ryzen-threadripper-2990wx","","2026-10-04T15:09:07.154Z","0","true","false"
"1950x","Ryzen Threadripper 1950X","cpu","false","category-silhouette","/assets/models/silhouette-cpu.glb","","https://www.amd.com/en/products/cpu/amd-ryzen-threadripper-1950x","","2026-10-04T15:09:08.074Z","0","true","false"
"fx8350","FX-8350","cpu","false","category-silhouette","/assets/models/silhouette-cpu.glb","","https://www.amd.com/en/products/cpu/fx-8350","","2026-10-04T15:09:08.999Z","2","true","false"
"i914900ks","Core i9-14900KS","cpu","false","category-silhouette","/assets/models/silhouette-cpu.glb","","https://www.intel.com/content/www/us/en/products/sku/237504/intel-core-i9-processor-14900ks-36m-cache-up-to-6-20-ghz/specifications.html","","2026-10-04T15:09:10.129Z","2","true","false"
"i913900ks","Core i9-13900KS","cpu","false","category-silhouette","/assets/models/silhouette-cpu.glb","","https://www.intel.com/content/www/us/en/products/sku/232167/intel-core-i9-13900ks-processor-36m-cache-up-to-6-00-ghz/specifications.html","","2026-10-04T15:09:11.073Z","1","true","false"
"i912900ks","Core i9-12900KS","cpu","false","category-silhouette","/assets/models/silhouette-cpu.glb","","https://www.intel.com/content/www/us/en/products/sku/225916/intel-core-i9-12900ks-processor-30m-cache-up-to-5-50-ghz/specifications.html","","2026-10-04T15:09:12.024Z","1","true","false"
"i911900","Core i9-11900","cpu","false","category-silhouette","/assets/models/silhouette-cpu.glb","","https://www.intel.com/content/www/us/en/products/sku/212252/intel-core-i911900-processor-16m-cache-up-to-5-20-ghz/specifications.html","","2026-10-04T15:09:13.125Z","3","true","false"
"i711700","Core i7-11700","cpu","false","category-silhouette","/assets/models/silhouette-cpu.glb","","https://www.intel.com/content/www/us/en/products/sku/212279/intel-core-i711700-processor-16m-cache-up-to-4-90-ghz/specifications.html","","2026-10-04T15:09:14.138Z","1","true","false"
"i511600","Core i5-11600","cpu","false","category-silhouette","/assets/models/silhouette-cpu.glb","","https://www.intel.com/content/www/us/en/products/sku/212270/intel-core-i511600-processor-12m-cache-up-to-4-80-ghz/specifications.html","","2026-10-04T15:09:15.131Z","2","true","false"
"i910900","Core i9-10900","cpu","false","category-silhouette","/assets/models/silhouette-cpu.glb","","https://www.intel.com/content/www/us/en/products/sku/199328/intel-core-i9-10900-processor-20m-cache-up-to-5-20-ghz/specifications.html","","2026-10-04T15:09:16.120Z","1","true","false"
"i710700","Core i7-10700","cpu","false","category-silhouette","/assets/models/silhouette-cpu.glb","","https://www.intel.com/content/www/us/en/products/sku/199316/intel-core-i7-10700-processor-16m-cache-up-to-4-80-ghz/specifications.html","","2026-10-04T15:09:17.206Z","2","true","false"
"i510600","Core i5-10600","cpu","false","category-silhouette","/assets/models/silhouette-cpu.glb","","https://www.intel.com/content/www/us/en/products/sku/199273/intel-core-i5-10600-processor-12m-cache-up-to-4-80-ghz/specifications.html","","2026-10-04T15:09:18.172Z","2","true","false"
"i510400f","Core i5-10400F","cpu","false","category-silhouette","/assets/models/silhouette-cpu.glb","","https://www.intel.com/content/www/us/en/products/sku/199278/intel-core-i5-10400f-processor-12m-cache-up-to-4-30-ghz/specifications.html","","2026-10-04T15:09:19.129Z","1","true","false"
"i99900ks","Core i9-9900KS","cpu","false","category-silhouette","/assets/models/silhouette-cpu.glb","","https://www.intel.com/content/www/us/en/products/sku/197100/intel-core-i9-9900ks-processor-16m-cache-up-to-5-00-ghz/specifications.html","","2026-10-04T15:09:20.214Z","1","true","false"
"i79700","Core i7-9700","cpu","false","category-silhouette","/assets/models/silhouette-cpu.glb","","https://www.intel.com/content/www/us/en/products/sku/191792/intel-core-i7-9700-processor-12m-cache-up-to-4-70-ghz/specifications.html","","2026-10-04T15:09:21.181Z","2","true","false"
"i59600k","Core i5-9600K","cpu","false","category-silhouette","/assets/models/silhouette-cpu.glb","","https://www.intel.com/content/www/us/en/products/sku/134896/intel-core-i5-9600k-processor-9m-cache-up-to-4-60-ghz/specifications.html","","2026-10-04T15:09:22.313Z","0","true","false"
"i78700","Core i7-8700","cpu","true","exact-model","/assets/models/sketchfab-intel-i7-8700.glb","piksidiksi47","https://sketchfab.com/3d-models/pc-for-3d-rendering-1c45e1c52d4a4c23b9649ec8a6200c81","CC BY 4.0","","","false","false"
"i58600k","Core i5-8600K","cpu","false","category-silhouette","/assets/models/silhouette-cpu.glb","","https://www.intel.com/content/www/us/en/products/sku/126685/intel-core-i5-8600k-processor-9m-cache-up-to-4-30-ghz/specifications.html","","2026-10-04T15:09:23.257Z","0","true","false"
"i77700","Core i7-7700","cpu","false","category-silhouette","/assets/models/silhouette-cpu.glb","","https://www.intel.com/content/www/us/en/products/sku/97128/intel-core-i7-7700-processor-8m-cache-up-to-4-20-ghz/specifications.html","","2026-10-04T15:09:24.338Z","3","true","false"
"i57600k","Core i5-7600K","cpu","true","exact-model","/assets/models/sketchfab-intel-i5-7600k.glb","c261469t","https://sketchfab.com/3d-models/intel-cpu-8c0d548906fa49a4870c9b5d67a610d7","CC BY 4.0","","","false","false"
"i76700","Core i7-6700","cpu","false","category-silhouette","/assets/models/silhouette-cpu.glb","","https://www.intel.com/content/www/us/en/products/sku/88196/intel-core-i7-6700-processor-8m-cache-up-to-4-00-ghz/specifications.html","","2026-10-04T15:09:25.345Z","3","true","false"
"i56600k","Core i5-6600K","cpu","false","category-silhouette","/assets/models/silhouette-cpu.glb","","https://www.intel.com/content/www/us/en/products/sku/88191/intel-core-i5-6600k-processor-6m-cache-up-to-3-90-ghz/specifications.html","","2026-10-04T15:09:26.436Z","0","true","false"
"i74770k","Core i7-4770K","cpu","false","category-silhouette","/assets/models/silhouette-cpu.glb","","https://www.intel.com/content/www/us/en/products/sku/75123/intel-core-i7-4770k-processor-8m-cache-up-to-3-90-ghz/specifications.html","","2026-10-04T15:09:27.358Z","0","true","false"
"i53570k","Core i5-3570K","cpu","false","category-silhouette","/assets/models/silhouette-cpu.glb","","https://www.intel.com/content/www/us/en/products/sku/65520/intel-core-i5-3570k-processor-6m-cache-up-to-3-80-ghz/specifications.html","","2026-10-04T15:09:28.304Z","1","true","false"
"i52500k","Core i5-2500K","cpu","false","category-silhouette","/assets/models/silhouette-cpu.glb","","https://www.intel.com/content/www/us/en/products/sku/52210/intel-core-i5-2500k-processor-6m-cache-up-to-3-70-ghz/specifications.html","","2026-10-04T15:09:29.865Z","1","true","false"
"x570tomahawk","MAG X570 TOMAHAWK WIFI","board","false","category-silhouette","/assets/models/silhouette-board-atx.glb","","https://www.msi.com/Motherboard/MAG-X570-TOMAHAWK-WIFI/Specification","","2026-10-04T15:09:30.984Z","0","true","false"
"z490tomahawk","MAG Z490 TOMAHAWK","board","false","category-silhouette","/assets/models/silhouette-board-atx.glb","","https://www.msi.com/Motherboard/MAG-Z490-TOMAHAWK/Specification","","2026-10-04T15:09:31.923Z","0","true","false"
"z370carbon","Z370 GAMING PRO CARBON","board","false","category-silhouette","/assets/models/silhouette-board-atx.glb","","https://www.msi.com/Motherboard/Z370-GAMING-PRO-CARBON/Specification","","2026-10-04T15:09:32.922Z","0","true","false"
"x570hero","ROG CROSSHAIR VIII HERO WIFI","board","false","category-silhouette","/assets/models/silhouette-board-atx.glb","","https://rog.asus.com/motherboards/rog-crosshair/rog-crosshair-viii-hero-wi-fi-model/spec/","","2026-10-04T15:09:33.875Z","0","true","false"
"z390hero","ROG MAXIMUS XI HERO WIFI","board","false","category-silhouette","/assets/models/silhouette-board-atx.glb","","https://rog.asus.com/motherboards/rog-maximus/rog-maximus-xi-hero-wi-fi-model/spec/","","2026-10-04T15:09:35.010Z","0","true","false"
"b450aorus","B450 AORUS ELITE","board","false","category-silhouette","/assets/models/silhouette-board-atx.glb","","https://www.gigabyte.com/Motherboard/B450-AORUS-ELITE-rev-1x/sp#sp","","2026-10-04T15:09:35.945Z","0","true","false"
"ballistix3600","Ballistix DDR4-3600 CL16","ram","false","category-silhouette","/assets/models/silhouette-ram.glb","","https://www.crucial.com/memory/ddr4/bl2k16g36c16u4b","","2026-10-04T15:09:37.004Z","0","true","false"
"tforcedelta6000","T-FORCE DELTA RGB DDR5-6000 CL30","ram","true","family-or-chip","/assets/models/sketchfab-tforce-ddr5-black.glb","PolyDavid","https://sketchfab.com/3d-models/ddr5-ram-teamgroup-t-force-black-268614943df3411bb6487a9601adc03f","CC BY 4.0","","","false","false"
"vipersteel4400","Viper Steel DDR4-4400 CL19","ram","false","category-silhouette","/assets/models/silhouette-ram.glb","","https://viper.patriotmemory.com/products/viper-steel-ddr4-performance-memory-ram-viper-gaming-by-patriot-memory","","2026-10-04T15:09:37.996Z","0","true","false"
"furyrenegade7200","FURY Renegade DDR5-7200 CL38","ram","false","category-silhouette","/assets/models/silhouette-ram.glb","","https://www.kingston.com/en/memory/gaming/kingston-fury-renegade-ddr5-memory","","2026-10-04T15:09:38.957Z","0","true","false"
"samsung860evo","860 EVO 1 TB","ssd","false","category-silhouette","/assets/models/silhouette-ssd-sata.glb","","https://semiconductor.samsung.com/consumer-storage/internal-ssd/860evo/","","2026-10-04T15:09:40.024Z","0","true","false"
"wdsn750","WD_BLACK SN750 1 TB","ssd","false","category-silhouette","/assets/models/silhouette-ssd-m2.glb","","https://www.westerndigital.com/products/internal-drives/wd-black-sn750-nvme-ssd","","2026-10-04T15:09:40.972Z","0","true","false"
"crucialp2","P2 1 TB","ssd","false","category-silhouette","/assets/models/silhouette-ssd-m2.glb","","https://www.crucial.com/ssd/p2/ct1000p2ssd8","","2026-10-04T15:09:41.904Z","0","true","false"
"intel660p","SSD 660p 1 TB","ssd","false","category-silhouette","/assets/models/silhouette-ssd-m2.glb","","https://www.intel.com/content/www/us/en/products/sku/149407/intel-ssd-660p-series-1-0tb-m-2-80mm-pcie-3-0-x4-3d2-qlc/specifications.html","","2026-10-04T15:09:42.918Z","0","true","false"
"firecuda520","FireCuda 520 2 TB","ssd","false","category-silhouette","/assets/models/silhouette-ssd-m2.glb","","https://www.seagate.com/products/gaming-drives/pc-gaming/firecuda-520-ssd/","","2026-10-04T15:09:43.877Z","0","true","false"
"barracuda4","BarraCuda 4 TB","hdd","false","category-silhouette","/assets/models/silhouette-hdd.glb","","https://www.seagate.com/products/hard-drives/barracuda-hard-drive/","","2026-10-04T15:09:44.947Z","0","true","false"
"ironwolf4tb","IronWolf 4 TB","hdd","false","category-silhouette","/assets/models/silhouette-hdd.glb","","https://www.seagate.com/products/nas-drives/ironwolf-hard-drive/","","2026-10-04T15:09:46.051Z","0","true","false"
"wdred4tb","WD Red Plus 4 TB","hdd","false","category-silhouette","/assets/models/silhouette-hdd.glb","","https://www.westerndigital.com/products/internal-drives/wd-red-plus-sata-3-5-hdd","","2026-10-04T15:09:47.118Z","0","true","false"
"toshiban3008","N300 8 TB","hdd","false","category-silhouette","/assets/models/silhouette-hdd.glb","","https://storage.toshiba.com/consumer-hdd/internal/n300","","2026-10-04T15:09:48.056Z","0","true","false"
"rm1200xshift","RM1200x SHIFT","psu","false","category-silhouette","/assets/models/silhouette-psu-atx.glb","","https://www.corsair.com/us/en/p/psu/cp-9020254-na/rm1200x-shift-80-plus-gold-fully-modular-atx-power-supply-cp-9020254-na","","2026-10-04T15:09:49.004Z","0","true","false"
"vertexgx1000","VERTEX GX-1000","psu","false","category-silhouette","/assets/models/silhouette-psu-atx.glb","","https://seasonic.com/vertex-gx/","","2026-10-04T15:09:50.005Z","0","true","false"
"purepower850","Pure Power 12 M 850W","psu","false","category-silhouette","/assets/models/silhouette-psu-atx.glb","","https://www.bequiet.com/en/powersupply/4067","","2026-10-04T15:09:50.941Z","0","true","false"
"v850sfx","V850 SFX Gold","psu","false","category-silhouette","/assets/models/silhouette-psu-sfx.glb","","https://www.coolermaster.com/en-global/products/v850-sfx-gold/","","2026-10-04T15:09:51.960Z","0","true","false"
"evgag6750","SuperNOVA 750 G6","psu","false","category-silhouette","/assets/models/silhouette-psu-atx.glb","","https://www.evga.com/products/product.aspx?pn=220-G6-0750-X1","","2026-10-04T15:09:52.904Z","0","true","false"
"rtx4080","GeForce RTX 4080","gpu","false","category-silhouette","/assets/models/silhouette-gpu-3fan.glb","","https://www.nvidia.com/en-us/geforce/graphics-cards/40-series/rtx-4080-family/","","2026-10-04T15:09:54.714Z","11","true","false"
"rtx4070ti","GeForce RTX 4070 Ti","gpu","false","category-silhouette","/assets/models/silhouette-gpu-3fan.glb","","https://www.nvidia.com/en-us/geforce/graphics-cards/40-series/rtx-4070-family/","","2026-10-04T15:09:55.747Z","0","true","false"
"rtx4060ti16","GeForce RTX 4060 Ti 16 GB","gpu","false","category-silhouette","/assets/models/silhouette-gpu-2fan.glb","","https://www.nvidia.com/en-us/geforce/graphics-cards/40-series/rtx-4060-4060ti/","","2026-10-04T15:09:56.847Z","0","true","false"
"rtx308012","GeForce RTX 3080 12 GB","gpu","false","category-silhouette","/assets/models/silhouette-gpu-3fan.glb","","https://www.nvidia.com/en-us/geforce/graphics-cards/30-series/rtx-3080-3080ti/","","2026-10-04T15:09:57.782Z","0","true","false"
"rtx206012","GeForce RTX 2060 12 GB","gpu","false","category-silhouette","/assets/models/silhouette-gpu-2fan.glb","","https://www.nvidia.com/en-us/geforce/graphics-cards/rtx-2060/","","2026-10-04T15:09:58.729Z","0","true","false"
"rtx30506","GeForce RTX 3050 6 GB","gpu","false","category-silhouette","/assets/models/silhouette-gpu-2fan.glb","","https://www.nvidia.com/en-us/geforce/graphics-cards/30-series/rtx-3050/","","2026-10-04T15:09:59.671Z","0","true","false"
"gtx1630","GeForce GTX 1630","gpu","false","category-silhouette","/assets/models/silhouette-gpu-2fan.glb","","https://www.nvidia.com/en-us/geforce/graphics-cards/gtx-1630/","","2026-10-04T15:10:00.915Z","12","true","false"
"gtx10603","GeForce GTX 1060 3 GB","gpu","false","category-silhouette","/assets/models/silhouette-gpu-2fan.glb","","https://www.nvidia.com/en-us/geforce/news/geforce-gtx-1060/","","2026-10-04T15:10:01.854Z","2","true","false"
"gtx1050","GeForce GTX 1050","gpu","false","category-silhouette","/assets/models/silhouette-gpu-2fan.glb","","https://www.nvidia.com/en-us/geforce/news/geforce-gtx-1050-1050-ti/","","2026-10-04T15:10:02.856Z","8","true","false"
"titanrtx","TITAN RTX","gpu","false","category-silhouette","/assets/models/silhouette-gpu-3fan.glb","","https://www.nvidia.com/en-us/titan/titan-rtx/","","2026-10-04T15:10:04.119Z","10","true","false"
"titanv","TITAN V","gpu","false","category-silhouette","/assets/models/silhouette-gpu-3fan.glb","","https://www.nvidia.com/en-us/titan/titan-v/","","2026-10-04T15:10:05.182Z","24","true","false"
"titanxpascal","TITAN X (Pascal)","gpu","false","category-silhouette","/assets/models/silhouette-gpu-3fan.glb","","https://www.nvidia.com/en-us/geforce/news/nvidia-titan-x/","","2026-10-04T15:10:06.265Z","0","true","false"
"gt1030","GeForce GT 1030 GDDR5","gpu","false","category-silhouette","/assets/models/silhouette-gpu-2fan.glb","","https://www.nvidia.com/en-us/geforce/graphics-cards/gt-1030/","","2026-10-04T15:10:07.238Z","0","true","false"
"gtx750ti","GeForce GTX 750 Ti","gpu","false","category-silhouette","/assets/models/silhouette-gpu-2fan.glb","","https://www.nvidia.com/en-us/geforce/news/geforce-gtx-750-ti/","","2026-10-04T15:10:08.334Z","3","true","false"
"gtx680","GeForce GTX 680","gpu","false","category-silhouette","/assets/models/silhouette-gpu-2fan.glb","","https://www.nvidia.com/en-us/geforce/news/geforce-gtx-680/","","2026-10-04T15:10:09.285Z","1","true","false"
"gtx580","GeForce GTX 580","gpu","false","category-silhouette","/assets/models/silhouette-gpu-3fan.glb","","https://www.nvidia.com/en-us/geforce/news/geforce-gtx-580/","","2026-10-04T15:10:10.240Z","2","true","false"
"gtx480","GeForce GTX 480","gpu","false","category-silhouette","/assets/models/silhouette-gpu-3fan.glb","","https://www.nvidia.com/en-us/geforce/news/geforce-gtx-480/","","2026-10-04T15:10:11.304Z","0","true","false"
"rx9070gre","Radeon RX 9070 GRE","gpu","false","category-silhouette","/assets/models/silhouette-gpu-3fan.glb","","https://www.amd.com/en/products/specifications/graphics.html","","2026-10-04T15:10:12.366Z","0","true","false"
"rx7900gre","Radeon RX 7900 GRE","gpu","false","category-silhouette","/assets/models/silhouette-gpu-3fan.glb","","https://www.amd.com/en/products/graphics/desktops/radeon/7000-series/amd-radeon-rx-7900-gre.html","","2026-10-04T15:10:13.427Z","0","true","false"
"rx6700","Radeon RX 6700 10 GB","gpu","false","category-silhouette","/assets/models/silhouette-gpu-2fan.glb","","https://www.amd.com/en/products/graphics/amd-radeon-rx-6700","","2026-10-04T15:10:14.359Z","0","true","false"
"vega56","Radeon RX Vega 56","gpu","false","category-silhouette","/assets/models/silhouette-gpu-2fan.glb","","https://www.amd.com/en/products/graphics/radeon-rx-vega-56","","2026-10-04T15:10:15.305Z","0","true","false"
"r9nano","Radeon R9 Nano","gpu","false","category-silhouette","/assets/models/silhouette-gpu-2fan.glb","","https://www.amd.com/en/products/graphics/desktop/r9","","2026-10-04T15:10:16.256Z","0","true","false"
"r9380x","Radeon R9 380X","gpu","false","category-silhouette","/assets/models/silhouette-gpu-2fan.glb","","https://www.amd.com/en/products/graphics/desktop/r9","","2026-10-04T15:10:17.211Z","0","true","false"
"r9280x","Radeon R9 280X","gpu","false","category-silhouette","/assets/models/silhouette-gpu-3fan.glb","","https://www.amd.com/en/products/graphics/desktop/r9","","2026-10-04T15:10:18.153Z","0","true","false"
"hd7870","Radeon HD 7870 GHz Edition","gpu","false","category-silhouette","/assets/models/silhouette-gpu-2fan.glb","","https://www.amd.com/en/press-releases/Pages/amd-radeon-hd-7800-2012mar05.aspx","","2026-10-04T15:10:19.065Z","0","true","false"
"hd6870","Radeon HD 6870","gpu","false","category-silhouette","/assets/models/silhouette-gpu-2fan.glb","","https://www.amd.com/en/press-releases/Pages/amd-radeon-hd-6800-2010oct22.aspx","","2026-10-04T15:10:20.189Z","1","true","false"
"hd5870","Radeon HD 5870","gpu","false","category-silhouette","/assets/models/silhouette-gpu-2fan.glb","","https://www.amd.com/en/press-releases/Pages/amd-introduces-ati-radeon-2009sep23.aspx","","2026-10-04T15:10:21.255Z","0","true","false"
"8700g","Ryzen 7 8700G","cpu","false","category-silhouette","/assets/models/silhouette-cpu.glb","","https://www.amd.com/en/products/processors/desktops/ryzen/8000-series/amd-ryzen-7-8700g.html","","2026-10-04T15:10:22.312Z","0","true","false"
"8600g","Ryzen 5 8600G","cpu","false","category-silhouette","/assets/models/silhouette-cpu.glb","","https://www.amd.com/en/products/processors/desktops/ryzen/8000-series/amd-ryzen-5-8600g.html","","2026-10-04T15:10:23.241Z","0","true","false"
"8500g","Ryzen 5 8500G","cpu","false","category-silhouette","/assets/models/silhouette-cpu.glb","","https://www.amd.com/en/products/processors/desktops/ryzen/8000-series/amd-ryzen-5-8500g.html","","2026-10-04T15:10:24.177Z","0","true","false"
"4700g","Ryzen 7 4700G","cpu","false","category-silhouette","/assets/models/silhouette-cpu.glb","","https://www.amd.com/en/products/apu/amd-ryzen-7-4700g","","2026-10-04T15:10:25.137Z","0","true","false"
"4600g","Ryzen 5 4600G","cpu","false","category-silhouette","/assets/models/silhouette-cpu.glb","","https://www.amd.com/en/products/apu/amd-ryzen-5-4600g","","2026-10-04T15:10:26.089Z","0","true","false"
"4500","Ryzen 5 4500","cpu","false","category-silhouette","/assets/models/silhouette-cpu.glb","","https://www.amd.com/en/products/processors/desktops/ryzen/4000-series/amd-ryzen-5-4500.html","","2026-10-04T15:10:27.027Z","0","true","false"
"4100","Ryzen 3 4100","cpu","false","category-silhouette","/assets/models/silhouette-cpu.glb","","https://www.amd.com/en/products/processors/desktops/ryzen/4000-series/amd-ryzen-3-4100.html","","2026-10-04T15:10:27.949Z","0","true","false"
"7995wx","Ryzen Threadripper PRO 7995WX","cpu","false","category-silhouette","/assets/models/silhouette-cpu.glb","","https://www.amd.com/en/products/processors/workstations/ryzen-threadripper-pro/amd-ryzen-threadripper-pro-7995wx.html","","2026-10-04T15:10:28.884Z","0","true","false"
"5995wx","Ryzen Threadripper PRO 5995WX","cpu","false","category-silhouette","/assets/models/silhouette-cpu.glb","","https://www.amd.com/en/products/cpu/amd-ryzen-threadripper-pro-5995wx","","2026-10-04T15:10:29.815Z","0","true","false"
"3990x","Ryzen Threadripper 3990X","cpu","false","category-silhouette","/assets/models/silhouette-cpu.glb","","https://www.amd.com/en/products/cpu/amd-ryzen-threadripper-3990x","","2026-10-04T15:10:30.780Z","1","true","false"
"3970x","Ryzen Threadripper 3970X","cpu","false","category-silhouette","/assets/models/silhouette-cpu.glb","","https://www.amd.com/en/products/cpu/amd-ryzen-threadripper-3970x","","2026-10-04T15:10:31.774Z","1","true","false"
"1700x","Ryzen 7 1700X","cpu","false","category-silhouette","/assets/models/silhouette-cpu.glb","","https://www.amd.com/en/products/cpu/amd-ryzen-7-1700x","","2026-10-04T15:10:32.762Z","0","true","false"
"1600x","Ryzen 5 1600X","cpu","false","category-silhouette","/assets/models/silhouette-cpu.glb","","https://www.amd.com/en/products/cpu/amd-ryzen-5-1600x","","2026-10-04T15:10:33.686Z","0","true","false"
"fx9590","FX-9590","cpu","false","category-silhouette","/assets/models/silhouette-cpu.glb","","https://www.amd.com/en/products/cpu/fx-9590","","2026-10-04T15:10:34.650Z","0","true","false"
"fx6300","FX-6300","cpu","false","category-silhouette","/assets/models/silhouette-cpu.glb","","https://www.amd.com/en/products/cpu/fx-6300","","2026-10-04T15:10:35.575Z","0","true","false"
"i914900","Core i9-14900","cpu","false","category-silhouette","/assets/models/silhouette-cpu.glb","","https://www.intel.com/content/www/us/en/products/sku/236787/intel-core-i9-processor-14900-36m-cache-up-to-5-80-ghz/specifications.html","","2026-10-04T15:10:36.508Z","1","true","false"
"i714700","Core i7-14700","cpu","false","category-silhouette","/assets/models/silhouette-cpu.glb","","https://www.intel.com/content/www/us/en/products/sku/236781/intel-core-i7-processor-14700-33m-cache-up-to-5-40-ghz/specifications.html","","2026-10-04T15:10:37.519Z","1","true","false"
"i514600","Core i5-14600","cpu","false","category-silhouette","/assets/models/silhouette-cpu.glb","","https://www.intel.com/content/www/us/en/products/sku/236845/intel-core-i5-processor-14600-24m-cache-up-to-5-20-ghz/specifications.html","","2026-10-04T15:10:38.467Z","0","true","false"
"i514400f","Core i5-14400F","cpu","false","category-silhouette","/assets/models/silhouette-cpu.glb","","https://www.intel.com/content/www/us/en/products/sku/236788/intel-core-i5-processor-14400f-20m-cache-up-to-4-70-ghz/specifications.html","","2026-10-04T15:10:39.441Z","0","true","false"
"i313100f","Core i3-13100F","cpu","false","category-silhouette","/assets/models/silhouette-cpu.glb","","https://www.intel.com/content/www/us/en/products/sku/230576/intel-core-i3-13100f-processor-12m-cache-up-to-4-50-ghz/specifications.html","","2026-10-04T15:10:40.420Z","0","true","false"
"i912900","Core i9-12900","cpu","false","category-silhouette","/assets/models/silhouette-cpu.glb","","https://www.intel.com/content/www/us/en/products/sku/134597/intel-core-i9-12900-processor-30m-cache-up-to-5-10-ghz/specifications.html","","2026-10-04T15:10:41.359Z","2","true","false"
"i712700","Core i7-12700","cpu","false","category-silhouette","/assets/models/silhouette-cpu.glb","","https://www.intel.com/content/www/us/en/products/sku/134591/intel-core-i7-12700-processor-25m-cache-up-to-4-90-ghz/specifications.html","","2026-10-04T15:10:42.415Z","1","true","false"
"i512400f","Core i5-12400F","cpu","true","family-or-chip","/assets/models/sketchfab-i5-12400f.glb","Alex","https://sketchfab.com/3d-models/intel-core-i5-12400f-ad8a458fa799483b92d119018f6505f1","CC BY 4.0","2026-10-04T15:10:43.574Z","3","false","false"
"i312100f","Core i3-12100F","cpu","true","exact-model","/assets/models/sketchfab-intel12100f.glb","PolyDavid","https://sketchfab.com/3d-models/intel12100f-0a8d100f3cc2480381abe7256bc7f986","CC BY 4.0","","","false","false"
"i910980xe","Core i9-10980XE","cpu","false","category-silhouette","/assets/models/silhouette-cpu.glb","","https://www.intel.com/content/www/us/en/products/sku/198017/intel-core-i9-10980xe-extreme-edition-processor-24-75m-cache-3-00-ghz/specifications.html","","2026-10-04T15:10:44.497Z","0","true","false"
"i78086k","Core i7-8086K","cpu","false","category-silhouette","/assets/models/silhouette-cpu.glb","","https://www.intel.com/content/www/us/en/products/sku/148263/intel-core-i7-8086k-processor-12m-cache-up-to-5-00-ghz/specifications.html","","2026-10-04T15:10:45.562Z","0","true","false"
"i58400","Core i5-8400","cpu","false","category-silhouette","/assets/models/silhouette-cpu.glb","","https://www.intel.com/content/www/us/en/products/sku/126687/intel-core-i5-8400-processor-9m-cache-up-to-4-00-ghz/specifications.html","","2026-10-04T15:10:46.539Z","4","true","false"
"i76950x","Core i7-6950X","cpu","false","category-silhouette","/assets/models/silhouette-cpu.glb","","https://www.intel.com/content/www/us/en/products/sku/94456/intel-core-i7-6950x-processor-extreme-edition-25m-cache-up-to-3-50-ghz/specifications.html","","2026-10-04T15:10:47.459Z","0","true","false"
"i75960x","Core i7-5960X","cpu","false","category-silhouette","/assets/models/silhouette-cpu.glb","","https://www.intel.com/content/www/us/en/products/sku/82930/intel-core-i7-5960x-processor-extreme-edition-20m-cache-up-to-3-50-ghz/specifications.html","","2026-10-04T15:10:48.452Z","0","true","false"
"b850tomahawk","MAG B850 TOMAHAWK MAX WIFI","board","false","exact-model","/assets/models/retail-msi-mag-b850-tomahawk-max-wifi.glb","","https://www.msi.com/Motherboard/MAG-B850-TOMAHAWK-MAX-WIFI/Specification","","2026-10-04T15:10:49.404Z","0","true","false"
"x870tomahawk","MAG X870 TOMAHAWK WIFI","board","false","category-silhouette","/assets/models/silhouette-board-atx.glb","","https://www.msi.com/Motherboard/MAG-X870-TOMAHAWK-WIFI/Specification","","2026-10-04T15:10:50.348Z","0","true","false"
"b650mmortar","MAG B650M MORTAR WIFI","board","false","category-silhouette","/assets/models/silhouette-board-matx.glb","","https://www.msi.com/Motherboard/MAG-B650M-MORTAR-WIFI/Specification","","2026-10-04T15:10:51.285Z","0","true","false"
"b550mmortar","MAG B550M MORTAR WIFI","board","false","category-silhouette","/assets/models/silhouette-board-matx.glb","","https://www.msi.com/Motherboard/MAG-B550M-MORTAR-WIFI/Specification","","2026-10-04T15:10:52.229Z","0","true","false"
"z890carbon","MPG Z890 CARBON WIFI","board","false","category-silhouette","/assets/models/silhouette-board-atx.glb","","https://www.msi.com/Motherboard/MPG-Z890-CARBON-WIFI/Specification","","2026-10-04T15:10:53.226Z","0","true","false"
"z790carbon","MPG Z790 CARBON WIFI","board","false","category-silhouette","/assets/models/silhouette-board-atx.glb","","https://www.msi.com/Motherboard/MPG-Z790-CARBON-WIFI/Specification","","2026-10-04T15:10:54.167Z","0","true","false"
"x670etuf","TUF GAMING X670E-PLUS WIFI","board","false","category-silhouette","/assets/models/silhouette-board-atx.glb","","https://www.asus.com/motherboards-components/motherboards/tuf-gaming/tuf-gaming-x670e-plus-wifi/techspec/","","2026-10-04T15:10:55.083Z","0","true","false"
"b850aorus","B850 AORUS ELITE WIFI7","board","false","category-silhouette","/assets/models/silhouette-board-atx.glb","","https://www.gigabyte.com/Motherboard/B850-AORUS-ELITE-WIFI7/sp#sp","","2026-10-04T15:10:56.009Z","0","true","false"
"domtitanium6000","DOMINATOR TITANIUM DDR5-6000 CL30","ram","false","category-silhouette","/assets/models/silhouette-ram.glb","","https://www.corsair.com/us/en/p/memory/cmp32gx5m2b6000c30/dominator-titanium-rgb-2x16gb-ddr5-dram-6000mt-s-cl30-intel-xmp-memory-kit-cmp32gx5m2b6000c30","","2026-10-04T15:10:57.060Z","0","true","false"
"domplatinum6200","DOMINATOR PLATINUM RGB DDR5-6200 CL36","ram","false","category-silhouette","/assets/models/silhouette-ram.glb","","https://www.corsair.com/us/en/p/memory/cmt32gx5m2x6200c36/dominator-platinum-rgb-32gb-2x16gb-ddr5-dram-6200mhz-c36-memory-kit-black-cmt32gx5m2x6200c36","","2026-10-04T15:10:58.042Z","0","true","false"
"flarex5","Flare X5 DDR5-6000 CL30","ram","false","category-silhouette","/assets/models/silhouette-ram.glb","","https://www.gskill.com/product/165/396/1665020394/F5-6000J3038F16GX2-FX5","","2026-10-04T15:10:59.436Z","0","true","false"
"tridentneo64","Trident Z5 Neo RGB DDR5-6000 CL30 64 GB","ram","false","category-silhouette","/assets/models/silhouette-ram.glb","","https://www.gskill.com/product/165/390/1662621819/F5-6000J3040G32GX2-TZ5NR","","2026-10-04T15:11:00.411Z","0","true","false"
"tforce7600","T-FORCE DELTA RGB DDR5-7600 CL36","ram","true","family-or-chip","/assets/models/sketchfab-tforce-ddr5-black.glb","PolyDavid","https://sketchfab.com/3d-models/ddr5-ram-teamgroup-t-force-black-268614943df3411bb6487a9601adc03f","CC BY 4.0","","","false","false"
"crucialpro6400","Crucial Pro Overclocking DDR5-6400 CL38","ram","false","category-silhouette","/assets/models/silhouette-ram.glb","","https://www.crucial.com/memory/ddr5/cp2k16g64c38u5b","","2026-10-04T15:11:01.355Z","0","true","false"
"990evoplus","990 EVO Plus 2 TB","ssd","false","category-silhouette","/assets/models/silhouette-ssd-m2.glb","","https://semiconductor.samsung.com/consumer-storage/internal-ssd/990-evo-plus/","","2026-10-04T15:11:02.414Z","0","true","false"
"samsung980","980 1 TB","ssd","false","category-silhouette","/assets/models/silhouette-ssd-m2.glb","","https://semiconductor.samsung.com/consumer-storage/internal-ssd/980/","","2026-10-04T15:11:03.329Z","0","true","false"
"870qvo2","870 QVO 2 TB","ssd","false","category-silhouette","/assets/models/silhouette-ssd-sata.glb","","https://semiconductor.samsung.com/consumer-storage/internal-ssd/870qvo/","","2026-10-04T15:11:04.259Z","0","true","false"
"sn7100","WD_BLACK SN7100 2 TB","ssd","false","category-silhouette","/assets/models/silhouette-ssd-m2.glb","","https://www.westerndigital.com/products/internal-drives/wd-black-sn7100-nvme-ssd","","2026-10-04T15:11:05.190Z","0","true","false"
"sn5000","WD Blue SN5000 1 TB","ssd","false","category-silhouette","/assets/models/silhouette-ssd-m2.glb","","https://www.westerndigital.com/products/internal-drives/wd-blue-sn5000-nvme-ssd","","2026-10-04T15:11:06.124Z","0","true","false"
"crucialt500","T500 2 TB","ssd","false","category-silhouette","/assets/models/silhouette-ssd-m2.glb","","https://www.crucial.com/ssd/t500/ct2000t500ssd8","","2026-10-04T15:11:07.058Z","0","true","false"
"kingstonnv2","NV2 2 TB","ssd","false","category-silhouette","/assets/models/silhouette-ssd-m2.glb","","https://www.kingston.com/en/ssd/nv2-nvme-pcie-ssd","","2026-10-04T15:11:07.992Z","0","true","false"
"p44pro","P44 Pro 2 TB","ssd","false","category-silhouette","/assets/models/silhouette-ssd-m2.glb","","https://www.solidigm.com/products/client/d6/p44-pro.html","","2026-10-04T15:11:08.960Z","0","true","false"
"barracuda8","BarraCuda 8 TB","hdd","false","category-silhouette","/assets/models/silhouette-hdd.glb","","https://www.seagate.com/products/hard-drives/barracuda-hard-drive/","","2026-10-04T15:11:09.896Z","0","true","false"
"ironwolf16tb","IronWolf 16 TB","hdd","false","category-silhouette","/assets/models/silhouette-hdd.glb","","https://www.seagate.com/products/nas-drives/ironwolf-hard-drive/","","2026-10-04T15:11:10.829Z","0","true","false"
"wdred12tb","WD Red Plus 12 TB","hdd","false","category-silhouette","/assets/models/silhouette-hdd.glb","","https://www.westerndigital.com/products/internal-drives/wd-red-plus-sata-3-5-hdd","","2026-10-04T15:11:11.755Z","0","true","false"
"toshibax30012","X300 12 TB","hdd","false","category-silhouette","/assets/models/silhouette-hdd.glb","","https://storage.toshiba.com/consumer-hdd/internal/x300","","2026-10-04T15:11:12.686Z","0","true","false"
"rm1000e","RM1000e (2023)","psu","false","category-silhouette","/assets/models/silhouette-psu-atx.glb","","https://www.corsair.com/us/en/p/psu/cp-9020264-na/rme-series-rm1000e-fully-modular-low-noise-atx-power-supply-cp-9020264-na","","2026-10-04T15:11:13.630Z","0","true","false"
"coregx650","CORE GX-650","psu","false","category-silhouette","/assets/models/silhouette-psu-atx.glb","","https://seasonic.com/core-gx/","","2026-10-04T15:11:14.562Z","0","true","false"
"primetx1300","PRIME TX-1300","psu","false","category-silhouette","/assets/models/silhouette-psu-atx.glb","","https://seasonic.com/prime-tx/","","2026-10-04T15:11:15.640Z","0","true","false"
"straightpower1000","Straight Power 12 1000W","psu","false","category-silhouette","/assets/models/silhouette-psu-atx.glb","","https://www.bequiet.com/en/powersupply/4110","","2026-10-04T15:11:16.591Z","0","true","false"
"darkpower1600","Dark Power Pro 13 1600W","psu","false","category-silhouette","/assets/models/silhouette-psu-atx.glb","","https://www.bequiet.com/en/powersupply/4392","","2026-10-04T15:11:17.524Z","0","true","false"
"mwegold750","MWE Gold 750 V2","psu","false","category-silhouette","/assets/models/silhouette-psu-atx.glb","","https://www.coolermaster.com/en-global/products/mwe-gold-750-v2-full-modular/","","2026-10-04T15:11:18.463Z","0","true","false"
"intel4004","Intel 4004","cpu","false","category-silhouette","/assets/models/silhouette-cpu.glb","","https://www.intel.com/content/www/us/en/history/virtual-vault/articles/the-intel-4004.html","","2026-10-04T15:11:19.727Z","3","true","false"
"intel8008","Intel 8008","cpu","false","category-silhouette","/assets/models/silhouette-cpu.glb","","https://www.intel.com/content/www/us/en/history/virtual-vault/articles/the-8008.html","","2026-10-04T15:11:20.757Z","1","true","false"
"intel8080","Intel 8080","cpu","false","category-silhouette","/assets/models/silhouette-cpu.glb","","https://www.intel.com/content/www/us/en/newsroom/news/50-years-ago-the-influential-intel-8080.html","","2026-10-04T15:11:21.905Z","3","true","false"
"intel8085","Intel 8085","cpu","false","category-silhouette","/assets/models/silhouette-cpu.glb","","https://www.intel.com/pressroom/kits/quickreffam.htm","","2026-10-04T15:11:23.123Z","0","true","false"
"intel8086","Intel 8086","cpu","false","category-silhouette","/assets/models/silhouette-cpu.glb","","https://www.intel.com/content/www/us/en/history/virtual-vault/articles/the-8086-and-the-ibm-pc.html","","2026-10-04T15:11:24.169Z","5","true","false"
"intel8088","Intel 8088","cpu","false","category-silhouette","/assets/models/silhouette-cpu.glb","","https://www.intel.com/content/www/us/en/history/virtual-vault/articles/the-8086-and-the-ibm-pc.html","","2026-10-04T15:11:25.116Z","4","true","false"
"intel80186","Intel 80186","cpu","false","category-silhouette","/assets/models/silhouette-cpu.glb","","https://www.intel.com/pressroom/kits/quickreffam.htm","","2026-10-04T15:11:26.054Z","1","true","false"
"intel286","Intel 80286","cpu","false","category-silhouette","/assets/models/silhouette-cpu.glb","","https://www.intel.com/content/dam/www/public/us/en/documents/corporate-information/museum-transistors-to-transformations-brochure.pdf","","2026-10-04T15:11:27.160Z","0","true","false"
"intel386dx","Intel 386DX","cpu","false","category-silhouette","/assets/models/silhouette-cpu.glb","","https://www.intel.com/pressroom/kits/quickreffam.htm","","2026-10-04T15:11:28.189Z","0","true","false"
"intel386sx","Intel 386SX","cpu","false","category-silhouette","/assets/models/silhouette-cpu.glb","","https://www.intel.com/pressroom/kits/quickreffam.htm","","2026-10-04T15:11:29.113Z","0","true","false"
"intel486dx","Intel 486DX","cpu","false","category-silhouette","/assets/models/silhouette-cpu.glb","","https://www.intel.com/pressroom/kits/quickreffam.htm","","2026-10-04T15:11:30.110Z","1","true","false"
"intel486sx","Intel 486SX","cpu","false","category-silhouette","/assets/models/silhouette-cpu.glb","","https://www.intel.com/pressroom/kits/quickreffam.htm","","2026-10-04T15:11:31.033Z","0","true","false"
"intel486dx2","Intel 486DX2-66","cpu","false","category-silhouette","/assets/models/silhouette-cpu.glb","","https://www.intel.com/pressroom/kits/quickreffam.htm","","2026-10-04T15:11:32.080Z","0","true","false"
"pentium60","Intel Pentium 60","cpu","false","category-silhouette","/assets/models/silhouette-cpu.glb","","https://www.intel.com/pressroom/kits/quickreffam.htm","","2026-10-04T15:11:33.160Z","0","true","false"
"pentium100","Intel Pentium 100","cpu","false","category-silhouette","/assets/models/silhouette-cpu.glb","","https://www.intel.com/pressroom/kits/quickreffam.htm","","2026-10-04T15:11:34.137Z","0","true","false"
"pentiumpro200","Intel Pentium Pro 200","cpu","false","category-silhouette","/assets/models/silhouette-cpu.glb","","https://www.intel.com/pressroom/kits/quickreffam.htm","","2026-10-04T15:11:35.080Z","0","true","false"
"pentiummmx233","Intel Pentium MMX 233","cpu","false","category-silhouette","/assets/models/silhouette-cpu.glb","","https://www.intel.com/pressroom/kits/quickreffam.htm","","2026-10-04T15:11:36.042Z","0","true","false"
"pentiumii300","Intel Pentium II 300","cpu","false","category-silhouette","/assets/models/silhouette-cpu.glb","","https://www.intel.com/content/dam/www/public/us/en/documents/corporate-information/museum-transistors-to-transformations-brochure.pdf","","2026-10-04T15:11:37.014Z","1","true","false"
"celeron266","Intel Celeron 266","cpu","false","category-silhouette","/assets/models/silhouette-cpu.glb","","https://www.intel.com/content/dam/www/public/us/en/documents/corporate-information/museum-transistors-to-transformations-brochure.pdf","","2026-10-04T15:11:38.006Z","1","true","false"
"pentiumiii600","Intel Pentium III 600","cpu","false","category-silhouette","/assets/models/silhouette-cpu.glb","","https://www.intel.com/content/dam/www/public/us/en/documents/corporate-information/museum-transistors-to-transformations-brochure.pdf","","2026-10-04T15:11:38.946Z","0","true","false"
"pentium4-1500","Intel Pentium 4 1.50 GHz","cpu","false","category-silhouette","/assets/models/silhouette-cpu.glb","","https://www.intel.com/content/dam/www/public/us/en/documents/corporate-information/museum-transistors-to-transformations-brochure.pdf","","2026-10-04T15:11:40.007Z","0","true","false"
"am386dx40","AMD Am386DX-40","cpu","false","category-silhouette","/assets/models/silhouette-cpu.glb","","https://www.cpu-world.com/CPUs/80386/AMD-A80386DX-DXL-40.html","","2026-10-04T15:11:40.999Z","0","true","false"
"am486dx4","AMD Am486 DX4-100","cpu","false","category-silhouette","/assets/models/silhouette-cpu.glb","","https://www.cpu-world.com/CPUs/80486/AMD-A80486DX4-100NV8T.html","","2026-10-04T15:11:41.932Z","0","true","false"
"amdk5pr100","AMD K5 PR100","cpu","false","category-silhouette","/assets/models/silhouette-cpu.glb","","https://www.cpu-world.com/CPUs/K5/AMD-K5-PR100ABR.html","","2026-10-04T15:11:43.194Z","0","true","false"
"amdk6-233","AMD K6-233","cpu","false","category-silhouette","/assets/models/silhouette-cpu.glb","","https://www.cpu-world.com/CPUs/K6/AMD-K6-233ALR.html","","2026-10-04T15:11:44.318Z","0","true","false"
"amdk62-300","AMD K6-2 300","cpu","false","category-silhouette","/assets/models/silhouette-cpu.glb","","https://www.cpu-world.com/CPUs/K6-2/AMD-K6-2%20300%20-%20AMD-K6-2-300AFR.html","","2026-10-04T15:11:45.376Z","0","true","false"
"athlon500","AMD Athlon 500","cpu","false","category-silhouette","/assets/models/silhouette-cpu.glb","","https://ir.amd.com/sec-filings/filter/annual-filings/content/0001012870-00-001494/0001012870-00-001494.pdf","","2026-10-04T15:11:46.343Z","0","true","false"
"duron600","AMD Duron 600","cpu","false","category-silhouette","/assets/models/silhouette-cpu.glb","","https://www.cpu-world.com/CPUs/K7/AMD-Duron%20600%20-%20D600AUT1B.html","","2026-10-04T15:11:47.481Z","0","true","false"
"athlonxp1800","AMD Athlon XP 1800+","cpu","false","category-silhouette","/assets/models/silhouette-cpu.glb","","https://www.cpu-world.com/CPUs/K7/AMD-Athlon%20XP%201800%2B%20-%20AX1800DMT3C.html","","2026-10-04T15:11:48.435Z","1","true","false"
"athlon643200","AMD Athlon 64 3200+","cpu","false","category-silhouette","/assets/models/silhouette-cpu.glb","","https://www.cpu-world.com/CPUs/K8/AMD-Athlon%2064%203200%2B%20-%20ADA3200AEP5AP.html","","2026-10-04T15:11:49.342Z","0","true","false"
"athlon64x23800","AMD Athlon 64 X2 3800+","cpu","false","category-silhouette","/assets/models/silhouette-cpu.glb","","https://www.cpu-world.com/CPUs/K8/AMD-Athlon%2064%20X2%203800%2B%20-%20ADA3800DAA5BV.html","","2026-10-04T15:11:50.282Z","0","true","false"
"phenom9500","AMD Phenom 9500","cpu","false","category-silhouette","/assets/models/silhouette-cpu.glb","","https://www.cpu-world.com/CPUs/K10/AMD-Phenom%20X4%209500%20-%20HD9500WCJ4BGD.html","","2026-10-04T15:11:51.213Z","0","true","false"
"phenomii965","AMD Phenom II X4 965 Black Edition","cpu","false","category-silhouette","/assets/models/silhouette-cpu.glb","","https://www.cpu-world.com/CPUs/K10/AMD-Phenom%20II%20X4%20965%20Black%20Edition%20-%20HDZ965FBK4DGM.html","","2026-10-04T15:11:52.253Z","0","true","false"
"fx8150","AMD FX-8150","cpu","false","category-silhouette","/assets/models/silhouette-cpu.glb","","https://www.cpu-world.com/CPUs/Bulldozer/AMD-FX-Series%20FX-8150.html","","2026-10-04T15:11:53.225Z","0","true","false"
"ibm-mda","IBM Monochrome Display Adapter","gpu","false","category-silhouette","/assets/models/silhouette-gpu-2fan.glb","","https://www.ibm.com/history/personal-computer","","2026-10-04T15:11:54.333Z","0","true","false"
"ibm-cga","IBM Color/Graphics Adapter","gpu","false","category-silhouette","/assets/models/silhouette-gpu-2fan.glb","","https://www.ibm.com/history/personal-computer","","2026-10-04T15:11:55.298Z","0","true","false"
"ibm-ega","IBM Enhanced Graphics Adapter","gpu","false","category-silhouette","/assets/models/silhouette-gpu-2fan.glb","","https://www.ibm.com/history/personal-computer","","2026-10-04T15:11:56.315Z","0","true","false"
"ibm-vga","IBM Video Graphics Array","gpu","false","category-silhouette","/assets/models/silhouette-gpu-2fan.glb","","https://www.ibm.com/history/personal-computer","","2026-10-04T15:11:57.291Z","0","true","false"
"voodoo-graphics","3dfx Voodoo Graphics","gpu","false","category-silhouette","/assets/models/silhouette-gpu-2fan.glb","","https://www.techpowerup.com/gpu-specs/voodoo-graphics.c3567","","2026-10-04T15:11:58.377Z","4","true","false"
"voodoo2-12","3dfx Voodoo2 12 MB","gpu","false","category-silhouette","/assets/models/silhouette-gpu-2fan.glb","","https://www.techpowerup.com/gpu-specs/voodoo2-12-mb.c3566","","2026-10-04T15:11:59.308Z","0","true","false"
"riva128","NVIDIA RIVA 128","gpu","false","category-silhouette","/assets/models/silhouette-gpu-2fan.glb","","https://www.techpowerup.com/gpu-specs/riva-128.c3564","","2026-10-04T15:12:00.325Z","1","true","false"
"rivatnt","NVIDIA RIVA TNT","gpu","false","category-silhouette","/assets/models/silhouette-gpu-2fan.glb","","https://www.nvidia.com/content/timeline/time_98.html","","2026-10-04T15:12:01.674Z","0","true","false"
"rivatnt2","NVIDIA RIVA TNT2","gpu","false","category-silhouette","/assets/models/silhouette-gpu-2fan.glb","","https://www.nvidia.com/content/timeline/time_99.html","","2026-10-04T15:12:02.608Z","0","true","false"
"geforce256ddr","NVIDIA GeForce 256 DDR","gpu","false","category-silhouette","/assets/models/silhouette-gpu-2fan.glb","","https://www.nvidia.com/content/timeline/time_99.html","","2026-10-04T15:12:03.628Z","0","true","false"
"geforce2gts","NVIDIA GeForce2 GTS","gpu","false","category-silhouette","/assets/models/silhouette-gpu-2fan.glb","","https://www.techpowerup.com/gpu-specs/geforce2-gts.c790","","2026-10-04T15:12:04.712Z","24","true","false"
"geforce3","NVIDIA GeForce3","gpu","false","category-silhouette","/assets/models/silhouette-gpu-2fan.glb","","https://www.techpowerup.com/gpu-specs/geforce3.c795","","2026-10-04T15:12:05.949Z","24","true","false"
"gf4ti4600","NVIDIA GeForce4 Ti 4600","gpu","false","category-silhouette","/assets/models/silhouette-gpu-2fan.glb","","https://www.techpowerup.com/gpu-specs/geforce4-ti-4600.c797","","2026-10-04T15:12:06.917Z","0","true","false"
"geforcefx5800u","NVIDIA GeForce FX 5800 Ultra","gpu","false","category-silhouette","/assets/models/silhouette-gpu-2fan.glb","","https://www.techpowerup.com/gpu-specs/geforce-fx-5800-ultra.c789","","2026-10-04T15:12:07.931Z","0","true","false"
"geforce6800u","NVIDIA GeForce 6800 Ultra","gpu","false","category-silhouette","/assets/models/silhouette-gpu-2fan.glb","","https://www.techpowerup.com/gpu-specs/geforce-6800-ultra.c130","","2026-10-04T15:12:08.971Z","0","true","false"
"radeonddr","ATI Radeon DDR","gpu","false","category-silhouette","/assets/models/silhouette-gpu-2fan.glb","","https://www.techpowerup.com/gpu-specs/radeon-ddr.c1716","","2026-10-04T15:12:09.905Z","0","true","false"
"radeon8500","ATI Radeon 8500","gpu","false","category-silhouette","/assets/models/silhouette-gpu-2fan.glb","","https://www.techpowerup.com/gpu-specs/radeon-8500.c1296","","2026-10-04T15:12:10.833Z","0","true","false"
"radeon9700pro","ATI Radeon 9700 PRO","gpu","false","category-silhouette","/assets/models/silhouette-gpu-2fan.glb","","https://www.techpowerup.com/gpu-specs/radeon-9700-pro.c1198","","2026-10-04T15:12:11.889Z","0","true","false"
"radeonx800xt","ATI Radeon X800 XT","gpu","false","category-silhouette","/assets/models/silhouette-gpu-2fan.glb","","https://www.techpowerup.com/gpu-specs/radeon-x800-xt.c1053","","2026-10-04T15:12:12.893Z","0","true","false"
"radeonx1900xtx","ATI Radeon X1900 XTX","gpu","false","category-silhouette","/assets/models/silhouette-gpu-2fan.glb","","https://www.techpowerup.com/gpu-specs/radeon-x1900-xtx.c133","","2026-10-04T15:12:13.821Z","0","true","false"
"ibm350","IBM 350 Disk Storage Unit","hdd","false","category-silhouette","/assets/models/silhouette-hdd.glb","","https://www.ibm.com/history/ramac","","2026-10-04T15:12:14.776Z","0","true","false"
"seagatest506","Seagate ST-506","hdd","false","category-silhouette","/assets/models/silhouette-hdd.glb","","https://www.computerhistory.org/collections/catalog/102653253","","2026-10-04T15:12:15.697Z","0","true","false"
"seagatest412","Seagate ST-412","hdd","false","category-silhouette","/assets/models/silhouette-hdd.glb","","https://www.computerhistory.org/collections/catalog/102653253","","2026-10-04T15:12:16.769Z","0","true","false"
"ibmpc64k","IBM PC 64 KB Memory Expansion Option","ram","false","category-silhouette","/assets/models/silhouette-ram.glb","","https://www.ibm.com/history/personal-computer","","2026-10-04T15:12:17.713Z","0","true","false"
"simm30-1mb","30-pin 1 MB SIMM","ram","false","category-silhouette","/assets/models/silhouette-ram.glb","","https://www.computerhistory.org/collections/catalog/102710919","","2026-10-04T15:12:18.642Z","0","true","false"
"sdram-pc100","PC100 SDRAM 128 MB DIMM","ram","false","category-silhouette","/assets/models/silhouette-ram.glb","","https://www.jedec.org/standards-documents/docs/jesd-21-c","","2026-10-04T15:12:19.812Z","0","true","false"
"ddr266-256","DDR-266 256 MB DIMM","ram","false","category-silhouette","/assets/models/silhouette-ram.glb","","https://www.jedec.org/standards-documents/docs/jesd79","","2026-10-04T15:12:20.760Z","0","true","false"
"x-case-corsair-obsidian-900d","CORSAIR Obsidian 900D","case","false","category-silhouette","/assets/models/silhouette-case.glb","","https://www.corsair.com/ca/en/c/pc-cases","","2026-10-04T15:12:21.705Z","0","true","false"
"x-case-corsair-obsidian-1000d","CORSAIR Obsidian 1000D","case","false","category-silhouette","/assets/models/silhouette-case.glb","","https://www.corsair.com/ca/en/c/pc-cases","","2026-10-04T15:12:22.671Z","0","true","false"
"x-case-corsair-4000d-airflow","CORSAIR 4000D Airflow","case","true","exact-model","/assets/models/sketchfab-corsair-4000d-airflow-v2.glb","Kirigami","https://sketchfab.com/3d-models/corsair-4000d-airflow-free-34df3ba96cf94e71accdb5779c4b8694","CC BY 4.0","","","false","false"
"x-case-corsair-5000d-airflow","CORSAIR 5000D Airflow","case","false","category-silhouette","/assets/models/silhouette-case.glb","","https://www.corsair.com/ca/en/c/pc-cases","","2026-10-04T15:12:23.610Z","0","true","false"
"x-case-corsair-7000d-airflow","CORSAIR 7000D Airflow","case","false","category-silhouette","/assets/models/silhouette-case.glb","","https://www.corsair.com/ca/en/c/pc-cases","","2026-10-04T15:12:24.564Z","0","true","false"
"x-case-corsair-2500d-airflow","CORSAIR 2500D Airflow","case","false","category-silhouette","/assets/models/silhouette-case.glb","","https://www.corsair.com/ca/en/c/pc-cases","","2026-10-04T15:12:25.488Z","0","true","false"
"x-case-corsair-3500x","CORSAIR 3500X","case","false","category-silhouette","/assets/models/silhouette-case.glb","","https://www.corsair.com/ca/en/c/pc-cases","","2026-10-04T15:12:26.458Z","0","true","false"
"x-case-corsair-6500x","CORSAIR 6500X","case","false","category-silhouette","/assets/models/silhouette-case.glb","","https://www.corsair.com/ca/en/c/pc-cases","","2026-10-04T15:12:27.402Z","0","true","false"
"x-case-corsair-frame-4000d","CORSAIR FRAME 4000D","case","false","category-silhouette","/assets/models/silhouette-case.glb","","https://www.corsair.com/ca/en/c/pc-cases","","2026-10-04T15:12:28.345Z","0","true","false"
"x-case-fractal-design-define-r5","Fractal Design Define R5","case","false","category-silhouette","/assets/models/silhouette-case.glb","","https://www.fractal-design.com/products/cases/","","2026-10-04T15:12:29.270Z","0","true","false"
"x-case-fractal-design-define-7","Fractal Design Define 7","case","false","category-silhouette","/assets/models/silhouette-case.glb","","https://www.fractal-design.com/products/cases/","","2026-10-04T15:12:30.250Z","0","true","false"
"x-case-fractal-design-meshify-c","Fractal Design Meshify C","case","true","exact-model","/assets/models/sketchfab-meshify-c.glb","MUSHROOM_BUILDS","https://sketchfab.com/3d-models/fractal-design-meshify-c-pc-case-a46526af2ac84fa098edc3f01c012450","CC BY 4.0","2026-10-04T15:12:31.181Z","1","false","false"
"x-case-fractal-design-meshify-2","Fractal Design Meshify 2","case","false","category-silhouette","/assets/models/silhouette-case.glb","","https://www.fractal-design.com/products/cases/","","2026-10-04T15:12:32.118Z","0","true","false"
"x-case-fractal-design-north","Fractal Design North","case","false","product-family","/assets/models/case-north-reference.glb","","https://www.fractal-design.com/app/uploads/2022/12/North-Manual-V1.2.pdf","","2026-10-04T15:12:33.056Z","1","true","false"
"x-case-fractal-design-north-xl","Fractal Design North XL","case","false","category-silhouette","/assets/models/silhouette-case.glb","","https://www.fractal-design.com/products/cases/","","2026-10-04T15:12:34.160Z","0","true","false"
"x-case-fractal-design-torrent","Fractal Design Torrent","case","false","category-silhouette","/assets/models/silhouette-case.glb","","https://www.fractal-design.com/products/cases/","","2026-10-04T15:12:35.082Z","0","true","false"
"x-case-fractal-design-torrent-compact","Fractal Design Torrent Compact","case","false","category-silhouette","/assets/models/silhouette-case.glb","","https://www.fractal-design.com/products/cases/","","2026-10-04T15:12:36.243Z","0","true","false"
"x-case-fractal-design-terra","Fractal Design Terra","case","false","category-silhouette","/assets/models/silhouette-case.glb","","https://www.fractal-design.com/products/cases/","","2026-10-04T15:12:37.285Z","0","true","false"
"x-case-fractal-design-ridge","Fractal Design Ridge","case","false","category-silhouette","/assets/models/silhouette-case.glb","","https://www.fractal-design.com/products/cases/","","2026-10-04T15:12:38.380Z","1","true","false"
"x-case-fractal-design-mood","Fractal Design Mood","case","false","category-silhouette","/assets/models/silhouette-case.glb","","https://www.fractal-design.com/products/cases/","","2026-10-04T15:12:39.415Z","2","true","false"
"x-case-nzxt-h210","NZXT H210","case","false","category-silhouette","/assets/models/silhouette-case.glb","","https://nzxt.com/collections/cases","","2026-10-04T15:12:40.338Z","0","true","false"
"x-case-nzxt-h510","NZXT H510","case","false","category-silhouette","/assets/models/silhouette-case.glb","","https://nzxt.com/collections/cases","","2026-10-04T15:12:41.263Z","1","true","false"
"x-case-nzxt-h510-flow","NZXT H510 Flow","case","false","category-silhouette","/assets/models/silhouette-case.glb","","https://nzxt.com/collections/cases","","2026-10-04T15:12:42.370Z","1","true","false"
"x-case-nzxt-h5-flow","NZXT H5 Flow","case","false","category-silhouette","/assets/models/silhouette-case.glb","","https://nzxt.com/collections/cases","","2026-10-04T15:12:43.321Z","0","true","false"
"x-case-nzxt-h6-flow","NZXT H6 Flow","case","false","category-silhouette","/assets/models/silhouette-case.glb","","https://nzxt.com/collections/cases","","2026-10-04T15:12:44.237Z","0","true","false"
"x-case-nzxt-h7-flow","NZXT H7 Flow","case","false","category-silhouette","/assets/models/silhouette-case.glb","","https://nzxt.com/collections/cases","","2026-10-04T15:12:45.159Z","0","true","false"
"x-case-nzxt-h9-flow","NZXT H9 Flow","case","false","category-silhouette","/assets/models/silhouette-case.glb","","https://nzxt.com/collections/cases","","2026-10-04T15:12:46.100Z","0","true","false"
"x-case-nzxt-h9-elite","NZXT H9 Elite","case","false","category-silhouette","/assets/models/silhouette-case.glb","","https://nzxt.com/collections/cases","","2026-10-04T15:12:47.195Z","0","true","false"
"x-case-lian-li-pc-o11-dynamic","Lian Li PC-O11 Dynamic","case","false","category-silhouette","/assets/models/silhouette-case.glb","","https://lian-li.com/product-category/cases/","","2026-10-04T15:12:48.285Z","1","true","false"
"x-case-lian-li-o11-dynamic-evo","Lian Li O11 Dynamic EVO","case","false","category-silhouette","/assets/models/silhouette-case.glb","","https://lian-li.com/product-category/cases/","","2026-10-04T15:12:49.293Z","1","true","false"
"x-case-lian-li-o11-dynamic-evo-xl","Lian Li O11 Dynamic EVO XL","case","false","category-silhouette","/assets/models/silhouette-case.glb","","https://lian-li.com/product-category/cases/","","2026-10-04T15:12:50.437Z","0","true","false"
"x-case-lian-li-lancool-ii-mesh","Lian Li LANCOOL II Mesh","case","false","category-silhouette","/assets/models/silhouette-case.glb","","https://lian-li.com/product-category/cases/","","2026-10-04T15:12:51.444Z","0","true","false"
"x-case-lian-li-lancool-iii","Lian Li LANCOOL III","case","false","category-silhouette","/assets/models/silhouette-case.glb","","https://lian-li.com/product-category/cases/","","2026-10-04T15:12:52.407Z","0","true","false"
"x-case-lian-li-lancool-216","Lian Li LANCOOL 216","case","false","category-silhouette","/assets/models/silhouette-case.glb","","https://lian-li.com/product-category/cases/","","2026-10-04T15:12:53.348Z","0","true","false"
"x-case-lian-li-a4-h2o","Lian Li A4-H2O","case","false","category-silhouette","/assets/models/silhouette-case.glb","","https://lian-li.com/product-category/cases/","","2026-10-04T15:12:54.315Z","0","true","false"
"x-case-lian-li-dan-cases-a3","Lian Li DAN Cases A3","case","false","category-silhouette","/assets/models/silhouette-case.glb","","https://lian-li.com/product-category/cases/","","2026-10-04T15:12:55.276Z","0","true","false"
"x-board-asus-p5b-deluxe","ASUS P5B Deluxe","board","false","category-silhouette","/assets/models/silhouette-board-atx.glb","","https://www.asus.com/motherboards-components/motherboards/all-series/","","2026-10-04T15:12:56.281Z","0","true","false"
"x-board-asus-p5k-deluxe","ASUS P5K Deluxe","board","false","category-silhouette","/assets/models/silhouette-board-atx.glb","","https://www.asus.com/motherboards-components/motherboards/all-series/","","2026-10-04T15:12:57.229Z","0","true","false"
"x-board-asus-p6t-deluxe","ASUS P6T Deluxe","board","false","category-silhouette","/assets/models/silhouette-board-atx.glb","","https://www.asus.com/motherboards-components/motherboards/all-series/","","2026-10-04T15:12:58.312Z","0","true","false"
"x-board-asus-p8p67-deluxe","ASUS P8P67 Deluxe","board","false","category-silhouette","/assets/models/silhouette-board-atx.glb","","https://www.asus.com/motherboards-components/motherboards/all-series/","","2026-10-04T15:12:59.239Z","0","true","false"
"x-board-asus-maximus-v-formula","ASUS Maximus V Formula","board","false","category-silhouette","/assets/models/silhouette-board-atx.glb","","https://www.asus.com/motherboards-components/motherboards/all-series/","","2026-10-04T15:13:00.276Z","0","true","false"
"x-board-asus-maximus-vi-hero","ASUS Maximus VI Hero","board","false","category-silhouette","/assets/models/silhouette-board-atx.glb","","https://www.asus.com/motherboards-components/motherboards/all-series/","","2026-10-04T15:13:01.204Z","0","true","false"
"x-board-asus-maximus-vii-hero","ASUS Maximus VII Hero","board","false","category-silhouette","/assets/models/silhouette-board-atx.glb","","https://www.asus.com/motherboards-components/motherboards/all-series/","","2026-10-04T15:13:02.133Z","0","true","false"
"x-board-asus-maximus-viii-hero","ASUS Maximus VIII Hero","board","false","category-silhouette","/assets/models/silhouette-board-atx.glb","","https://www.asus.com/motherboards-components/motherboards/all-series/","","2026-10-04T15:13:03.068Z","0","true","false"
"x-board-asus-maximus-ix-hero","ASUS Maximus IX Hero","board","false","category-silhouette","/assets/models/silhouette-board-atx.glb","","https://www.asus.com/motherboards-components/motherboards/all-series/","","2026-10-04T15:13:04.020Z","0","true","false"
"x-board-asus-rog-crosshair-vi-hero","ASUS ROG Crosshair VI Hero","board","false","category-silhouette","/assets/models/silhouette-board-atx.glb","","https://www.asus.com/motherboards-components/motherboards/all-series/","","2026-10-04T15:13:04.949Z","0","true","false"
"x-board-asus-rog-crosshair-vii-hero","ASUS ROG Crosshair VII Hero","board","false","category-silhouette","/assets/models/silhouette-board-atx.glb","","https://www.asus.com/motherboards-components/motherboards/all-series/","","2026-10-04T15:13:05.939Z","0","true","false"
"x-board-asus-rog-crosshair-viii-hero","ASUS ROG Crosshair VIII Hero","board","false","category-silhouette","/assets/models/silhouette-board-atx.glb","","https://www.asus.com/motherboards-components/motherboards/all-series/","","2026-10-04T15:13:07.031Z","0","true","false"
"x-board-asus-rog-maximus-x-hero","ASUS ROG Maximus X Hero","board","false","category-silhouette","/assets/models/silhouette-board-atx.glb","","https://www.asus.com/motherboards-components/motherboards/all-series/","","2026-10-04T15:13:08.013Z","0","true","false"
"x-board-asus-rog-maximus-xi-hero","ASUS ROG Maximus XI Hero","board","false","category-silhouette","/assets/models/silhouette-board-atx.glb","","https://www.asus.com/motherboards-components/motherboards/all-series/","","2026-10-04T15:13:09.222Z","0","true","false"
"x-board-asus-rog-maximus-xii-hero","ASUS ROG Maximus XII Hero","board","false","category-silhouette","/assets/models/silhouette-board-atx.glb","","https://www.asus.com/motherboards-components/motherboards/all-series/","","2026-10-04T15:13:10.312Z","2","true","false"
"x-board-asus-rog-maximus-xiii-hero","ASUS ROG Maximus XIII Hero","board","false","category-silhouette","/assets/models/silhouette-board-atx.glb","","https://www.asus.com/motherboards-components/motherboards/all-series/","","2026-10-04T15:13:11.274Z","2","true","false"
"x-board-gigabyte-ga-965p-ds3","GIGABYTE GA-965P-DS3","board","false","category-silhouette","/assets/models/silhouette-board-atx.glb","","https://www.gigabyte.com/Motherboard","","2026-10-04T15:13:12.230Z","0","true","false"
"x-board-gigabyte-ga-p35-ds3r","GIGABYTE GA-P35-DS3R","board","false","category-silhouette","/assets/models/silhouette-board-atx.glb","","https://www.gigabyte.com/Motherboard","","2026-10-04T15:13:13.168Z","0","true","false"
"x-board-gigabyte-ga-x58a-ud3r","GIGABYTE GA-X58A-UD3R","board","false","category-silhouette","/assets/models/silhouette-board-atx.glb","","https://www.gigabyte.com/Motherboard","","2026-10-04T15:13:14.222Z","0","true","false"
"x-board-gigabyte-ga-z68x-ud3h-b3","GIGABYTE GA-Z68X-UD3H-B3","board","false","category-silhouette","/assets/models/silhouette-board-atx.glb","","https://www.gigabyte.com/Motherboard","","2026-10-04T15:13:15.145Z","0","true","false"
"x-board-gigabyte-ga-z77x-ud5h","GIGABYTE GA-Z77X-UD5H","board","false","category-silhouette","/assets/models/silhouette-board-atx.glb","","https://www.gigabyte.com/Motherboard","","2026-10-04T15:13:16.086Z","0","true","false"
"x-board-gigabyte-ga-z87x-ud3h","GIGABYTE GA-Z87X-UD3H","board","false","category-silhouette","/assets/models/silhouette-board-atx.glb","","https://www.gigabyte.com/Motherboard","","2026-10-04T15:13:17.020Z","0","true","false"
"x-board-gigabyte-ga-z97x-gaming-7","GIGABYTE GA-Z97X-Gaming 7","board","false","category-silhouette","/assets/models/silhouette-board-atx.glb","","https://www.gigabyte.com/Motherboard","","2026-10-04T15:13:17.965Z","0","true","false"
"x-board-gigabyte-ga-z170x-gaming-7","GIGABYTE GA-Z170X-Gaming 7","board","false","category-silhouette","/assets/models/silhouette-board-atx.glb","","https://www.gigabyte.com/Motherboard","","2026-10-04T15:13:18.960Z","0","true","false"
"x-board-gigabyte-x299-aorus-gaming-9","GIGABYTE X299 AORUS Gaming 9","board","false","category-silhouette","/assets/models/silhouette-board-atx.glb","","https://www.gigabyte.com/Motherboard","","2026-10-04T15:13:19.902Z","0","true","false"
"x-board-gigabyte-x399-aorus-gaming-7","GIGABYTE X399 AORUS Gaming 7","board","false","category-silhouette","/assets/models/silhouette-board-atx.glb","","https://www.gigabyte.com/Motherboard","","2026-10-04T15:13:21.054Z","0","true","false"
"c-board-msi-meg-x870e-godlike","MSI MEG X870E GODLIKE","board","false","category-silhouette","/assets/models/silhouette-board-atx.glb","","https://us-store.msi.com/Motherboards?limit=48","","2026-10-04T15:13:22.301Z","0","true","false"
"c-board-msi-mpg-x870e-carbon-wifi","MSI MPG X870E CARBON WIFI","board","false","category-silhouette","/assets/models/silhouette-board-atx.glb","","https://us-store.msi.com/Motherboards?limit=48","","2026-10-04T15:13:23.379Z","0","true","false"
"c-board-msi-mag-x870-tomahawk-wifi","MSI MAG X870 TOMAHAWK WIFI","board","false","category-silhouette","/assets/models/silhouette-board-atx.glb","","https://us-store.msi.com/Motherboards?limit=48","","2026-10-04T15:13:24.316Z","0","true","false"
"c-board-msi-mpg-b850-edge-ti-wifi","MSI MPG B850 EDGE TI WIFI","board","false","category-silhouette","/assets/models/silhouette-board-atx.glb","","https://us-store.msi.com/Motherboards?limit=48","","2026-10-04T15:13:25.385Z","0","true","false"
"c-board-msi-mag-b850-tomahawk-max-wifi","MSI MAG B850 TOMAHAWK MAX WIFI","board","false","category-silhouette","/assets/models/silhouette-board-atx.glb","","https://us-store.msi.com/Motherboards?limit=48","","2026-10-04T15:13:26.547Z","0","true","false"
"c-board-msi-mag-b650-tomahawk-wifi","MSI MAG B650 TOMAHAWK WIFI","board","false","category-silhouette","/assets/models/silhouette-board-atx.glb","","https://us-store.msi.com/Motherboards?limit=48","","2026-10-04T15:13:27.659Z","0","true","false"
"c-board-msi-mpg-b650i-edge-wifi","MSI MPG B650I EDGE WIFI","board","false","category-silhouette","/assets/models/silhouette-board-itx.glb","","https://us-store.msi.com/Motherboards?limit=48","","2026-10-04T15:13:28.638Z","0","true","false"
"c-board-msi-meg-z890-godlike","MSI MEG Z890 GODLIKE","board","false","category-silhouette","/assets/models/silhouette-board-atx.glb","","https://us-store.msi.com/Motherboards?limit=48","","2026-10-04T15:13:29.644Z","0","true","false"
"c-board-msi-mpg-z890-carbon-wifi","MSI MPG Z890 CARBON WIFI","board","false","category-silhouette","/assets/models/silhouette-board-atx.glb","","https://us-store.msi.com/Motherboards?limit=48","","2026-10-04T15:13:30.770Z","0","true","false"
"c-board-msi-mag-z890-tomahawk-wifi","MSI MAG Z890 TOMAHAWK WIFI","board","false","category-silhouette","/assets/models/silhouette-board-atx.glb","","https://us-store.msi.com/Motherboards?limit=48","","2026-10-04T15:13:31.719Z","0","true","false"
"c-board-msi-mpg-z790-carbon-wifi","MSI MPG Z790 CARBON WIFI","board","false","category-silhouette","/assets/models/silhouette-board-atx.glb","","https://us-store.msi.com/Motherboards?limit=48","","2026-10-04T15:13:32.749Z","0","true","false"
"c-board-msi-mag-z790-tomahawk-wifi","MSI MAG Z790 TOMAHAWK WIFI","board","false","category-silhouette","/assets/models/silhouette-board-atx.glb","","https://us-store.msi.com/Motherboards?limit=48","","2026-10-04T15:13:33.743Z","0","true","false"
"c-board-msi-mag-b760m-mortar-wifi-ii","MSI MAG B760M MORTAR WIFI II","board","false","category-silhouette","/assets/models/silhouette-board-matx.glb","","https://us-store.msi.com/Motherboards?limit=48","","2026-10-04T15:13:34.654Z","0","true","false"
"c-board-msi-pro-h610m-g-ddr4","MSI PRO H610M-G DDR4","board","false","category-silhouette","/assets/models/silhouette-board-matx.glb","","https://us-store.msi.com/Motherboards?limit=48","","2026-10-04T15:13:35.592Z","0","true","false"
"c-board-asrock-x870e-taichi","ASRock X870E Taichi","board","false","category-silhouette","/assets/models/silhouette-board-atx.glb","","https://www.asrock.com/mb/","","2026-10-04T15:13:36.513Z","0","true","false"
"c-board-asrock-x870e-nova-wifi","ASRock X870E Nova WiFi","board","false","category-silhouette","/assets/models/silhouette-board-atx.glb","","https://www.asrock.com/mb/","","2026-10-04T15:13:37.588Z","0","true","false"
"c-board-asrock-x870-steel-legend-wifi","ASRock X870 Steel Legend WiFi","board","false","category-silhouette","/assets/models/silhouette-board-atx.glb","","https://www.asrock.com/mb/","","2026-10-04T15:13:38.548Z","0","true","false"
"c-board-asrock-b850-livemixer-wifi","ASRock B850 LiveMixer WiFi","board","false","category-silhouette","/assets/models/silhouette-board-atx.glb","","https://www.asrock.com/mb/","","2026-10-04T15:13:39.569Z","0","true","false"
"c-board-asrock-b850-steel-legend-wifi","ASRock B850 Steel Legend WiFi","board","false","category-silhouette","/assets/models/silhouette-board-atx.glb","","https://www.asrock.com/mb/","","2026-10-04T15:13:40.501Z","0","true","false"
"c-board-asrock-b650e-taichi-lite","ASRock B650E Taichi Lite","board","false","category-silhouette","/assets/models/silhouette-board-atx.glb","","https://www.asrock.com/mb/","","2026-10-04T15:13:41.444Z","0","true","false"
"c-board-asrock-b650m-pro-rs-wifi","ASRock B650M Pro RS WiFi","board","false","category-silhouette","/assets/models/silhouette-board-matx.glb","","https://www.asrock.com/mb/","","2026-10-04T15:13:42.388Z","0","true","false"
"c-board-asrock-a620i-lightning-wifi","ASRock A620I Lightning WiFi","board","false","category-silhouette","/assets/models/silhouette-board-itx.glb","","https://www.asrock.com/mb/","","2026-10-04T15:13:43.402Z","0","true","false"
"c-board-asrock-z890-taichi-ocf","ASRock Z890 Taichi OCF","board","false","category-silhouette","/assets/models/silhouette-board-atx.glb","","https://www.asrock.com/mb/","","2026-10-04T15:13:44.346Z","0","true","false"
"c-board-asrock-z890-nova-wifi","ASRock Z890 Nova WiFi","board","false","category-silhouette","/assets/models/silhouette-board-atx.glb","","https://www.asrock.com/mb/","","2026-10-04T15:13:45.270Z","0","true","false"
"c-board-asrock-z790-taichi-carrara","ASRock Z790 Taichi Carrara","board","false","category-silhouette","/assets/models/silhouette-board-atx.glb","","https://www.asrock.com/mb/","","2026-10-04T15:13:46.426Z","0","true","false"
"c-board-asrock-z790-pg-itx-tb4","ASRock Z790 PG-ITX/TB4","board","false","category-silhouette","/assets/models/silhouette-board-itx.glb","","https://www.asrock.com/mb/","","2026-10-04T15:13:47.389Z","0","true","false"
"c-board-asrock-b760m-steel-legend-wifi","ASRock B760M Steel Legend WiFi","board","false","category-silhouette","/assets/models/silhouette-board-matx.glb","","https://www.asrock.com/mb/","","2026-10-04T15:13:48.309Z","0","true","false"
"c-board-asrock-b550-taichi","ASRock B550 Taichi","board","false","category-silhouette","/assets/models/silhouette-board-atx.glb","","https://www.asrock.com/mb/","","2026-10-04T15:13:49.401Z","0","true","false"
"c-board-asrock-b450m-steel-legend","ASRock B450M Steel Legend","board","false","category-silhouette","/assets/models/silhouette-board-matx.glb","","https://www.asrock.com/mb/","","2026-10-04T15:13:50.340Z","0","true","false"
"c-board-gigabyte-x870e-aorus-xtreme-ai-top","GIGABYTE X870E AORUS XTREME AI TOP","board","false","category-silhouette","/assets/models/silhouette-board-atx.glb","","https://www.gigabyte.com/Motherboard","","2026-10-04T15:13:51.292Z","0","true","false"
"c-board-gigabyte-x870e-aorus-master","GIGABYTE X870E AORUS MASTER","board","false","category-silhouette","/assets/models/silhouette-board-atx.glb","","https://www.gigabyte.com/Motherboard","","2026-10-04T15:13:52.234Z","0","true","false"
"c-board-gigabyte-x870-aorus-elite-wifi7","GIGABYTE X870 AORUS ELITE WIFI7","board","false","category-silhouette","/assets/models/silhouette-board-atx.glb","","https://www.gigabyte.com/Motherboard","","2026-10-04T15:13:53.290Z","0","true","false"
"c-board-gigabyte-b850-aorus-elite-wifi7","GIGABYTE B850 AORUS ELITE WIFI7","board","false","category-silhouette","/assets/models/silhouette-board-atx.glb","","https://www.gigabyte.com/Motherboard","","2026-10-04T15:13:54.229Z","0","true","false"
"c-board-gigabyte-b650-aorus-elite-ax","GIGABYTE B650 AORUS ELITE AX","board","false","category-silhouette","/assets/models/silhouette-board-atx.glb","","https://www.gigabyte.com/Motherboard","","2026-10-04T15:13:55.199Z","0","true","false"
"c-board-gigabyte-b650i-aorus-ultra","GIGABYTE B650I AORUS ULTRA","board","false","category-silhouette","/assets/models/silhouette-board-itx.glb","","https://www.gigabyte.com/Motherboard","","2026-10-04T15:13:56.307Z","0","true","false"
"c-board-gigabyte-z890-aorus-xtreme-ai-top","GIGABYTE Z890 AORUS XTREME AI TOP","board","false","category-silhouette","/assets/models/silhouette-board-atx.glb","","https://www.gigabyte.com/Motherboard","","2026-10-04T15:13:57.257Z","0","true","false"
"c-board-gigabyte-z790-aorus-master-x","GIGABYTE Z790 AORUS MASTER X","board","false","category-silhouette","/assets/models/silhouette-board-atx.glb","","https://www.gigabyte.com/Motherboard","","2026-10-04T15:13:58.197Z","0","true","false"
"c-board-gigabyte-z790i-aorus-ultra","GIGABYTE Z790I AORUS ULTRA","board","false","category-silhouette","/assets/models/silhouette-board-itx.glb","","https://www.gigabyte.com/Motherboard","","2026-10-04T15:13:59.128Z","0","true","false"
"c-board-gigabyte-b760m-ds3h-ddr4","GIGABYTE B760M DS3H DDR4","board","false","category-silhouette","/assets/models/silhouette-board-matx.glb","","https://www.gigabyte.com/Motherboard","","2026-10-04T15:14:00.238Z","0","true","false"
"c-board-biostar-x870e-valkyrie","Biostar X870E VALKYRIE","board","false","category-silhouette","/assets/models/silhouette-board-atx.glb","","https://www.biostar.com.tw/app/en/mb/","","2026-10-04T15:14:01.211Z","0","true","false"
"c-board-biostar-b650mp-e-pro","Biostar B650MP-E PRO","board","false","category-silhouette","/assets/models/silhouette-board-matx.glb","","https://www.biostar.com.tw/app/en/mb/","","2026-10-04T15:14:02.360Z","0","true","false"
"c-board-biostar-b550mh","Biostar B550MH","board","false","category-silhouette","/assets/models/silhouette-board-matx.glb","","https://www.biostar.com.tw/app/en/mb/","","2026-10-04T15:14:03.282Z","0","true","false"
"c-board-biostar-z890-valkyrie","Biostar Z890 VALKYRIE","board","false","category-silhouette","/assets/models/silhouette-board-atx.glb","","https://www.biostar.com.tw/app/en/mb/","","2026-10-04T15:14:04.318Z","0","true","false"
"c-board-biostar-z790a-silver","Biostar Z790A-SILVER","board","false","category-silhouette","/assets/models/silhouette-board-atx.glb","","https://www.biostar.com.tw/app/en/mb/","","2026-10-04T15:14:05.399Z","0","true","false"
"c-board-biostar-b760mx2-e-d4","Biostar B760MX2-E D4","board","false","category-silhouette","/assets/models/silhouette-board-matx.glb","","https://www.biostar.com.tw/app/en/mb/","","2026-10-04T15:14:06.337Z","0","true","false"
"c-ram-corsair-dominator-titanium-rgb-64gb-ddr5-6600-cl32","CORSAIR Dominator Titanium RGB 64GB DDR5-6600 CL32","ram","false","category-silhouette","/assets/models/silhouette-ram.glb","","https://www.corsair.com/us/en/c/memory","","2026-10-04T15:14:07.269Z","0","true","false"
"c-ram-corsair-dominator-platinum-rgb-32gb-ddr5-6200-cl36","CORSAIR Dominator Platinum RGB 32GB DDR5-6200 CL36","ram","false","category-silhouette","/assets/models/silhouette-ram.glb","","https://www.corsair.com/us/en/c/memory","","2026-10-04T15:14:08.208Z","0","true","false"
"c-ram-corsair-vengeance-rgb-96gb-ddr5-6000-cl30","CORSAIR Vengeance RGB 96GB DDR5-6000 CL30","ram","true","family-or-chip","/assets/models/sketchfab-corsair-vengeance-rgb-ddr5.glb","PolyDavid","https://sketchfab.com/3d-models/corsair-vengeance-rgb-ddr5-ram-low-poly-5352b17857ea4036ab61980c4c57f265","CC BY 4.0","","","false","false"
"c-ram-corsair-vengeance-64gb-ddr5-6000-cl30","CORSAIR Vengeance 64GB DDR5-6000 CL30","ram","false","category-silhouette","/assets/models/silhouette-ram.glb","","https://www.corsair.com/us/en/c/memory","","2026-10-04T15:14:09.292Z","0","true","false"
"c-ram-corsair-vengeance-48gb-ddr5-6400-cl36","CORSAIR Vengeance 48GB DDR5-6400 CL36","ram","false","category-silhouette","/assets/models/silhouette-ram.glb","","https://www.corsair.com/us/en/c/memory","","2026-10-04T15:14:10.263Z","0","true","false"
"c-ram-corsair-vengeance-32gb-ddr5-5600-cl36","CORSAIR Vengeance 32GB DDR5-5600 CL36","ram","false","category-silhouette","/assets/models/silhouette-ram.glb","","https://www.corsair.com/us/en/c/memory","","2026-10-04T15:14:11.332Z","0","true","false"
"c-ram-corsair-vengeance-lpx-64gb-ddr4-3600-cl18","CORSAIR Vengeance LPX 64GB DDR4-3600 CL18","ram","false","category-silhouette","/assets/models/silhouette-ram.glb","","https://www.corsair.com/us/en/c/memory","","2026-10-04T15:14:12.461Z","0","true","false"
"c-ram-corsair-vengeance-rgb-pro-32gb-ddr4-3600-cl18","CORSAIR Vengeance RGB Pro 32GB DDR4-3600 CL18","ram","true","family-or-chip","/assets/models/sketchfab-corsair-vengeance-rgb-pro-ddr4.glb","lime.ball.animations","https://sketchfab.com/3d-models/ram-corsair-vengeance-ddr4-rgb-pro-ee5c6e6b2e524d63a7043365e73a2420","CC BY 4.0","","","false","false"
"c-ram-corsair-vengeance-lpx-16gb-ddr4-3200-cl16","CORSAIR Vengeance LPX 16GB DDR4-3200 CL16","ram","false","category-silhouette","/assets/models/silhouette-ram.glb","","https://www.corsair.com/us/en/c/memory","","2026-10-04T15:14:13.381Z","0","true","false"
"c-ram-g-skill-trident-z5-rgb-48gb-ddr5-8400-cl40","G.SKILL Trident Z5 RGB 48GB DDR5-8400 CL40","ram","false","category-silhouette","/assets/models/silhouette-ram.glb","","https://www.gskill.com/products/1/165/377/Trident-Z5-RGB-DDR5-Intel-XMP","","2026-10-04T15:14:14.472Z","0","true","false"
"c-ram-g-skill-trident-z5-rgb-32gb-ddr5-7200-cl34","G.SKILL Trident Z5 RGB 32GB DDR5-7200 CL34","ram","false","category-silhouette","/assets/models/silhouette-ram.glb","","https://www.gskill.com/products/1/165/377/Trident-Z5-RGB-DDR5-Intel-XMP","","2026-10-04T15:14:15.406Z","0","true","false"
"c-ram-g-skill-trident-z5-neo-rgb-64gb-ddr5-6000-cl30","G.SKILL Trident Z5 Neo RGB 64GB DDR5-6000 CL30","ram","false","category-silhouette","/assets/models/silhouette-ram.glb","","https://www.gskill.com/products/1/165/377/Trident-Z5-RGB-DDR5-Intel-XMP","","2026-10-04T15:14:16.341Z","0","true","false"
"c-ram-g-skill-trident-z5-neo-rgb-32gb-ddr5-6000-cl30","G.SKILL Trident Z5 Neo RGB 32GB DDR5-6000 CL30","ram","false","category-silhouette","/assets/models/silhouette-ram.glb","","https://www.gskill.com/products/1/165/377/Trident-Z5-RGB-DDR5-Intel-XMP","","2026-10-04T15:14:17.283Z","0","true","false"
"c-ram-g-skill-ripjaws-s5-96gb-ddr5-5600-cl40","G.SKILL Ripjaws S5 96GB DDR5-5600 CL40","ram","false","category-silhouette","/assets/models/silhouette-ram.glb","","https://www.gskill.com/products/1/165/377/Trident-Z5-RGB-DDR5-Intel-XMP","","2026-10-04T15:14:18.250Z","0","true","false"
"c-ram-g-skill-ripjaws-s5-32gb-ddr5-6000-cl30","G.SKILL Ripjaws S5 32GB DDR5-6000 CL30","ram","false","category-silhouette","/assets/models/silhouette-ram.glb","","https://www.gskill.com/products/1/165/377/Trident-Z5-RGB-DDR5-Intel-XMP","","2026-10-04T15:14:19.317Z","0","true","false"
"c-ram-g-skill-trident-z-royal-elite-32gb-ddr4-4000-cl16","G.SKILL Trident Z Royal Elite 32GB DDR4-4000 CL16","ram","false","category-silhouette","/assets/models/silhouette-ram.glb","","https://www.gskill.com/products/1/165/377/Trident-Z5-RGB-DDR5-Intel-XMP","","2026-10-04T15:14:20.269Z","0","true","false"
"c-ram-g-skill-trident-z-neo-32gb-ddr4-3600-cl16","G.SKILL Trident Z Neo 32GB DDR4-3600 CL16","ram","true","family-or-chip","/assets/models/sketchfab-trident-z-neo.glb","alijon.ganiev2017","https://sketchfab.com/3d-models/ram-gskill-trident-z-neo-7c194f352f0a4d4e9bc1f16358bc3a52","CC BY 4.0","2026-10-04T15:14:21.199Z","0","false","false"
"c-ram-g-skill-ripjaws-v-16gb-ddr4-3200-cl16","G.SKILL Ripjaws V 16GB DDR4-3200 CL16","ram","false","category-silhouette","/assets/models/silhouette-ram.glb","","https://www.gskill.com/products/1/165/377/Trident-Z5-RGB-DDR5-Intel-XMP","","2026-10-04T15:14:22.129Z","0","true","false"
"c-ram-kingston-fury-renegade-rgb-96gb-ddr5-6400-cl32","Kingston FURY Renegade RGB 96GB DDR5-6400 CL32","ram","false","category-silhouette","/assets/models/silhouette-ram.glb","","https://www.kingston.com/en/memory/gaming/kingston-fury-beast-ddr5-memory","","2026-10-04T15:14:23.220Z","0","true","false"
"c-ram-kingston-fury-renegade-48gb-ddr5-7200-cl38","Kingston FURY Renegade 48GB DDR5-7200 CL38","ram","false","category-silhouette","/assets/models/silhouette-ram.glb","","https://www.kingston.com/en/memory/gaming/kingston-fury-beast-ddr5-memory","","2026-10-04T15:14:24.171Z","0","true","false"
"c-ram-kingston-fury-beast-rgb-64gb-ddr5-6000-cl36","Kingston FURY Beast RGB 64GB DDR5-6000 CL36","ram","false","category-silhouette","/assets/models/silhouette-ram.glb","","https://www.kingston.com/en/memory/gaming/kingston-fury-beast-ddr5-memory","","2026-10-04T15:14:25.152Z","0","true","false"
"c-ram-kingston-fury-beast-32gb-ddr5-5600-cl36","Kingston FURY Beast 32GB DDR5-5600 CL36","ram","true","family-or-chip","/assets/models/sketchfab-kingston-fury-beast-ddr5.glb","cityon360","https://sketchfab.com/3d-models/kingston-fury-ddr5-low-poly-bcb196fb929843f485e61fc75727e915","CC BY 4.0","","","false","false"
"c-ram-kingston-fury-renegade-rgb-32gb-ddr4-3600-cl16","Kingston FURY Renegade RGB 32GB DDR4-3600 CL16","ram","false","category-silhouette","/assets/models/silhouette-ram.glb","","https://www.kingston.com/en/memory/gaming/kingston-fury-beast-ddr5-memory","","2026-10-04T15:14:26.156Z","0","true","false"
"c-ram-kingston-fury-beast-16gb-ddr4-3200-cl16","Kingston FURY Beast 16GB DDR4-3200 CL16","ram","false","category-silhouette","/assets/models/silhouette-ram.glb","","https://www.kingston.com/en/memory/gaming/kingston-fury-beast-ddr5-memory","","2026-10-04T15:14:27.100Z","0","true","false"
"c-ram-crucial-pro-overclocking-64gb-ddr5-6000-cl36","Crucial Pro Overclocking 64GB DDR5-6000 CL36","ram","false","category-silhouette","/assets/models/silhouette-ram.glb","","https://www.crucial.com/catalog/memory/ddr5-desktop","","2026-10-04T15:14:28.273Z","0","true","false"
"c-ram-crucial-pro-overclocking-32gb-ddr5-6000-cl36","Crucial Pro Overclocking 32GB DDR5-6000 CL36","ram","false","category-silhouette","/assets/models/silhouette-ram.glb","","https://www.crucial.com/catalog/memory/ddr5-desktop","","2026-10-04T15:14:29.212Z","0","true","false"
"c-ram-crucial-pro-64gb-ddr5-5600-cl46","Crucial Pro 64GB DDR5-5600 CL46","ram","false","category-silhouette","/assets/models/silhouette-ram.glb","","https://www.crucial.com/catalog/memory/ddr5-desktop","","2026-10-04T15:14:30.261Z","0","true","false"
"c-ram-crucial-32gb-ddr5-4800-cl40","Crucial 32GB DDR5-4800 CL40","ram","false","category-silhouette","/assets/models/silhouette-ram.glb","","https://www.crucial.com/catalog/memory/ddr5-desktop","","2026-10-04T15:14:31.224Z","0","true","false"
"c-ram-crucial-pro-64gb-ddr4-3200-cl22","Crucial Pro 64GB DDR4-3200 CL22","ram","false","category-silhouette","/assets/models/silhouette-ram.glb","","https://www.crucial.com/catalog/memory/ddr5-desktop","","2026-10-04T15:14:32.190Z","0","true","false"
"c-ram-crucial-ballistix-max-32gb-ddr4-4000-cl18","Crucial Ballistix MAX 32GB DDR4-4000 CL18","ram","false","category-silhouette","/assets/models/silhouette-ram.glb","","https://www.crucial.com/catalog/memory/ddr5-desktop","","2026-10-04T15:14:33.201Z","0","true","false"
"c-ram-crucial-16gb-ddr4-3200-cl22","Crucial 16GB DDR4-3200 CL22","ram","false","category-silhouette","/assets/models/silhouette-ram.glb","","https://www.crucial.com/catalog/memory/ddr5-desktop","","2026-10-04T15:14:34.295Z","0","true","false"
"c-ram-teamgroup-t-force-xtreem-48gb-ddr5-8200-cl38","TEAMGROUP T-Force Xtreem 48GB DDR5-8200 CL38","ram","false","category-silhouette","/assets/models/silhouette-ram.glb","","https://www.teamgroupinc.com/en/product-category/memory/","","2026-10-04T15:14:35.283Z","0","true","false"
"c-ram-teamgroup-t-force-delta-rgb-64gb-ddr5-6400-cl40","TEAMGROUP T-Force Delta RGB 64GB DDR5-6400 CL40","ram","false","category-silhouette","/assets/models/silhouette-ram.glb","","https://www.teamgroupinc.com/en/product-category/memory/","","2026-10-04T15:14:36.233Z","0","true","false"
"c-ram-teamgroup-t-create-expert-96gb-ddr5-6000-cl34","TEAMGROUP T-Create Expert 96GB DDR5-6000 CL34","ram","false","category-silhouette","/assets/models/silhouette-ram.glb","","https://www.teamgroupinc.com/en/product-category/memory/","","2026-10-04T15:14:37.304Z","0","true","false"
"c-ram-teamgroup-t-create-classic-32gb-ddr5-5600-cl46","TEAMGROUP T-Create Classic 32GB DDR5-5600 CL46","ram","false","category-silhouette","/assets/models/silhouette-ram.glb","","https://www.teamgroupinc.com/en/product-category/memory/","","2026-10-04T15:14:38.255Z","0","true","false"
"c-ram-teamgroup-t-force-xtreem-argb-32gb-ddr4-3600-cl14","TEAMGROUP T-Force Xtreem ARGB 32GB DDR4-3600 CL14","ram","false","category-silhouette","/assets/models/silhouette-ram.glb","","https://www.teamgroupinc.com/en/product-category/memory/","","2026-10-04T15:14:39.395Z","0","true","false"
"c-ram-teamgroup-t-force-vulcan-z-16gb-ddr4-3200-cl16","TEAMGROUP T-Force Vulcan Z 16GB DDR4-3200 CL16","ram","false","category-silhouette","/assets/models/silhouette-ram.glb","","https://www.teamgroupinc.com/en/product-category/memory/","","2026-10-04T15:14:40.470Z","0","true","false"
"c-ssd-samsung-9100-pro-4tb","Samsung 9100 PRO 4TB","ssd","false","category-silhouette","/assets/models/silhouette-ssd-m2.glb","","https://semiconductor.samsung.com/consumer-storage/support/documents/","","2026-10-04T15:14:41.413Z","0","true","false"
"c-ssd-samsung-990-evo-plus-2tb","Samsung 990 EVO Plus 2TB","ssd","false","category-silhouette","/assets/models/silhouette-ssd-m2.glb","","https://semiconductor.samsung.com/consumer-storage/support/documents/","","2026-10-04T15:14:42.342Z","0","true","false"
"c-ssd-samsung-990-evo-2tb","Samsung 990 EVO 2TB","ssd","false","category-silhouette","/assets/models/silhouette-ssd-m2.glb","","https://semiconductor.samsung.com/consumer-storage/support/documents/","","2026-10-04T15:14:43.437Z","0","true","false"
"c-ssd-samsung-980-pro-2tb","Samsung 980 PRO 2TB","ssd","false","category-silhouette","/assets/models/silhouette-ssd-m2.glb","","https://semiconductor.samsung.com/consumer-storage/support/documents/","","2026-10-04T15:14:44.383Z","0","true","false"
"c-ssd-samsung-980-1tb","Samsung 980 1TB","ssd","false","category-silhouette","/assets/models/silhouette-ssd-m2.glb","","https://semiconductor.samsung.com/consumer-storage/support/documents/","","2026-10-04T15:14:45.332Z","2","true","false"
"c-ssd-samsung-970-evo-plus-2tb","Samsung 970 EVO Plus 2TB","ssd","false","category-silhouette","/assets/models/silhouette-ssd-m2.glb","","https://semiconductor.samsung.com/consumer-storage/support/documents/","","2026-10-04T15:14:46.500Z","0","true","false"
"c-ssd-samsung-970-pro-1tb","Samsung 970 PRO 1TB","ssd","false","category-silhouette","/assets/models/silhouette-ssd-m2.glb","","https://semiconductor.samsung.com/consumer-storage/support/documents/","","2026-10-04T15:14:47.605Z","0","true","false"
"c-ssd-samsung-960-evo-1tb","Samsung 960 EVO 1TB","ssd","false","category-silhouette","/assets/models/silhouette-ssd-m2.glb","","https://semiconductor.samsung.com/consumer-storage/support/documents/","","2026-10-04T15:14:48.722Z","0","true","false"
"c-ssd-samsung-870-evo-4tb","Samsung 870 EVO 4TB","ssd","false","category-silhouette","/assets/models/silhouette-ssd-sata.glb","","https://semiconductor.samsung.com/consumer-storage/support/documents/","","2026-10-04T15:14:49.808Z","0","true","false"
"c-ssd-samsung-870-qvo-8tb","Samsung 870 QVO 8TB","ssd","false","category-silhouette","/assets/models/silhouette-ssd-sata.glb","","https://semiconductor.samsung.com/consumer-storage/support/documents/","","2026-10-04T15:14:50.901Z","0","true","false"
"c-ssd-samsung-860-evo-4tb","Samsung 860 EVO 4TB","ssd","false","category-silhouette","/assets/models/silhouette-ssd-sata.glb","","https://semiconductor.samsung.com/consumer-storage/support/documents/","","2026-10-04T15:14:51.907Z","0","true","false"
"c-ssd-samsung-850-evo-1tb","Samsung 850 EVO 1TB","ssd","false","category-silhouette","/assets/models/silhouette-ssd-sata.glb","","https://semiconductor.samsung.com/consumer-storage/support/documents/","","2026-10-04T15:14:52.974Z","0","true","false"
"c-ssd-wd-black-sn850x-4tb","WD_BLACK SN850X 4TB","ssd","false","category-silhouette","/assets/models/silhouette-ssd-m2.glb","","https://www.westerndigital.com/en-ca/products/internal-drives","","2026-10-04T15:14:53.913Z","0","true","false"
"c-ssd-wd-black-sn850x-2tb","WD_BLACK SN850X 2TB","ssd","false","category-silhouette","/assets/models/silhouette-ssd-m2.glb","","https://www.westerndigital.com/en-ca/products/internal-drives","","2026-10-04T15:14:54.885Z","0","true","false"
"c-ssd-wd-black-sn770-2tb","WD_BLACK SN770 2TB","ssd","false","category-silhouette","/assets/models/silhouette-ssd-m2.glb","","https://www.westerndigital.com/en-ca/products/internal-drives","","2026-10-04T15:14:55.827Z","0","true","false"
"c-ssd-wd-blue-sn580-2tb","WD Blue SN580 2TB","ssd","false","category-silhouette","/assets/models/silhouette-ssd-m2.glb","","https://www.westerndigital.com/en-ca/products/internal-drives","","2026-10-04T15:14:56.826Z","0","true","false"
"c-ssd-wd-blue-sn570-1tb","WD Blue SN570 1TB","ssd","false","category-silhouette","/assets/models/silhouette-ssd-m2.glb","","https://www.westerndigital.com/en-ca/products/internal-drives","","2026-10-04T15:14:57.757Z","0","true","false"
"c-ssd-wd-green-sn350-1tb","WD Green SN350 1TB","ssd","false","category-silhouette","/assets/models/silhouette-ssd-m2.glb","","https://www.westerndigital.com/en-ca/products/internal-drives","","2026-10-04T15:14:58.696Z","0","true","false"
"c-ssd-wd-blue-sa510-4tb","WD Blue SA510 4TB","ssd","false","category-silhouette","/assets/models/silhouette-ssd-sata.glb","","https://www.westerndigital.com/en-ca/products/internal-drives","","2026-10-04T15:14:59.764Z","0","true","false"
"c-ssd-crucial-t705-4tb","Crucial T705 4TB","ssd","false","category-silhouette","/assets/models/silhouette-ssd-m2.glb","","https://www.crucial.com/catalog/ssd","","2026-10-04T15:15:00.702Z","0","true","false"
"c-ssd-crucial-t700-4tb","Crucial T700 4TB","ssd","false","category-silhouette","/assets/models/silhouette-ssd-m2.glb","","https://www.crucial.com/catalog/ssd","","2026-10-04T15:15:01.642Z","0","true","false"
"c-ssd-crucial-t500-2tb","Crucial T500 2TB","ssd","false","category-silhouette","/assets/models/silhouette-ssd-m2.glb","","https://www.crucial.com/catalog/ssd","","2026-10-04T15:15:02.604Z","0","true","false"
"c-ssd-crucial-p5-plus-2tb","Crucial P5 Plus 2TB","ssd","false","category-silhouette","/assets/models/silhouette-ssd-m2.glb","","https://www.crucial.com/catalog/ssd","","2026-10-04T15:15:03.702Z","0","true","false"
"c-ssd-crucial-p3-plus-4tb","Crucial P3 Plus 4TB","ssd","false","category-silhouette","/assets/models/silhouette-ssd-m2.glb","","https://www.crucial.com/catalog/ssd","","2026-10-04T15:15:04.695Z","0","true","false"
"c-ssd-crucial-p3-4tb","Crucial P3 4TB","ssd","false","category-silhouette","/assets/models/silhouette-ssd-m2.glb","","https://www.crucial.com/catalog/ssd","","2026-10-04T15:15:05.659Z","0","true","false"
"c-ssd-crucial-mx500-4tb","Crucial MX500 4TB","ssd","false","category-silhouette","/assets/models/silhouette-ssd-sata.glb","","https://www.crucial.com/catalog/ssd","","2026-10-04T15:15:06.578Z","0","true","false"
"c-ssd-crucial-bx500-2tb","Crucial BX500 2TB","ssd","false","category-silhouette","/assets/models/silhouette-ssd-sata.glb","","https://www.crucial.com/catalog/ssd","","2026-10-04T15:15:07.641Z","0","true","false"
"c-ssd-kingston-fury-renegade-g5-4tb","Kingston FURY Renegade G5 4TB","ssd","false","category-silhouette","/assets/models/silhouette-ssd-m2.glb","","https://www.kingston.com/en/ssd","","2026-10-04T15:15:08.593Z","0","true","false"
"c-ssd-kingston-fury-renegade-4tb","Kingston FURY Renegade 4TB","ssd","false","category-silhouette","/assets/models/silhouette-ssd-m2.glb","","https://www.kingston.com/en/ssd","","2026-10-04T15:15:09.536Z","0","true","false"
"c-ssd-kingston-kc3000-4tb","Kingston KC3000 4TB","ssd","false","category-silhouette","/assets/models/silhouette-ssd-m2.glb","","https://www.kingston.com/en/ssd","","2026-10-04T15:15:10.611Z","0","true","false"
"c-ssd-kingston-nv3-4tb","Kingston NV3 4TB","ssd","false","category-silhouette","/assets/models/silhouette-ssd-m2.glb","","https://www.kingston.com/en/ssd","","2026-10-04T15:15:11.682Z","0","true","false"
"c-ssd-kingston-nv2-2tb","Kingston NV2 2TB","ssd","false","category-silhouette","/assets/models/silhouette-ssd-m2.glb","","https://www.kingston.com/en/ssd","","2026-10-04T15:15:12.623Z","0","true","false"
"c-ssd-kingston-a400-1-92tb","Kingston A400 1.92TB","ssd","false","category-silhouette","/assets/models/silhouette-ssd-sata.glb","","https://www.kingston.com/en/ssd","","2026-10-04T15:15:13.559Z","0","true","false"
"c-ssd-seagate-firecuda-540-4tb","Seagate FireCuda 540 4TB","ssd","false","category-silhouette","/assets/models/silhouette-ssd-m2.glb","","https://www.seagate.com/products/gaming-drives/pc-gaming/firecuda-ssd/","","2026-10-04T15:15:14.524Z","0","true","false"
"c-ssd-seagate-firecuda-530r-4tb","Seagate FireCuda 530R 4TB","ssd","false","category-silhouette","/assets/models/silhouette-ssd-m2.glb","","https://www.seagate.com/products/gaming-drives/pc-gaming/firecuda-ssd/","","2026-10-04T15:15:15.466Z","0","true","false"
"c-ssd-seagate-firecuda-530-4tb","Seagate FireCuda 530 4TB","ssd","false","category-silhouette","/assets/models/silhouette-ssd-m2.glb","","https://www.seagate.com/products/gaming-drives/pc-gaming/firecuda-ssd/","","2026-10-04T15:15:17.571Z","0","true","false"
"c-ssd-seagate-firecuda-520-2tb","Seagate FireCuda 520 2TB","ssd","false","category-silhouette","/assets/models/silhouette-ssd-m2.glb","","https://www.seagate.com/products/gaming-drives/pc-gaming/firecuda-ssd/","","2026-10-04T15:15:18.566Z","0","true","false"
"c-ssd-seagate-barracuda-q5-2tb","Seagate BarraCuda Q5 2TB","ssd","false","category-silhouette","/assets/models/silhouette-ssd-m2.glb","","https://www.seagate.com/products/gaming-drives/pc-gaming/firecuda-ssd/","","2026-10-04T15:15:19.524Z","0","true","false"
"c-ssd-sabrent-rocket-5-4tb","Sabrent Rocket 5 4TB","ssd","false","category-silhouette","/assets/models/silhouette-ssd-m2.glb","","https://sabrent.com/collections/internal-memory","","2026-10-04T15:15:20.633Z","0","true","false"
"c-ssd-sabrent-rocket-4-plus-g-4tb","Sabrent Rocket 4 Plus-G 4TB","ssd","false","category-silhouette","/assets/models/silhouette-ssd-m2.glb","","https://sabrent.com/collections/internal-memory","","2026-10-04T15:15:21.702Z","0","true","false"
"c-ssd-sabrent-rocket-q4-4tb","Sabrent Rocket Q4 4TB","ssd","false","category-silhouette","/assets/models/silhouette-ssd-m2.glb","","https://sabrent.com/collections/internal-memory","","2026-10-04T15:15:22.682Z","0","true","false"
"c-ssd-sabrent-rocket-q-8tb","Sabrent Rocket Q 8TB","ssd","false","category-silhouette","/assets/models/silhouette-ssd-m2.glb","","https://sabrent.com/collections/internal-memory","","2026-10-04T15:15:23.611Z","0","true","false"
"c-hdd-seagate-barracuda-8tb","Seagate BarraCuda 8TB","hdd","false","category-silhouette","/assets/models/silhouette-hdd.glb","","https://www.seagate.com/products/hard-drives/","","2026-10-04T15:15:24.636Z","0","true","false"
"c-hdd-seagate-barracuda-4tb","Seagate BarraCuda 4TB","hdd","false","category-silhouette","/assets/models/silhouette-hdd.glb","","https://www.seagate.com/products/hard-drives/","","2026-10-04T15:15:25.714Z","0","true","false"
"c-hdd-seagate-firecuda-8tb-hdd","Seagate FireCuda 8TB HDD","hdd","false","category-silhouette","/assets/models/silhouette-hdd.glb","","https://www.seagate.com/products/hard-drives/","","2026-10-04T15:15:27.042Z","0","true","false"
"c-hdd-seagate-ironwolf-24tb","Seagate IronWolf 24TB","hdd","false","category-silhouette","/assets/models/silhouette-hdd.glb","","https://www.seagate.com/products/hard-drives/","","2026-10-04T15:15:28.227Z","0","true","false"
"c-hdd-seagate-ironwolf-pro-24tb","Seagate IronWolf Pro 24TB","hdd","false","category-silhouette","/assets/models/silhouette-hdd.glb","","https://www.seagate.com/products/hard-drives/","","2026-10-04T15:15:29.152Z","0","true","false"
"c-hdd-seagate-exos-x24-24tb","Seagate Exos X24 24TB","hdd","false","category-silhouette","/assets/models/silhouette-hdd.glb","","https://www.seagate.com/products/hard-drives/","","2026-10-04T15:15:30.088Z","0","true","false"
"c-hdd-seagate-skyhawk-ai-24tb","Seagate SkyHawk AI 24TB","hdd","false","category-silhouette","/assets/models/silhouette-hdd.glb","","https://www.seagate.com/products/hard-drives/","","2026-10-04T15:15:31.104Z","0","true","false"
"c-hdd-wd-blue-8tb-hdd","WD Blue 8TB HDD","hdd","false","category-silhouette","/assets/models/silhouette-hdd.glb","","https://www.westerndigital.com/en-ca/products/internal-drives","","2026-10-04T15:15:32.070Z","0","true","false"
"c-hdd-wd-blue-4tb-hdd","WD Blue 4TB HDD","hdd","false","category-silhouette","/assets/models/silhouette-hdd.glb","","https://www.westerndigital.com/en-ca/products/internal-drives","","2026-10-04T15:15:33.149Z","0","true","false"
"c-hdd-wd-blue-2tb-hdd","WD Blue 2TB HDD","hdd","false","category-silhouette","/assets/models/silhouette-hdd.glb","","https://www.westerndigital.com/en-ca/products/internal-drives","","2026-10-04T15:15:34.293Z","0","true","false"
"c-hdd-wd-black-10tb-hdd","WD_BLACK 10TB HDD","hdd","false","category-silhouette","/assets/models/silhouette-hdd.glb","","https://www.westerndigital.com/en-ca/products/internal-drives","","2026-10-04T15:15:35.259Z","0","true","false"
"c-hdd-wd-red-plus-12tb","WD Red Plus 12TB","hdd","false","category-silhouette","/assets/models/silhouette-hdd.glb","","https://www.westerndigital.com/en-ca/products/internal-drives","","2026-10-04T15:15:36.321Z","0","true","false"
"c-hdd-wd-red-pro-24tb","WD Red Pro 24TB","hdd","false","category-silhouette","/assets/models/silhouette-hdd.glb","","https://www.westerndigital.com/en-ca/products/internal-drives","","2026-10-04T15:15:37.407Z","0","true","false"
"c-hdd-wd-gold-24tb","WD Gold 24TB","hdd","false","category-silhouette","/assets/models/silhouette-hdd.glb","","https://www.westerndigital.com/en-ca/products/internal-drives","","2026-10-04T15:15:38.483Z","0","true","false"
"c-hdd-wd-purple-pro-24tb","WD Purple Pro 24TB","hdd","false","category-silhouette","/assets/models/silhouette-hdd.glb","","https://www.westerndigital.com/en-ca/products/internal-drives","","2026-10-04T15:15:39.436Z","0","true","false"
"c-hdd-toshiba-x300-pro-22tb","Toshiba X300 Pro 22TB","hdd","false","category-silhouette","/assets/models/silhouette-hdd.glb","","https://storage.toshiba.com/consumer-hdd","","2026-10-04T15:15:40.512Z","0","true","false"
"c-hdd-toshiba-x300-18tb","Toshiba X300 18TB","hdd","false","category-silhouette","/assets/models/silhouette-hdd.glb","","https://storage.toshiba.com/consumer-hdd","","2026-10-04T15:15:41.697Z","0","true","false"
"c-hdd-toshiba-n300-pro-22tb","Toshiba N300 Pro 22TB","hdd","false","category-silhouette","/assets/models/silhouette-hdd.glb","","https://storage.toshiba.com/consumer-hdd","","2026-10-04T15:15:42.683Z","0","true","false"
"c-hdd-toshiba-n300-18tb","Toshiba N300 18TB","hdd","false","category-silhouette","/assets/models/silhouette-hdd.glb","","https://storage.toshiba.com/consumer-hdd","","2026-10-04T15:15:43.644Z","0","true","false"
"c-hdd-toshiba-p300-6tb","Toshiba P300 6TB","hdd","false","category-silhouette","/assets/models/silhouette-hdd.glb","","https://storage.toshiba.com/consumer-hdd","","2026-10-04T15:15:44.850Z","0","true","false"
"c-hdd-toshiba-s300-pro-10tb","Toshiba S300 Pro 10TB","hdd","false","category-silhouette","/assets/models/silhouette-hdd.glb","","https://storage.toshiba.com/consumer-hdd","","2026-10-04T15:15:45.942Z","0","true","false"
"c-hdd-toshiba-mg10-22tb","Toshiba MG10 22TB","hdd","false","category-silhouette","/assets/models/silhouette-hdd.glb","","https://storage.toshiba.com/consumer-hdd","","2026-10-04T15:15:46.890Z","0","true","false"
"c-psu-corsair-ax1600i","CORSAIR AX1600i","psu","false","category-silhouette","/assets/models/silhouette-psu-atx.glb","","https://www.corsair.com/us/en/c/psu","","2026-10-04T15:15:47.830Z","0","true","false"
"c-psu-corsair-hx1500i","CORSAIR HX1500i","psu","false","category-silhouette","/assets/models/silhouette-psu-atx.glb","","https://www.corsair.com/us/en/c/psu","","2026-10-04T15:15:48.812Z","0","true","false"
"c-psu-corsair-hx1200i","CORSAIR HX1200i","psu","false","category-silhouette","/assets/models/silhouette-psu-atx.glb","","https://www.corsair.com/us/en/c/psu","","2026-10-04T15:15:50.005Z","0","true","false"
"c-psu-corsair-rm1200x-shift","CORSAIR RM1200x SHIFT","psu","false","category-silhouette","/assets/models/silhouette-psu-atx.glb","","https://www.corsair.com/us/en/c/psu","","2026-10-04T15:15:51.075Z","0","true","false"
"c-psu-corsair-rm1000x-shift","CORSAIR RM1000x SHIFT","psu","false","category-silhouette","/assets/models/silhouette-psu-atx.glb","","https://www.corsair.com/us/en/c/psu","","2026-10-04T15:15:52.025Z","0","true","false"
"c-psu-corsair-rm850x-shift","CORSAIR RM850x SHIFT","psu","false","category-silhouette","/assets/models/silhouette-psu-atx.glb","","https://www.corsair.com/us/en/c/psu","","2026-10-04T15:15:52.997Z","0","true","false"
"c-psu-corsair-rm750x-shift","CORSAIR RM750x SHIFT","psu","false","category-silhouette","/assets/models/silhouette-psu-atx.glb","","https://www.corsair.com/us/en/c/psu","","2026-10-04T15:15:54.106Z","0","true","false"
"c-psu-corsair-sf1000","CORSAIR SF1000","psu","false","category-silhouette","/assets/models/silhouette-psu-atx.glb","","https://www.corsair.com/us/en/c/psu","","2026-10-04T15:15:55.198Z","0","true","false"
"c-psu-corsair-sf850","CORSAIR SF850","psu","false","category-silhouette","/assets/models/silhouette-psu-atx.glb","","https://www.corsair.com/us/en/c/psu","","2026-10-04T15:15:56.143Z","0","true","false"
"c-psu-corsair-sf750","CORSAIR SF750","psu","false","category-silhouette","/assets/models/silhouette-psu-atx.glb","","https://www.corsair.com/us/en/c/psu","","2026-10-04T15:15:57.077Z","0","true","false"
"c-psu-seasonic-prime-tx-1600-noctua-edition","Seasonic PRIME TX-1600 Noctua Edition","psu","false","category-silhouette","/assets/models/silhouette-psu-atx.glb","","https://seasonic.com/power-supplies/","","2026-10-04T15:15:58.173Z","0","true","false"
"c-psu-seasonic-prime-tx-1300","Seasonic PRIME TX-1300","psu","false","category-silhouette","/assets/models/silhouette-psu-atx.glb","","https://seasonic.com/power-supplies/","","2026-10-04T15:15:59.236Z","0","true","false"
"c-psu-seasonic-prime-px-1600","Seasonic PRIME PX-1600","psu","false","category-silhouette","/assets/models/silhouette-psu-atx.glb","","https://seasonic.com/power-supplies/","","2026-10-04T15:16:00.157Z","0","true","false"
"c-psu-seasonic-vertex-px-1200","Seasonic VERTEX PX-1200","psu","false","category-silhouette","/assets/models/silhouette-psu-atx.glb","","https://seasonic.com/power-supplies/","","2026-10-04T15:16:01.109Z","0","true","false"
"c-psu-seasonic-vertex-gx-1000","Seasonic VERTEX GX-1000","psu","false","category-silhouette","/assets/models/silhouette-psu-atx.glb","","https://seasonic.com/power-supplies/","","2026-10-04T15:16:02.210Z","0","true","false"
"c-psu-seasonic-vertex-gx-850","Seasonic VERTEX GX-850","psu","false","category-silhouette","/assets/models/silhouette-psu-atx.glb","","https://seasonic.com/power-supplies/","","2026-10-04T15:16:03.327Z","0","true","false"
"c-psu-seasonic-focus-gx-1000","Seasonic FOCUS GX-1000","psu","false","category-silhouette","/assets/models/silhouette-psu-atx.glb","","https://seasonic.com/power-supplies/","","2026-10-04T15:16:04.522Z","0","true","false"
"c-psu-seasonic-focus-gx-850","Seasonic FOCUS GX-850","psu","false","category-silhouette","/assets/models/silhouette-psu-atx.glb","","https://seasonic.com/power-supplies/","","2026-10-04T15:16:05.574Z","0","true","false"
"c-psu-seasonic-focus-gx-750","Seasonic FOCUS GX-750","psu","false","category-silhouette","/assets/models/silhouette-psu-atx.glb","","https://seasonic.com/power-supplies/","","2026-10-04T15:16:06.533Z","0","true","false"
"c-psu-seasonic-core-gx-650","Seasonic CORE GX-650","psu","false","category-silhouette","/assets/models/silhouette-psu-atx.glb","","https://seasonic.com/power-supplies/","","2026-10-04T15:16:07.484Z","0","true","false"
"c-psu-evga-supernova-1600-p","EVGA SuperNOVA 1600 P+","psu","false","category-silhouette","/assets/models/silhouette-psu-atx.glb","","https://www.evga.com/products/productlist.aspx?type=10","","2026-10-04T15:16:08.471Z","0","true","false"
"c-psu-evga-supernova-1300-g","EVGA SuperNOVA 1300 G+","psu","false","category-silhouette","/assets/models/silhouette-psu-atx.glb","","https://www.evga.com/products/productlist.aspx?type=10","","2026-10-04T15:16:09.401Z","0","true","false"
"c-psu-evga-supernova-1000-g7","EVGA SuperNOVA 1000 G7","psu","false","category-silhouette","/assets/models/silhouette-psu-atx.glb","","https://www.evga.com/products/productlist.aspx?type=10","","2026-10-04T15:16:10.387Z","0","true","false"
"c-psu-evga-supernova-850-g7","EVGA SuperNOVA 850 G7","psu","false","category-silhouette","/assets/models/silhouette-psu-atx.glb","","https://www.evga.com/products/productlist.aspx?type=10","","2026-10-04T15:16:11.325Z","0","true","false"
"c-psu-evga-supernova-750-g7","EVGA SuperNOVA 750 G7","psu","false","category-silhouette","/assets/models/silhouette-psu-atx.glb","","https://www.evga.com/products/productlist.aspx?type=10","","2026-10-04T15:16:12.243Z","0","true","false"
"c-psu-evga-supernova-650-g6","EVGA SuperNOVA 650 G6","psu","false","category-silhouette","/assets/models/silhouette-psu-atx.glb","","https://www.evga.com/products/productlist.aspx?type=10","","2026-10-04T15:16:13.181Z","0","true","false"
"c-psu-evga-600-br","EVGA 600 BR","psu","false","category-silhouette","/assets/models/silhouette-psu-atx.glb","","https://www.evga.com/products/productlist.aspx?type=10","","2026-10-04T15:16:14.158Z","0","true","false"
"c-psu-evga-500-w1","EVGA 500 W1","psu","false","category-silhouette","/assets/models/silhouette-psu-atx.glb","","https://www.evga.com/products/productlist.aspx?type=10","","2026-10-04T15:16:15.216Z","0","true","false"
"c-psu-be-quiet-dark-power-pro-13-1600w","be quiet! Dark Power Pro 13 1600W","psu","false","category-silhouette","/assets/models/silhouette-psu-atx.glb","","https://www.bequiet.com/en/powersupply","","2026-10-04T15:16:16.145Z","0","true","false"
"c-psu-be-quiet-dark-power-13-1000w","be quiet! Dark Power 13 1000W","psu","false","category-silhouette","/assets/models/silhouette-psu-atx.glb","","https://www.bequiet.com/en/powersupply","","2026-10-04T15:16:17.079Z","0","true","false"
"c-psu-be-quiet-straight-power-12-1200w","be quiet! Straight Power 12 1200W","psu","false","category-silhouette","/assets/models/silhouette-psu-atx.glb","","https://www.bequiet.com/en/powersupply","","2026-10-04T15:16:18.063Z","0","true","false"
"c-psu-be-quiet-straight-power-12-850w","be quiet! Straight Power 12 850W","psu","false","category-silhouette","/assets/models/silhouette-psu-atx.glb","","https://www.bequiet.com/en/powersupply","","2026-10-04T15:16:19.022Z","0","true","false"
"c-psu-be-quiet-pure-power-12-m-1000w","be quiet! Pure Power 12 M 1000W","psu","false","category-silhouette","/assets/models/silhouette-psu-atx.glb","","https://www.bequiet.com/en/powersupply","","2026-10-04T15:16:19.951Z","0","true","false"
"c-psu-be-quiet-pure-power-12-m-750w","be quiet! Pure Power 12 M 750W","psu","false","category-silhouette","/assets/models/silhouette-psu-atx.glb","","https://www.bequiet.com/en/powersupply","","2026-10-04T15:16:20.920Z","0","true","false"
"c-psu-be-quiet-system-power-10-650w","be quiet! System Power 10 650W","psu","false","category-silhouette","/assets/models/silhouette-psu-atx.glb","","https://www.bequiet.com/en/powersupply","","2026-10-04T15:16:21.988Z","0","true","false"
"c-psu-cooler-master-x-silent-edge-platinum-1100","Cooler Master X Silent Edge Platinum 1100","psu","false","category-silhouette","/assets/models/silhouette-psu-atx.glb","","https://www.coolermaster.com/en-global/catalog/power-supplies/","","2026-10-04T15:16:23.073Z","0","true","false"
"c-psu-cooler-master-v-platinum-v2-1300","Cooler Master V Platinum V2 1300","psu","false","category-silhouette","/assets/models/silhouette-psu-atx.glb","","https://www.coolermaster.com/en-global/catalog/power-supplies/","","2026-10-04T15:16:24.212Z","0","true","false"
"c-psu-cooler-master-v-gold-i-multi-1050","Cooler Master V Gold i Multi 1050","psu","false","category-silhouette","/assets/models/silhouette-psu-atx.glb","","https://www.coolermaster.com/en-global/catalog/power-supplies/","","2026-10-04T15:16:25.293Z","0","true","false"
"c-psu-cooler-master-mwe-gold-1050-v2","Cooler Master MWE Gold 1050 V2","psu","false","category-silhouette","/assets/models/silhouette-psu-atx.glb","","https://www.coolermaster.com/en-global/catalog/power-supplies/","","2026-10-04T15:16:26.221Z","0","true","false"
"c-psu-cooler-master-gx-iii-gold-850","Cooler Master GX III Gold 850","psu","false","category-silhouette","/assets/models/silhouette-psu-atx.glb","","https://www.coolermaster.com/en-global/catalog/power-supplies/","","2026-10-04T15:16:27.285Z","0","true","false"
"c-psu-cooler-master-v-sfx-platinum-1100","Cooler Master V SFX Platinum 1100","psu","false","category-silhouette","/assets/models/silhouette-psu-sfx.glb","","https://www.coolermaster.com/en-global/catalog/power-supplies/","","2026-10-04T15:16:28.231Z","0","true","false"
"c-psu-cooler-master-v-sfx-gold-850","Cooler Master V SFX Gold 850","psu","false","category-silhouette","/assets/models/silhouette-psu-sfx.glb","","https://www.coolermaster.com/en-global/catalog/power-supplies/","","2026-10-04T15:16:29.166Z","0","true","false"
"c-case-phanteks-enthoo-elite","Phanteks Enthoo Elite","case","false","category-silhouette","/assets/models/silhouette-case.glb","","https://phanteks.com/collections/cases","","2026-10-04T15:16:30.216Z","0","true","false"
"c-case-phanteks-enthoo-pro-2","Phanteks Enthoo Pro 2","case","false","category-silhouette","/assets/models/silhouette-case.glb","","https://phanteks.com/collections/cases","","2026-10-04T15:16:31.150Z","0","true","false"
"c-case-phanteks-evolv-x","Phanteks Evolv X","case","false","category-silhouette","/assets/models/silhouette-case.glb","","https://phanteks.com/collections/cases","","2026-10-04T15:16:32.319Z","1","true","false"
"c-case-phanteks-nv9","Phanteks NV9","case","false","category-silhouette","/assets/models/silhouette-case.glb","","https://phanteks.com/collections/cases","","2026-10-04T15:16:33.275Z","0","true","false"
"c-case-phanteks-nv7","Phanteks NV7","case","false","category-silhouette","/assets/models/silhouette-case.glb","","https://phanteks.com/collections/cases","","2026-10-04T15:16:34.231Z","0","true","false"
"c-case-phanteks-nv5","Phanteks NV5","case","false","category-silhouette","/assets/models/silhouette-case.glb","","https://phanteks.com/collections/cases","","2026-10-04T15:16:35.470Z","0","true","false"
"c-case-phanteks-eclipse-g500a","Phanteks Eclipse G500A","case","false","category-silhouette","/assets/models/silhouette-case.glb","","https://phanteks.com/collections/cases","","2026-10-04T15:16:36.533Z","0","true","false"
"c-case-phanteks-eclipse-g360a","Phanteks Eclipse G360A","case","false","category-silhouette","/assets/models/silhouette-case.glb","","https://phanteks.com/collections/cases","","2026-10-04T15:16:37.590Z","0","true","false"
"c-case-phanteks-xt-pro-ultra","Phanteks XT Pro Ultra","case","false","category-silhouette","/assets/models/silhouette-case.glb","","https://phanteks.com/collections/cases","","2026-10-04T15:16:38.661Z","0","true","false"
"c-case-phanteks-evolv-shift-xt","Phanteks Evolv Shift XT","case","false","category-silhouette","/assets/models/silhouette-case.glb","","https://phanteks.com/collections/cases","","2026-10-04T15:16:39.756Z","0","true","false"
"c-case-cooler-master-cosmos-c700m","Cooler Master Cosmos C700M","case","false","category-silhouette","/assets/models/silhouette-case.glb","","https://www.coolermaster.com/en-global/catalog/cases/","","2026-10-04T15:16:40.699Z","0","true","false"
"c-case-cooler-master-haf-700-evo","Cooler Master HAF 700 EVO","case","false","category-silhouette","/assets/models/silhouette-case.glb","","https://www.coolermaster.com/en-global/catalog/cases/","","2026-10-04T15:16:41.660Z","0","true","false"
"c-case-cooler-master-haf-500","Cooler Master HAF 500","case","false","category-silhouette","/assets/models/silhouette-case.glb","","https://www.coolermaster.com/en-global/catalog/cases/","","2026-10-04T15:16:42.624Z","0","true","false"
"c-case-cooler-master-masterbox-td500-mesh-v2","Cooler Master MasterBox TD500 Mesh V2","case","false","category-silhouette","/assets/models/silhouette-case.glb","","https://www.coolermaster.com/en-global/catalog/cases/","","2026-10-04T15:16:43.561Z","0","true","false"
"c-case-cooler-master-masterbox-nr600","Cooler Master MasterBox NR600","case","false","category-silhouette","/assets/models/silhouette-case.glb","","https://www.coolermaster.com/en-global/catalog/cases/","","2026-10-04T15:16:44.493Z","0","true","false"
"c-case-cooler-master-masterbox-q300l","Cooler Master MasterBox Q300L","case","false","category-silhouette","/assets/models/silhouette-case.glb","","https://www.coolermaster.com/en-global/catalog/cases/","","2026-10-04T15:16:45.479Z","0","true","false"
"c-case-cooler-master-nr200p-v2","Cooler Master NR200P V2","case","false","category-silhouette","/assets/models/silhouette-case.glb","","https://www.coolermaster.com/en-global/catalog/cases/","","2026-10-04T15:16:46.615Z","0","true","false"
"c-case-cooler-master-ncore-100-max","Cooler Master NCORE 100 MAX","case","false","category-silhouette","/assets/models/silhouette-case.glb","","https://www.coolermaster.com/en-global/catalog/cases/","","2026-10-04T15:16:47.556Z","0","true","false"
"c-case-be-quiet-dark-base-pro-901","be quiet! Dark Base Pro 901","case","false","category-silhouette","/assets/models/silhouette-case.glb","","https://www.bequiet.com/en/case","","2026-10-04T15:16:48.625Z","0","true","false"
"c-case-be-quiet-dark-base-701","be quiet! Dark Base 701","case","false","category-silhouette","/assets/models/silhouette-case.glb","","https://www.bequiet.com/en/case","","2026-10-04T15:16:49.688Z","0","true","false"
"c-case-be-quiet-light-base-900-fx","be quiet! Light Base 900 FX","case","false","category-silhouette","/assets/models/silhouette-case.glb","","https://www.bequiet.com/en/case","","2026-10-04T15:16:50.812Z","0","true","false"
"c-case-be-quiet-light-base-600-lx","be quiet! Light Base 600 LX","case","false","category-silhouette","/assets/models/silhouette-case.glb","","https://www.bequiet.com/en/case","","2026-10-04T15:16:51.903Z","0","true","false"
"c-case-be-quiet-shadow-base-800-fx","be quiet! Shadow Base 800 FX","case","false","category-silhouette","/assets/models/silhouette-case.glb","","https://www.bequiet.com/en/case","","2026-10-04T15:16:53.174Z","0","true","false"
"c-case-be-quiet-pure-base-500dx","be quiet! Pure Base 500DX","case","false","category-silhouette","/assets/models/silhouette-case.glb","","https://www.bequiet.com/en/case","","2026-10-04T15:16:54.114Z","0","true","false"
"c-case-be-quiet-pure-base-501-airflow","be quiet! Pure Base 501 Airflow","case","false","category-silhouette","/assets/models/silhouette-case.glb","","https://www.bequiet.com/en/case","","2026-10-04T15:16:55.051Z","0","true","false"
"c-case-hyte-y70-touch-infinite","HYTE Y70 Touch Infinite","case","false","category-silhouette","/assets/models/silhouette-case.glb","","https://hyte.com/store/pc-cases","","2026-10-04T15:16:55.969Z","0","true","false"
"c-case-hyte-y70","HYTE Y70","case","false","category-silhouette","/assets/models/silhouette-case.glb","","https://hyte.com/store/pc-cases","","2026-10-04T15:16:56.893Z","0","true","false"
"c-case-hyte-y60","HYTE Y60","case","false","category-silhouette","/assets/models/silhouette-case.glb","","https://hyte.com/store/pc-cases","","2026-10-04T15:16:57.816Z","0","true","false"
"c-case-hyte-y40","HYTE Y40","case","false","category-silhouette","/assets/models/silhouette-case.glb","","https://hyte.com/store/pc-cases","","2026-10-04T15:16:58.769Z","0","true","false"
"c-case-hyte-revolt-3","HYTE Revolt 3","case","false","category-silhouette","/assets/models/silhouette-case.glb","","https://hyte.com/store/pc-cases","","2026-10-04T15:16:59.717Z","0","true","false"
"c-case-thermaltake-the-tower-900","Thermaltake The Tower 900","case","false","category-silhouette","/assets/models/silhouette-case.glb","","https://thermaltakeusa.com/collections/chassis","","2026-10-04T15:17:00.755Z","0","true","false"
"c-case-thermaltake-the-tower-600","Thermaltake The Tower 600","case","false","category-silhouette","/assets/models/silhouette-case.glb","","https://thermaltakeusa.com/collections/chassis","","2026-10-04T15:17:01.852Z","0","true","false"
"c-case-thermaltake-the-tower-300","Thermaltake The Tower 300","case","false","category-silhouette","/assets/models/silhouette-case.glb","","https://thermaltakeusa.com/collections/chassis","","2026-10-04T15:17:02.831Z","0","true","false"
"c-case-thermaltake-cte-c750-air","Thermaltake CTE C750 Air","case","false","category-silhouette","/assets/models/silhouette-case.glb","","https://thermaltakeusa.com/collections/chassis","","2026-10-04T15:17:03.771Z","0","true","false"
"c-case-thermaltake-core-p8-tg","Thermaltake Core P8 TG","case","false","category-silhouette","/assets/models/silhouette-case.glb","","https://thermaltakeusa.com/collections/chassis","","2026-10-04T15:17:04.845Z","0","true","false"
"c-case-thermaltake-view-380-tg-argb","Thermaltake View 380 TG ARGB","case","false","category-silhouette","/assets/models/silhouette-case.glb","","https://thermaltakeusa.com/collections/chassis","","2026-10-04T15:17:05.968Z","0","true","false"
"c-case-thermaltake-s100-tg","Thermaltake S100 TG","case","false","category-silhouette","/assets/models/silhouette-case.glb","","https://thermaltakeusa.com/collections/chassis","","2026-10-04T15:17:06.926Z","0","true","false"
"c-case-thermaltake-core-v1","Thermaltake Core V1","case","false","category-silhouette","/assets/models/silhouette-case.glb","","https://thermaltakeusa.com/collections/chassis","","2026-10-04T15:17:07.852Z","0","true","false"
"c-board-supermicro-x13dei-t","Supermicro X13DEI-T","board","false","category-silhouette","/assets/models/silhouette-board-atx.glb","","https://www.supermicro.com/QuickRefs/motherboard/X13/QRG-2509.pdf","","2026-10-04T15:17:08.788Z","0","true","false"
"c-cpu-intel-xeon-gold-6430","Intel Xeon Gold 6430","cpu","false","category-silhouette","/assets/models/silhouette-cpu.glb","","https://www.intel.com/content/www/us/en/products/sku/231737/intel-xeon-gold-6430-processor-60m-cache-2-10-ghz/specifications.html","","2026-10-04T15:17:09.737Z","0","true","false"
"c-cpu-intel-xeon-gold-6454s","Intel Xeon Gold 6454S","cpu","false","category-silhouette","/assets/models/silhouette-cpu.glb","","https://www.intel.com/content/www/us/en/products/sku/231733/intel-xeon-gold-6454s-processor-60m-cache-2-20-ghz/specifications.html","","2026-10-04T15:17:10.671Z","0","true","false"
"c-cpu-intel-xeon-gold-6448y","Intel Xeon Gold 6448Y","cpu","false","category-silhouette","/assets/models/silhouette-cpu.glb","","https://www.intel.com/content/www/us/en/ark/products/series/228622/4th-gen-intel-xeon-scalable-processors.html","","2026-10-04T15:17:11.602Z","0","true","false"
"c-cpu-intel-xeon-platinum-8468","Intel Xeon Platinum 8468","cpu","false","category-silhouette","/assets/models/silhouette-cpu.glb","","https://www.intel.com/content/www/us/en/products/sku/231735/intel-xeon-platinum-8468-processor-105m-cache-2-10-ghz/specifications.html","","2026-10-04T15:17:12.674Z","0","true","false"
"c-cpu-intel-xeon-platinum-8470","Intel Xeon Platinum 8470","cpu","false","category-silhouette","/assets/models/silhouette-cpu.glb","","https://www.intel.com/content/www/us/en/ark/products/series/228622/4th-gen-intel-xeon-scalable-processors.html","","2026-10-04T15:17:13.644Z","0","true","false"
"c-cpu-intel-xeon-platinum-8480","Intel Xeon Platinum 8480+","cpu","false","category-silhouette","/assets/models/silhouette-cpu.glb","","https://www.intel.com/content/www/us/en/products/sku/231746/intel-xeon-platinum-8480-processor-105m-cache-2-00-ghz/specifications.html","","2026-10-04T15:17:14.576Z","0","true","false"
"c-cpu-intel-xeon-platinum-8490h","Intel Xeon Platinum 8490H","cpu","false","category-silhouette","/assets/models/silhouette-cpu.glb","","https://www.intel.com/content/www/us/en/ark/products/series/228622/4th-gen-intel-xeon-scalable-processors.html","","2026-10-04T15:17:15.657Z","0","true","false"
"c-cpu-amd-epyc-9754","AMD EPYC 9754","cpu","false","category-silhouette","/assets/models/silhouette-cpu.glb","","https://www.amd.com/en/products/processors/server/epyc/4th-generation-9004-and-8004-series/amd-epyc-9754.html","","2026-10-04T15:17:16.615Z","0","true","false"
"c-cpu-amd-epyc-9734","AMD EPYC 9734","cpu","false","category-silhouette","/assets/models/silhouette-cpu.glb","","https://www.amd.com/en/products/processors/server/epyc/4th-generation-9004-and-8004-series.html","","2026-10-04T15:17:17.555Z","0","true","false"
"c-cpu-amd-epyc-9654","AMD EPYC 9654","cpu","false","category-silhouette","/assets/models/silhouette-cpu.glb","","https://www.amd.com/en/products/processors/server/epyc/4th-generation-9004-and-8004-series/amd-epyc-9654.html","","2026-10-04T15:17:18.509Z","0","true","false"
"c-cpu-amd-epyc-9634","AMD EPYC 9634","cpu","false","category-silhouette","/assets/models/silhouette-cpu.glb","","https://www.amd.com/en/products/processors/server/epyc/4th-generation-9004-and-8004-series.html","","2026-10-04T15:17:19.490Z","0","true","false"
"c-cpu-amd-epyc-9554","AMD EPYC 9554","cpu","false","category-silhouette","/assets/models/silhouette-cpu.glb","","https://www.amd.com/content/dam/amd/en/documents/products/epyc/epyc-9004-series-processors-data-sheet.pdf","","2026-10-04T15:17:20.468Z","0","true","false"
"c-cpu-amd-epyc-9454","AMD EPYC 9454","cpu","false","category-silhouette","/assets/models/silhouette-cpu.glb","","https://www.amd.com/content/dam/amd/en/documents/products/epyc/epyc-9004-series-processors-data-sheet.pdf","","2026-10-04T15:17:21.434Z","0","true","false"
"c-board-gigabyte-mz73-lm0","GIGABYTE MZ73-LM0","board","false","category-silhouette","/assets/models/silhouette-board-atx.glb","","https://www.gigabyte.com/Enterprise/Server-Motherboard/MZ73-LM0-rev-2x","","2026-10-04T15:17:23.084Z","0","true","false"
"c-board-supermicro-h13dsh","Supermicro H13DSH","board","false","category-silhouette","/assets/models/silhouette-board-atx.glb","","https://www.supermicro.com/en/products/motherboard/h13dsh","","2026-10-04T15:17:24.144Z","0","true","false"
"c-board-asus-pro-ws-wrx90e-sage-se","ASUS Pro WS WRX90E-SAGE SE","board","false","category-silhouette","/assets/models/silhouette-board-atx.glb","","https://www.asus.com/us/motherboards-components/motherboards/workstation/pro-ws-wrx90e-sage-se/techspec/","","2026-10-04T15:17:25.226Z","0","true","false"
"c-case-supermicro-4u-workstation-chassis","Supermicro 4U Workstation Chassis","case","false","category-silhouette","/assets/models/silhouette-case.glb","","https://www.supermicro.com/en/products/chassis/4U","","2026-10-04T15:17:26.335Z","0","true","false"
"c-psu-supermicro-1600w-redundant-power-supply","Supermicro 1600W Redundant Power Supply","psu","false","category-silhouette","/assets/models/silhouette-psu-atx.glb","","https://www.supermicro.com/en/products/power-supplies","","2026-10-04T15:17:27.294Z","0","true","false"
"retail-lian-li-uni-fan-tl-120-wireless-black","UNI FAN TL 120 Wireless Black","fan","false","exact-model","/assets/models/retail-lian-li-uni-fan-tl-120-wireless-black.glb","","https://lian-li.com/product/uni-fan-tl-wireless/","","2026-10-04T15:17:28.342Z","0","true","false"
"retail-lian-li-uni-fan-tl-120-wireless-white","UNI FAN TL 120 Wireless White","fan","false","exact-model","/assets/models/retail-lian-li-uni-fan-tl-120-wireless-white.glb","","https://lian-li.com/product/uni-fan-tl-wireless/","","2026-10-04T15:17:29.450Z","0","true","false"
"retail-lian-li-uni-fan-tl-120-reverse-blade-wireless-black","UNI FAN TL 120 Reverse Blade Wireless Black","fan","false","exact-model","/assets/models/retail-lian-li-uni-fan-tl-120-reverse-blade-wireless-black.glb","","https://lian-li.com/product/uni-fan-tl-wireless/","","2026-10-04T15:17:30.539Z","0","true","false"
"retail-lian-li-uni-fan-tl-120-reverse-blade-wireless-white","UNI FAN TL 120 Reverse Blade Wireless White","fan","false","exact-model","/assets/models/retail-lian-li-uni-fan-tl-120-reverse-blade-wireless-white.glb","","https://lian-li.com/product/uni-fan-tl-wireless/","","2026-10-04T15:17:31.484Z","0","true","false"
"retail-lian-li-uni-fan-tl-120-lcd-wireless-black","UNI FAN TL 120 LCD Wireless Black","fan","false","exact-model","/assets/models/retail-lian-li-uni-fan-tl-120-lcd-wireless-black.glb","","https://lian-li.com/product/uni-fan-tl-wireless/","","2026-10-04T15:17:32.491Z","0","true","false"
"retail-lian-li-uni-fan-tl-120-lcd-wireless-white","UNI FAN TL 120 LCD Wireless White","fan","false","exact-model","/assets/models/retail-lian-li-uni-fan-tl-120-lcd-wireless-white.glb","","https://lian-li.com/product/uni-fan-tl-wireless/","","2026-10-04T15:17:33.671Z","0","true","false"
"retail-lian-li-uni-fan-tl-120-lcd-reverse-blade-wireless-black","UNI FAN TL 120 LCD Reverse Blade Wireless Black","fan","false","exact-model","/assets/models/retail-lian-li-uni-fan-tl-120-lcd-reverse-blade-wireless-black.glb","","https://lian-li.com/product/uni-fan-tl-wireless/","","2026-10-04T15:17:34.821Z","0","true","false"
"retail-lian-li-uni-fan-tl-120-lcd-reverse-blade-wireless-white","UNI FAN TL 120 LCD Reverse Blade Wireless White","fan","false","exact-model","/assets/models/retail-lian-li-uni-fan-tl-120-lcd-reverse-blade-wireless-white.glb","","https://lian-li.com/product/uni-fan-tl-wireless/","","2026-10-04T15:17:35.807Z","0","true","false"
"retail-lian-li-uni-fan-tl-140-wireless-black","UNI FAN TL 140 Wireless Black","fan","false","exact-model","/assets/models/retail-lian-li-uni-fan-tl-140-wireless-black.glb","","https://lian-li.com/product/uni-fan-tl-wireless/","","2026-10-04T15:17:36.762Z","0","true","false"
"retail-lian-li-uni-fan-tl-140-wireless-white","UNI FAN TL 140 Wireless White","fan","false","exact-model","/assets/models/retail-lian-li-uni-fan-tl-140-wireless-white.glb","","https://lian-li.com/product/uni-fan-tl-wireless/","","2026-10-04T15:17:37.845Z","0","true","false"
"retail-lian-li-uni-fan-tl-140-reverse-blade-wireless-black","UNI FAN TL 140 Reverse Blade Wireless Black","fan","false","exact-model","/assets/models/retail-lian-li-uni-fan-tl-140-reverse-blade-wireless-black.glb","","https://lian-li.com/product/uni-fan-tl-wireless/","","2026-10-04T15:17:38.800Z","0","true","false"
"retail-lian-li-uni-fan-tl-140-reverse-blade-wireless-white","UNI FAN TL 140 Reverse Blade Wireless White","fan","false","exact-model","/assets/models/retail-lian-li-uni-fan-tl-140-reverse-blade-wireless-white.glb","","https://lian-li.com/product/uni-fan-tl-wireless/","","2026-10-04T15:17:39.794Z","0","true","false"
"retail-lian-li-uni-fan-tl-140-lcd-wireless-black","UNI FAN TL 140 LCD Wireless Black","fan","false","exact-model","/assets/models/retail-lian-li-uni-fan-tl-140-lcd-wireless-black.glb","","https://lian-li.com/product/uni-fan-tl-wireless/","","2026-10-04T15:17:40.782Z","0","true","false"
"retail-lian-li-uni-fan-tl-140-lcd-wireless-white","UNI FAN TL 140 LCD Wireless White","fan","false","exact-model","/assets/models/retail-lian-li-uni-fan-tl-140-lcd-wireless-white.glb","","https://lian-li.com/product/uni-fan-tl-wireless/","","2026-10-04T15:17:41.921Z","0","true","false"
"retail-lian-li-uni-fan-tl-140-lcd-reverse-blade-wireless-black","UNI FAN TL 140 LCD Reverse Blade Wireless Black","fan","false","exact-model","/assets/models/retail-lian-li-uni-fan-tl-140-lcd-reverse-blade-wireless-black.glb","","https://lian-li.com/product/uni-fan-tl-wireless/","","2026-10-04T15:17:42.878Z","0","true","false"
"retail-lian-li-uni-fan-tl-140-lcd-reverse-blade-wireless-white","UNI FAN TL 140 LCD Reverse Blade Wireless White","fan","false","exact-model","/assets/models/retail-lian-li-uni-fan-tl-140-lcd-reverse-blade-wireless-white.glb","","https://lian-li.com/product/uni-fan-tl-wireless/","","2026-10-04T15:17:44.004Z","0","true","false"
"retail-be-quiet-light-wings-120mm-pwm","Light Wings 120mm PWM","fan","false","exact-model","/assets/models/retail-be-quiet-light-wings-120mm-pwm.glb","","https://www.bequiet.com/de/casefans/3450","","2026-10-04T15:17:45.022Z","0","true","false"
"retail-arctic-p14-pro-pst","P14 Pro PST","fan","true","exact-model","/assets/models/arctic-p14-pro.glb","ARCTIC (HK) Ltd.","https://support.arctic.de/p14-pro-pst/docs","ARCTIC manufacturer reference CAD; copyright ARCTIC (HK) Ltd.","2026-10-04T15:17:45.956Z","0","false","false"
"retail-noctua-nf-a14x25-g2-pwm","NF-A14x25 G2 PWM","fan","true","exact-model","/assets/models/noctua-nf-a14x25-g2.glb","Noctua / Rascom Ges.m.b.H.","https://www.noctua.at/en/support/downloads","Noctua public CAD visualization terms","","","false","false"
"retail-arctic-p12-pro-pst","P12 Pro PST","fan","true","exact-model","/assets/models/arctic-p12-pro.glb","ARCTIC (HK) Ltd.","https://support.arctic.de/p12-pro-pst/docs","ARCTIC manufacturer reference CAD; copyright ARCTIC (HK) Ltd.","2026-10-04T15:17:47.068Z","0","false","false"
"retail-arctic-p12-pro-pst-co","P12 Pro PST CO","fan","true","family-or-chip","/assets/models/arctic-p12-pro.glb","ARCTIC (HK) Ltd.","https://support.arctic.de/p12-pro-pst-co/docs","ARCTIC manufacturer reference CAD; copyright ARCTIC (HK) Ltd.","2026-10-04T15:17:48.081Z","0","false","false"
"retail-noctua-nf-a12x25-g2-pwm","NF-A12x25 G2 PWM","fan","true","exact-model","/assets/models/noctua-nf-a12x25-g2.glb","Noctua / Rascom Ges.m.b.H.","https://www.noctua.at/en/support/downloads","Noctua public CAD visualization terms","","","false","false"
"retail-phanteks-t30-120","T30-120","fan","false","exact-model","/assets/models/retail-phanteks-t30-120.glb","","https://phanteks.com/product/t30-120/","","2026-10-04T15:17:49.276Z","8","true","false"
"retail-phanteks-d30-120-black","D30-120 Black","fan","false","exact-model","/assets/models/retail-phanteks-d30-120-black.glb","","https://phanteks.com/product/d30-120-black/","","2026-10-04T15:17:50.265Z","0","true","false"
"retail-corsair-rs120-argb-black","RS120 ARGB Black","fan","false","exact-model","/assets/models/retail-corsair-rs120-argb-black.glb","","https://www.corsair.com/ca/en/p/120mm-fans/co-9050180-ww/rs120-argb-120mm-pwm-fan-co-9050180-ww","","2026-10-04T15:17:51.264Z","0","true","false"
"retail-nzxt-f120-rgb-core-black","F120 RGB Core Black","fan","false","exact-model","/assets/models/retail-nzxt-f120-rgb-core-black.glb","","https://nzxt.com/products/f120-core-rgb-1","","2026-10-04T15:17:52.720Z","0","true","false"
"retail-cooler-master-mobius-120p-argb","Mobius 120P ARGB","fan","false","exact-model","/assets/models/retail-cooler-master-mobius-120p-argb.glb","","https://www.coolermaster.com/en-us/products/mobius-120p-argb.html","","2026-10-04T15:17:53.708Z","0","true","false"
"retail-thermaltake-swafan-ex12-argb-sync","SWAFAN EX12 ARGB Sync","fan","false","exact-model","/assets/models/retail-thermaltake-swafan-ex12-argb-sync.glb","","https://thermaltakeusa.com/products/swafan-ex12-argb-sync-pc-cooling-fan-tt-premium-edition-3-fan-pack-cl-f167-pl12sw-a","","2026-10-04T15:17:54.634Z","0","true","false"
"retail-lian-li-o11-dynamic-mini-black","O11 Dynamic Mini Black","case","false","exact-model","/assets/models/retail-lian-li-o11-dynamic-mini-black.glb","","https://lian-li.com/product/o11-dynamic-mini/","","2026-10-04T15:17:55.614Z","0","true","false"
"retail-lian-li-o11-dynamic-mini-white","O11 Dynamic Mini White","case","false","exact-model","/assets/models/retail-lian-li-o11-dynamic-mini-white.glb","","https://lian-li.com/product/o11-dynamic-mini/","","2026-10-04T15:17:56.582Z","0","true","false"
"retail-lian-li-o11-dynamic-mini-snow","O11 Dynamic Mini Snow","case","false","exact-model","/assets/models/retail-lian-li-o11-dynamic-mini-snow.glb","","https://lian-li.com/product/o11-dynamic-mini/","","2026-10-04T15:17:57.687Z","0","true","false"
"retail-lian-li-o11-air-mini-black","O11 Air Mini Black","case","false","exact-model","/assets/models/retail-lian-li-o11-air-mini-black.glb","","https://lian-li.com/product/o11-air-mini/","","2026-10-04T15:17:58.612Z","0","true","false"
"retail-lian-li-o11-air-mini-white","O11 Air Mini White","case","false","exact-model","/assets/models/retail-lian-li-o11-air-mini-white.glb","","https://lian-li.com/product/o11-air-mini/","","2026-10-04T15:17:59.710Z","0","true","false"
"retail-lian-li-uni-fan-sl120-rgb-black","UNI FAN SL120 RGB Black","fan","true","exact-model","/assets/models/sketchfab-lian-li-sl120-black.glb","DIEKO","https://sketchfab.com/3d-models/lian-li-uni-fan-sl120-rgb-black-5abd0d8e89ea4241b7216f4b6d5a2ca4","CC BY 4.0","","","false","false"
"retail-lian-li-uni-fan-sl120-rgb-white","UNI FAN SL120 RGB White","fan","true","exact-model","/assets/models/sketchfab-lian-li-sl120-white.glb","DIEKO","https://sketchfab.com/3d-models/lian-li-uni-fan-sl120-rgb-white-151c28bb1bc9483a92728815cb0628ea","CC BY 4.0","","","false","false"
"retail-thermaltake-core-p5","Core P5","case","true","exact-model","/assets/models/sketchfab-thermaltake-core-p5.glb","Daniel Cardona","https://sketchfab.com/3d-models/dream-computer-setup-82f78bbaf2d34f01af854a52151dbf49","CC BY 4.0","","","false","false"
"retail-nzxt-h500","H500","case","true","exact-model","/assets/models/sketchfab-nzxt-h500.glb","max.boylen","https://sketchfab.com/3d-models/nzxt-h500-pc-case-e0e3dbab28014eb19a123c1be69d42b3","CC BY 4.0","","","false","false"
"retail-samsung-sm883-960gb","SM883 960GB","ssd","true","family-or-chip","/assets/models/sketchfab-samsung-sm883.glb","PolyDavid","https://sketchfab.com/3d-models/sata-samsung-sm883-ssd-09cd60eca56e45f38ec670fc8f848b6f","CC BY 4.0","","","false","false"
"retail-asus-prime-h510m-k","PRIME H510M-K","board","true","exact-model","/assets/models/sketchfab-asus-h510mk.glb","zhigulinsky","https://sketchfab.com/3d-models/pc-motherboard-asus-prime-h510m-k-f9a6af88120f4a0f81cd4107ce533e3e","CC BY 4.0","","","false","false"
"retail-western-digital-caviar-se-wd800jd-80gb","Caviar SE WD800JD 80GB","hdd","true","exact-model","/assets/models/sketchfab-wd800jd.glb","Giannis Galatsis","https://sketchfab.com/3d-models/hard-drive-sf-e03abb1edf7a42d69f99ae5aa7a852c0","CC BY 4.0","","","false","false"
"retail-samsung-970-evo-2-tb","970 EVO 2 TB","ssd","true","exact-model","/assets/models/sketchfab-samsung-970-evo-2tb.glb","Daniel Cardona","https://sketchfab.com/3d-models/motherboard-components-3bc94057328243d4b341a55f59160f8a","CC BY 4.0","","","false","false"
"retail-msi-geforce-gtx-1650-d6-ventus-xs-ocv1","GeForce GTX 1650 D6 VENTUS XS OCV1","gpu","true","exact-model","/assets/models/sketchfab-msi-gtx1650-ventus-xs-ocv1.glb","ALEKSI","https://sketchfab.com/3d-models/gtx-1650-9feed77d8238467f951bd50aa1a13829","CC BY 4.0","","","false","false"
"retail-msi-geforce-rtx-5070-12g-ventus-3x-oc","GeForce RTX 5070 12G VENTUS 3X OC","gpu","true","exact-model","/assets/models/sketchfab-msi-rtx-5070-ventus-3x-oc.glb","Darky Vip 3D","https://sketchfab.com/3d-models/msi-geforce-rtx-5070-ventus-3x-oc-732fd2bb31404894a220904526d13c03","CC BY 4.0","","","false","false"
"retail-msi-geforce-rtx-5070-12g-gaming-trio-oc","GeForce RTX 5070 12G GAMING TRIO OC","gpu","false","exact-model","/assets/models/retail-msi-geforce-rtx-5070-12g-gaming-trio-oc.glb","","https://www.msi.com/Graphics-Card/GeForce-RTX-5070-12G-GAMING-TRIO-OC/Specification","","2026-10-04T15:18:00.823Z","1","true","false"
"retail-msi-geforce-rtx-5070-ti-16g-ventus-3x-oc","GeForce RTX 5070 Ti 16G VENTUS 3X OC","gpu","false","exact-model","/assets/models/retail-msi-geforce-rtx-5070-ti-16g-ventus-3x-oc.glb","","https://www.msi.com/Graphics-Card/GeForce-RTX-5070-Ti-16G-VENTUS-3X-OC/Specification","","2026-10-04T15:18:01.813Z","0","true","false"
"retail-asus-rog-strix-geforce-rtx-3090-white-oc-edition-24gb","ROG Strix GeForce RTX 3090 White OC Edition 24GB","gpu","true","exact-model","/assets/models/sketchfab-asus-rtx3090-strix-white.glb","Marcseus","https://sketchfab.com/3d-models/rtx-3090-asus-rog-strix-white-edition-videocard-506b1c68d24f4a9088ea0eaef41f7dd9","CC BY 4.0","","","false","false"
"retail-asus-prime-geforce-rtx-5070-oc-edition-12gb","Prime GeForce RTX 5070 OC Edition 12GB","gpu","false","exact-model","/assets/models/retail-asus-prime-geforce-rtx-5070-oc-edition-12gb.glb","","https://www.asus.com/us/motherboards-components/graphics-cards/prime/prime-rtx5070-o12g/techspec/","","2026-10-04T15:18:02.766Z","0","true","false"
"retail-asus-tuf-gaming-geforce-rtx-5070-oc-edition-12gb","TUF Gaming GeForce RTX 5070 OC Edition 12GB","gpu","false","exact-model","/assets/models/retail-asus-tuf-gaming-geforce-rtx-5070-oc-edition-12gb.glb","","https://www.asus.com/us/motherboards-components/graphics-cards/tuf-gaming/tuf-rtx5070-o12g-gaming/techspec/","","2026-10-04T15:18:03.778Z","0","true","false"
"retail-asus-prime-geforce-rtx-5070-ti-oc-edition-16gb","Prime GeForce RTX 5070 Ti OC Edition 16GB","gpu","false","exact-model","/assets/models/retail-asus-prime-geforce-rtx-5070-ti-oc-edition-16gb.glb","","https://www.asus.com/us/motherboards-components/graphics-cards/prime/prime-rtx5070ti-o16g/techspec/","","2026-10-04T15:18:04.819Z","0","true","false"
"retail-asus-tuf-gaming-geforce-rtx-5070-ti-oc-edition-16gb","TUF Gaming GeForce RTX 5070 Ti OC Edition 16GB","gpu","false","exact-model","/assets/models/retail-asus-tuf-gaming-geforce-rtx-5070-ti-oc-edition-16gb.glb","","https://www.asus.com/us/motherboards-components/graphics-cards/tuf-gaming/tuf-rtx5070ti-o16g-gaming/techspec/","","2026-10-04T15:18:05.959Z","0","true","false"
"retail-asus-tuf-gaming-radeon-rx-9070-xt-oc-edition-16gb","TUF Gaming Radeon RX 9070 XT OC Edition 16GB","gpu","false","exact-model","/assets/models/retail-asus-tuf-gaming-radeon-rx-9070-xt-oc-edition-16gb.glb","","https://www.asus.com/us/motherboards-components/graphics-cards/tuf-gaming/tuf-rx9070xt-o16g-gaming/techspec/","","2026-10-04T15:18:06.895Z","0","true","false"
"retail-zotac-gaming-geforce-rtx-5070-solid","GAMING GeForce RTX 5070 SOLID","gpu","false","exact-model","/assets/models/retail-zotac-gaming-geforce-rtx-5070-solid.glb","","https://www.zotac.com/us/product/graphics_card/zotac-gaming-geforce-rtx-5070-solid","","2026-10-04T15:18:07.998Z","0","true","false"
"retail-gigabyte-geforce-rtx-5070-windforce-oc-sff-12g","GeForce RTX 5070 WINDFORCE OC SFF 12G","gpu","false","exact-model","/assets/models/retail-gigabyte-geforce-rtx-5070-windforce-oc-sff-12g.glb","","https://www.gigabyte.com/Graphics-Card/GV-N5070WF3OC-12GD/sp","","2026-10-04T15:18:08.958Z","0","true","false"
"retail-gigabyte-geforce-rtx-5070-ti-windforce-oc-sff-16g","GeForce RTX 5070 Ti WINDFORCE OC SFF 16G","gpu","false","exact-model","/assets/models/retail-gigabyte-geforce-rtx-5070-ti-windforce-oc-sff-16g.glb","","https://www.gigabyte.com/Graphics-Card/GV-N507TWF3OC-16GD/sp","","2026-10-04T15:18:09.907Z","0","true","false"
"retail-asrock-radeon-rx-9070-xt-steel-legend-16gb","Radeon RX 9070 XT Steel Legend 16GB","gpu","false","exact-model","/assets/models/retail-asrock-radeon-rx-9070-xt-steel-legend-16gb.glb","","https://www.asrock.com/Graphics-Card/AMD/Radeon%20RX%209070%20XT%20Steel%20Legend%2016GB/index.us.asp","","2026-10-04T15:18:10.927Z","0","true","false"
"retail-asrock-radeon-rx-9070-xt-taichi-16gb-oc","Radeon RX 9070 XT Taichi 16GB OC","gpu","false","exact-model","/assets/models/retail-asrock-radeon-rx-9070-xt-taichi-16gb-oc.glb","","https://www.asrock.com/Graphics-Card/AMD/Radeon%20RX%209070%20XT%20Taichi%2016GB%20OC/index.asp","","2026-10-04T15:18:11.876Z","0","true","false"
"retail-msi-geforce-rtx-3060-ventus-2x-12g","GeForce RTX 3060 VENTUS 2X 12G","gpu","false","exact-model","/assets/models/retail-msi-geforce-rtx-3060-ventus-2x-12g.glb","","https://www.msi.com/Graphics-Card/GeForce-RTX-3060-VENTUS-2X-12G/Specification","","2026-10-04T15:18:12.822Z","0","true","false"
"retail-msi-geforce-rtx-3060-ventus-2x-12g-oc","GeForce RTX 3060 VENTUS 2X 12G OC","gpu","false","exact-model","/assets/models/retail-msi-geforce-rtx-3060-ventus-2x-12g-oc.glb","","https://www.msi.com/Graphics-Card/GeForce-RTX-3060-VENTUS-2X-12G-OC/Specification","","2026-10-04T15:18:13.930Z","0","true","false"
"retail-msi-geforce-rtx-3060-ventus-2x-8g-oc","GeForce RTX 3060 VENTUS 2X 8G OC","gpu","false","exact-model","/assets/models/retail-msi-geforce-rtx-3060-ventus-2x-8g-oc.glb","","https://www.msi.com/Graphics-Card/GeForce-RTX-3060-VENTUS-2X-8G-OC/Specification","","2026-10-04T15:18:14.876Z","0","true","false"
"retail-msi-geforce-rtx-3060-gaming-x-12g","GeForce RTX 3060 GAMING X 12G","gpu","false","exact-model","/assets/models/retail-msi-geforce-rtx-3060-gaming-x-12g.glb","","https://www.msi.com/Graphics-Card/GeForce-RTX-3060-GAMING-X-12G/Specification","","2026-10-04T15:18:15.990Z","0","true","false"
"retail-msi-geforce-rtx-3060-gaming-x-trio-12g","GeForce RTX 3060 GAMING X TRIO 12G","gpu","false","exact-model","/assets/models/retail-msi-geforce-rtx-3060-gaming-x-trio-12g.glb","","https://www.msi.com/Graphics-Card/GeForce-RTX-3060-GAMING-X-TRIO-12G/Specification","","2026-10-04T15:18:17.137Z","0","true","false"
"retail-asus-dual-geforce-rtx-3060-v2-oc-edition","Dual GeForce RTX 3060 V2 OC Edition","gpu","false","exact-model","/assets/models/retail-asus-dual-geforce-rtx-3060-v2-oc-edition.glb","","https://www.asus.com/us/motherboards-components/graphics-cards/dual/dual-rtx3060-o12g-v2/techspec/","","2026-10-04T15:18:18.106Z","0","true","false"
"retail-zotac-geforce-rtx-3060-twin-edge","GeForce RTX 3060 Twin Edge","gpu","false","exact-model","/assets/models/retail-zotac-geforce-rtx-3060-twin-edge.glb","","https://www.zotac.com/us/product/graphics_card/zotac-gaming-geforce-rtx-3060-twin-edge","","2026-10-04T15:18:19.052Z","0","true","false"
"retail-msi-mpg-x870e-carbon-wifi","MPG X870E CARBON WIFI","board","false","exact-model","/assets/models/retail-msi-mpg-x870e-carbon-wifi.glb","","https://www.msi.com/Motherboard/MPG-X870E-CARBON-WIFI/Specification","","2026-10-04T15:18:20.039Z","0","true","false"
"retail-msi-pro-b650m-a-wifi","PRO B650M-A WIFI","board","false","exact-model","/assets/models/retail-msi-pro-b650m-a-wifi.glb","","https://www.msi.com/Motherboard/PRO-B650M-A-WIFI/Specification","","2026-10-04T15:18:20.972Z","0","true","false"
"retail-msi-mpg-z790-edge-wifi","MPG Z790 EDGE WIFI","board","true","exact-model","/assets/models/sketchfab-msi-z790-edge.glb","cityon360","https://sketchfab.com/3d-models/motherboard-msi-z790-low-poly-7ac2ed91599a4239aba96770a00874ce","CC BY 4.0","","","false","false"
"retail-asus-rog-strix-z370-e-gaming","ROG STRIX Z370-E GAMING","board","true","exact-model","/assets/models/sketchfab-asus-z370-e.glb","Daniel Cardona","https://sketchfab.com/3d-models/dream-computer-setup-82f78bbaf2d34f01af854a52151dbf49","CC BY 4.0","","","false","false"
"retail-samsung-990-evo-plus-1-tb","990 EVO Plus 1 TB","ssd","true","exact-model","/assets/models/sketchfab-samsung-990-evo-plus-1tb.glb","PolyDavid","https://sketchfab.com/3d-models/samsung-990-evo-ssd-e3fc37002c9240e8ac0516dfec08940a","CC BY 4.0","","","false","false"
"retail-western-digital-wd-black-sn7100-1-tb","WD_BLACK SN7100 1 TB","ssd","true","exact-model","/assets/models/sketchfab-wd-sn7100-1tb.glb","PolyDavid","https://sketchfab.com/3d-models/ssd-wd-sn7100-8287dfa4fd644cb4a044d4dce57968ae","CC BY 4.0","","","false","false"
"retail-gigabyte-geforce-rtx-4090-aero-oc-24g","GeForce RTX 4090 AERO OC 24G","gpu","true","exact-model","/assets/models/sketchfab-gigabyte-rtx4090-aero.glb","PolyDavid","https://sketchfab.com/3d-models/gpu-kit-rtx-5090-arc-b580-gigabyte-aero-535139095991416bacce7ac852fdf492","CC BY 4.0","","","false","false"
"retail-sapphire-nitro-radeon-rx-7900-xtx-vapor-x-24gb","NITRO+ Radeon RX 7900 XTX Vapor-X 24GB","gpu","true","exact-model","/assets/models/sketchfab-sapphire7900xtx.glb","PolyDavid","https://sketchfab.com/3d-models/amd-sapphire-nitro-radeon-rx-7900-xtx-34ae089114524c61880235e96b48f7f6","CC BY 4.0","","","false","false"
"retail-seasonic-m12ii-evo-620w","M12II EVO 620W","psu","true","family-or-chip","/assets/models/sketchfab-seasonic-m12ii.glb","mistz-ik","https://sketchfab.com/3d-models/seasonic-m12ii-evo-c1a6f7445f1a4895a944c709162450c1","CC BY 4.0","","","false","false"
"retail-asus-rog-strix-b550-f-gaming-wi-fi","ROG STRIX B550-F GAMING Wi-Fi","board","true","exact-model","/assets/models/sketchfab-asus-b550f-wifi.glb","Vivien Deroche","https://sketchfab.com/3d-models/motherboards-1f048989362d402d80302e2f87e3580e","CC BY 4.0","","","false","false"
"retail-asus-rog-strix-b550-f-gaming","ROG STRIX B550-F GAMING","board","true","exact-model","/assets/models/sketchfab-asus-b550f.glb","MUSHROOM_BUILDS","https://sketchfab.com/3d-models/asus-strix-b-550-f-gaming-motherboard-realistic-3eba5f45bed74fbeb2647de38047000f","CC BY 4.0","","","false","false"
"retail-corsair-dominator-platinum-rgb-64gb-ddr5-5200-cl38-white","DOMINATOR PLATINUM RGB 64GB DDR5-5200 CL38 White","ram","true","family-or-chip","/assets/models/sketchfab-corsair-dominator-ddr5-white.glb","Marcseus","https://sketchfab.com/3d-models/gaming-computer-7cf383ddfe9047f89435b4fc2a6e1053","CC BY 4.0","","","false","false"
"retail-gigabyte-b450m-s2h","B450M S2H","board","true","exact-model","/assets/models/sketchfab-gigabyte-b450m-s2h.glb","Temoor","https://sketchfab.com/3d-models/motherboard-am4-783d063a29424571bfb4c9b7b490b75f","CC BY 4.0","","","false","false"
"retail-asus-maximus-vi-formula","MAXIMUS VI FORMULA","board","true","exact-model","/assets/models/sketchfab-asus-maximus-vi-formula.glb","Vivien Deroche","https://sketchfab.com/3d-models/motherboards-1f048989362d402d80302e2f87e3580e","CC BY 4.0","","","false","false"
"retail-nzxt-n7-z370-black","N7 Z370 Black","board","true","exact-model","/assets/models/sketchfab-nzxt-n7-z370-black.glb","Vivien Deroche","https://sketchfab.com/3d-models/motherboards-1f048989362d402d80302e2f87e3580e","CC BY 4.0","","","false","false"
"retail-asus-rog-maximus-z690-formula","ROG MAXIMUS Z690 FORMULA","board","true","exact-model","/assets/models/sketchfab-asus-z690-formula.glb","Marcseus","https://sketchfab.com/3d-models/gaming-computer-7cf383ddfe9047f89435b4fc2a6e1053","CC BY 4.0","","","false","false"
"retail-lian-li-o11-dynamic-evo-white","O11 Dynamic EVO White","case","true","exact-model","/assets/models/sketchfab-lianli-o11-evo-white.glb","Marcseus","https://sketchfab.com/3d-models/gaming-computer-7cf383ddfe9047f89435b4fc2a6e1053","CC BY 4.0","","","false","false"
"retail-asus-rog-strix-geforce-rtx-4090-white-oc-24gb","ROG Strix GeForce RTX 4090 White OC 24GB","gpu","true","exact-model","/assets/models/sketchfab-asus-rtx4090-muha.glb","Muha","https://sketchfab.com/3d-models/asus-rog-strix-geforce-rtx-4090-oc-edition-689ed7f461a44066a7e08c151000740a","CC BY 4.0","","","false","false"
