"working_title","primary_query","secondary_queries","search_intent","audience","content_type","evergreen_news","demand_evidence","competition","unique_value","data_needed","internal_links","monetization_type","update_frequency","author_reviewer_need","image_video_need","estimated_effort","priority","confidence","research_topic","source_id","status"
"B650 TOMAHAWK lane sharing: choose the right M.2 slot","b650 tomahawk lane sharing choose the right m.2 slot","Motherboard topology evidence; Motherboard topology checklist","resolve a technical question","PC builders, upgraders and technical readers","compatibility","evergreen","Source-backed problem scope: https://us.msi.com/Motherboard/MAG-B650-TOMAHAWK-WIFI/Specification; per-query search demand and volume unmeasured","Manufacturer documentation exists; individual SERP competition not audited.","An exact-model evidence checklist linked to the site’s corresponding tools; no invented test winner.","Motherboard topology original documentation; exact model/region/version; independent tests if claiming measured performance","/hardware/motherboards/; /data/sources/; /editorial-policy/","Contextual article ads after publisher/CMP approval; no tool-interrupting ads","Quarterly and on specification changes","Technical editor verifies exact source scope; measured claims require a qualified tester","Original explanatory diagram or licensed exact imagery; video only after matching creator/title/date","4–12 editorial hours after data access; original testing additional","P1","Documentation relevance: moderate; query demand: unknown; not a volume estimate","Motherboard topology","msi","Scoped candidate; verify query and all exact claims before publishing"
"Why a long PCIe slot can have only two lanes","why a long pcie slot can have only two lanes","Motherboard topology evidence; Motherboard topology checklist","resolve a technical question","PC builders, upgraders and technical readers","compatibility","evergreen","Source-backed problem scope: https://us.msi.com/Motherboard/MAG-B650-TOMAHAWK-WIFI/Specification; per-query search demand and volume unmeasured","Manufacturer documentation exists; individual SERP competition not audited.","An exact-model evidence checklist linked to the site’s corresponding tools; no invented test winner.","Motherboard topology original documentation; exact model/region/version; independent tests if claiming measured performance","/hardware/motherboards/; /data/sources/; /editorial-policy/","Contextual article ads after publisher/CMP approval; no tool-interrupting ads","Quarterly and on specification changes","Technical editor verifies exact source scope; measured claims require a qualified tester","Original explanatory diagram or licensed exact imagery; video only after matching creator/title/date","4–12 editorial hours after data access; original testing additional","P1","Documentation relevance: moderate; query demand: unknown; not a volume estimate","Motherboard topology","msi","Scoped candidate; verify query and all exact claims before publishing"
"Ryzen 8500 and an unavailable M2_2 socket","ryzen 8500 and an unavailable m2_2 socket","Motherboard topology evidence; Motherboard topology checklist","resolve a technical question","PC builders, upgraders and technical readers","compatibility","evergreen","Source-backed problem scope: https://us.msi.com/Motherboard/MAG-B650-TOMAHAWK-WIFI/Specification; per-query search demand and volume unmeasured","Manufacturer documentation exists; individual SERP competition not audited.","An exact-model evidence checklist linked to the site’s corresponding tools; no invented test winner.","Motherboard topology original documentation; exact model/region/version; independent tests if claiming measured performance","/hardware/motherboards/; /data/sources/; /editorial-policy/","Contextual article ads after publisher/CMP approval; no tool-interrupting ads","Quarterly and on specification changes","Technical editor verifies exact source scope; measured claims require a qualified tester","Original explanatory diagram or licensed exact imagery; video only after matching creator/title/date","4–12 editorial hours after data access; original testing additional","P1","Documentation relevance: moderate; query demand: unknown; not a volume estimate","Motherboard topology","msi","Scoped candidate; verify query and all exact claims before publishing"
"Map your existing drives before an M.2 upgrade","map your existing drives before an m.2 upgrade","Motherboard topology evidence; Motherboard topology checklist","resolve a technical question","PC builders, upgraders and technical readers","compatibility","evergreen","Source-backed problem scope: https://us.msi.com/Motherboard/MAG-B650-TOMAHAWK-WIFI/Specification; per-query search demand and volume unmeasured","Manufacturer documentation exists; individual SERP competition not audited.","An exact-model evidence checklist linked to the site’s corresponding tools; no invented test winner.","Motherboard topology original documentation; exact model/region/version; independent tests if claiming measured performance","/hardware/motherboards/; /data/sources/; /editorial-policy/","Contextual article ads after publisher/CMP approval; no tool-interrupting ads","Quarterly and on specification changes","Technical editor verifies exact source scope; measured claims require a qualified tester","Original explanatory diagram or licensed exact imagery; video only after matching creator/title/date","4–12 editorial hours after data access; original testing additional","P2","Documentation relevance: moderate; query demand: unknown; not a volume estimate","Motherboard topology","msi","Scoped candidate; verify query and all exact claims before publishing"
"Capture card and NVMe drive: document the shared link","capture card and nvme drive document the shared link","Motherboard topology evidence; Motherboard topology checklist","resolve a technical question","PC builders, upgraders and technical readers","compatibility","evergreen","Source-backed problem scope: https://us.msi.com/Motherboard/MAG-B650-TOMAHAWK-WIFI/Specification; per-query search demand and volume unmeasured","Manufacturer documentation exists; individual SERP competition not audited.","An exact-model evidence checklist linked to the site’s corresponding tools; no invented test winner.","Motherboard topology original documentation; exact model/region/version; independent tests if claiming measured performance","/hardware/motherboards/; /data/sources/; /editorial-policy/","Contextual article ads after publisher/CMP approval; no tool-interrupting ads","Quarterly and on specification changes","Technical editor verifies exact source scope; measured claims require a qualified tester","Original explanatory diagram or licensed exact imagery; video only after matching creator/title/date","4–12 editorial hours after data access; original testing additional","P2","Documentation relevance: moderate; query demand: unknown; not a volume estimate","Motherboard topology","msi","Scoped candidate; verify query and all exact claims before publishing"
"Motherboard slot labels versus operating-system drive order","motherboard slot labels versus operating-system drive order","Motherboard topology evidence; Motherboard topology checklist","resolve a technical question","PC builders, upgraders and technical readers","compatibility","evergreen","Source-backed problem scope: https://us.msi.com/Motherboard/MAG-B650-TOMAHAWK-WIFI/Specification; per-query search demand and volume unmeasured","Manufacturer documentation exists; individual SERP competition not audited.","An exact-model evidence checklist linked to the site’s corresponding tools; no invented test winner.","Motherboard topology original documentation; exact model/region/version; independent tests if claiming measured performance","/hardware/motherboards/; /data/sources/; /editorial-policy/","Contextual article ads after publisher/CMP approval; no tool-interrupting ads","Quarterly and on specification changes","Technical editor verifies exact source scope; measured claims require a qualified tester","Original explanatory diagram or licensed exact imagery; video only after matching creator/title/date","4–12 editorial hours after data access; original testing additional","P2","Documentation relevance: moderate; query demand: unknown; not a volume estimate","Motherboard topology","msi","Scoped candidate; verify query and all exact claims before publishing"
"What a chipset-connected SSD means for a build record","what a chipset-connected ssd means for a build record","Motherboard topology evidence; Motherboard topology checklist","resolve a technical question","PC builders, upgraders and technical readers","compatibility","evergreen","Source-backed problem scope: https://us.msi.com/Motherboard/MAG-B650-TOMAHAWK-WIFI/Specification; per-query search demand and volume unmeasured","Manufacturer documentation exists; individual SERP competition not audited.","An exact-model evidence checklist linked to the site’s corresponding tools; no invented test winner.","Motherboard topology original documentation; exact model/region/version; independent tests if claiming measured performance","/hardware/motherboards/; /data/sources/; /editorial-policy/","Contextual article ads after publisher/CMP approval; no tool-interrupting ads","Quarterly and on specification changes","Technical editor verifies exact source scope; measured claims require a qualified tester","Original explanatory diagram or licensed exact imagery; video only after matching creator/title/date","4–12 editorial hours after data access; original testing additional","P2","Documentation relevance: moderate; query demand: unknown; not a volume estimate","Motherboard topology","msi","Scoped candidate; verify query and all exact claims before publishing"
"An expansion-card lane requirement checklist","an expansion-card lane requirement checklist","Motherboard topology evidence; Motherboard topology checklist","resolve a technical question","PC builders, upgraders and technical readers","compatibility","evergreen","Source-backed problem scope: https://us.msi.com/Motherboard/MAG-B650-TOMAHAWK-WIFI/Specification; per-query search demand and volume unmeasured","Manufacturer documentation exists; individual SERP competition not audited.","An exact-model evidence checklist linked to the site’s corresponding tools; no invented test winner.","Motherboard topology original documentation; exact model/region/version; independent tests if claiming measured performance","/hardware/motherboards/; /data/sources/; /editorial-policy/","Contextual article ads after publisher/CMP approval; no tool-interrupting ads","Quarterly and on specification changes","Technical editor verifies exact source scope; measured claims require a qualified tester","Original explanatory diagram or licensed exact imagery; video only after matching creator/title/date","4–12 editorial hours after data access; original testing additional","P3","Documentation relevance: moderate; query demand: unknown; not a volume estimate","Motherboard topology","msi","Scoped candidate; verify query and all exact claims before publishing"
"Three M.2 sockets does not mean every CPU enables all three","three m.2 sockets does not mean every cpu enables all three","Motherboard topology evidence; Motherboard topology checklist","resolve a technical question","PC builders, upgraders and technical readers","compatibility","evergreen","Source-backed problem scope: https://us.msi.com/Motherboard/MAG-B650-TOMAHAWK-WIFI/Specification; per-query search demand and volume unmeasured","Manufacturer documentation exists; individual SERP competition not audited.","An exact-model evidence checklist linked to the site’s corresponding tools; no invented test winner.","Motherboard topology original documentation; exact model/region/version; independent tests if claiming measured performance","/hardware/motherboards/; /data/sources/; /editorial-policy/","Contextual article ads after publisher/CMP approval; no tool-interrupting ads","Quarterly and on specification changes","Technical editor verifies exact source scope; measured claims require a qualified tester","Original explanatory diagram or licensed exact imagery; video only after matching creator/title/date","4–12 editorial hours after data access; original testing additional","P3","Documentation relevance: moderate; query demand: unknown; not a volume estimate","Motherboard topology","msi","Scoped candidate; verify query and all exact claims before publishing"
"How to compare two motherboard manuals without guessing","how to compare two motherboard manuals without guessing","Motherboard topology evidence; Motherboard topology checklist","resolve a technical question","PC builders, upgraders and technical readers","compatibility","evergreen","Source-backed problem scope: https://us.msi.com/Motherboard/MAG-B650-TOMAHAWK-WIFI/Specification; per-query search demand and volume unmeasured","Manufacturer documentation exists; individual SERP competition not audited.","An exact-model evidence checklist linked to the site’s corresponding tools; no invented test winner.","Motherboard topology original documentation; exact model/region/version; independent tests if claiming measured performance","/hardware/motherboards/; /data/sources/; /editorial-policy/","Contextual article ads after publisher/CMP approval; no tool-interrupting ads","Quarterly and on specification changes","Technical editor verifies exact source scope; measured claims require a qualified tester","Original explanatory diagram or licensed exact imagery; video only after matching creator/title/date","4–12 editorial hours after data access; original testing additional","P3","Documentation relevance: moderate; query demand: unknown; not a volume estimate","Motherboard topology","msi","Scoped candidate; verify query and all exact claims before publishing"
"A storage-adapter installation evidence sheet","a storage-adapter installation evidence sheet","Motherboard topology evidence; Motherboard topology checklist","resolve a technical question","PC builders, upgraders and technical readers","compatibility","evergreen","Source-backed problem scope: https://us.msi.com/Motherboard/MAG-B650-TOMAHAWK-WIFI/Specification; per-query search demand and volume unmeasured","Manufacturer documentation exists; individual SERP competition not audited.","An exact-model evidence checklist linked to the site’s corresponding tools; no invented test winner.","Motherboard topology original documentation; exact model/region/version; independent tests if claiming measured performance","/hardware/motherboards/; /data/sources/; /editorial-policy/","Contextual article ads after publisher/CMP approval; no tool-interrupting ads","Quarterly and on specification changes","Technical editor verifies exact source scope; measured claims require a qualified tester","Original explanatory diagram or licensed exact imagery; video only after matching creator/title/date","4–12 editorial hours after data access; original testing additional","P3","Documentation relevance: moderate; query demand: unknown; not a volume estimate","Motherboard topology","msi","Scoped candidate; verify query and all exact claims before publishing"
"Motherboard topology changes that deserve a revision note","motherboard topology changes that deserve a revision note","Motherboard topology evidence; Motherboard topology checklist","resolve a technical question","PC builders, upgraders and technical readers","compatibility","evergreen","Source-backed problem scope: https://us.msi.com/Motherboard/MAG-B650-TOMAHAWK-WIFI/Specification; per-query search demand and volume unmeasured","Manufacturer documentation exists; individual SERP competition not audited.","An exact-model evidence checklist linked to the site’s corresponding tools; no invented test winner.","Motherboard topology original documentation; exact model/region/version; independent tests if claiming measured performance","/hardware/motherboards/; /data/sources/; /editorial-policy/","Contextual article ads after publisher/CMP approval; no tool-interrupting ads","Quarterly and on specification changes","Technical editor verifies exact source scope; measured claims require a qualified tester","Original explanatory diagram or licensed exact imagery; video only after matching creator/title/date","4–12 editorial hours after data access; original testing additional","P3","Documentation relevance: moderate; query demand: unknown; not a volume estimate","Motherboard topology","msi","Scoped candidate; verify query and all exact claims before publishing"
"RTX 5060 Ti 8 GB vs 16 GB: capacity is the key difference","rtx 5060 ti 8 gb vs 16 gb capacity is the key difference","Graphics memory evidence; Graphics memory checklist","compare exact alternatives","PC builders, upgraders and technical readers","comparison","evergreen","Source-backed problem scope: https://www.nvidia.com/en-us/geforce/graphics-cards/50-series/rtx-5060-family/; per-query search demand and volume unmeasured","TechPowerUp database is an established reference; full page access blocked. SERP difficulty unmeasured.","An exact-model evidence checklist linked to the site’s corresponding tools; no invented test winner.","Graphics memory original documentation; exact model/region/version; independent tests if claiming measured performance","/hardware/graphics-cards/; /data/sources/; /editorial-policy/","Disclosed retailer link only when exact offer/relationship is verified","Quarterly and on specification changes","Technical editor verifies exact source scope; measured claims require a qualified tester","Original explanatory diagram or licensed exact imagery; video only after matching creator/title/date","4–12 editorial hours after data access; original testing additional","P1","Documentation relevance: moderate; query demand: unknown; not a volume estimate","Graphics memory","n5060","Scoped candidate; verify query and all exact claims before publishing"
"RTX 5060 versus 5060 Ti: do not omit the suffix","rtx 5060 versus 5060 ti do not omit the suffix","Graphics memory evidence; Graphics memory checklist","compare exact alternatives","PC builders, upgraders and technical readers","comparison","evergreen","Source-backed problem scope: https://www.nvidia.com/en-us/geforce/graphics-cards/50-series/rtx-5060-family/; per-query search demand and volume unmeasured","TechPowerUp database is an established reference; full page access blocked. SERP difficulty unmeasured.","An exact-model evidence checklist linked to the site’s corresponding tools; no invented test winner.","Graphics memory original documentation; exact model/region/version; independent tests if claiming measured performance","/hardware/graphics-cards/; /data/sources/; /editorial-policy/","Disclosed retailer link only when exact offer/relationship is verified","Quarterly and on specification changes","Technical editor verifies exact source scope; measured claims require a qualified tester","Original explanatory diagram or licensed exact imagery; video only after matching creator/title/date","4–12 editorial hours after data access; original testing additional","P1","Documentation relevance: moderate; query demand: unknown; not a volume estimate","Graphics memory","n5060","Scoped candidate; verify query and all exact claims before publishing"
"What a 128-bit memory interface does not tell you","what a 128-bit memory interface does not tell you","Graphics memory evidence; Graphics memory checklist","compare exact alternatives","PC builders, upgraders and technical readers","comparison","evergreen","Source-backed problem scope: https://www.nvidia.com/en-us/geforce/graphics-cards/50-series/rtx-5060-family/; per-query search demand and volume unmeasured","TechPowerUp database is an established reference; full page access blocked. SERP difficulty unmeasured.","An exact-model evidence checklist linked to the site’s corresponding tools; no invented test winner.","Graphics memory original documentation; exact model/region/version; independent tests if claiming measured performance","/hardware/graphics-cards/; /data/sources/; /editorial-policy/","Disclosed retailer link only when exact offer/relationship is verified","Quarterly and on specification changes","Technical editor verifies exact source scope; measured claims require a qualified tester","Original explanatory diagram or licensed exact imagery; video only after matching creator/title/date","4–12 editorial hours after data access; original testing additional","P1","Documentation relevance: moderate; query demand: unknown; not a volume estimate","Graphics memory","n5060","Scoped candidate; verify query and all exact claims before publishing"
"VRAM allocated versus VRAM required by a workload","vram allocated versus vram required by a workload","Graphics memory evidence; Graphics memory checklist","compare exact alternatives","PC builders, upgraders and technical readers","comparison","evergreen","Source-backed problem scope: https://www.nvidia.com/en-us/geforce/graphics-cards/50-series/rtx-5060-family/; per-query search demand and volume unmeasured","TechPowerUp database is an established reference; full page access blocked. SERP difficulty unmeasured.","An exact-model evidence checklist linked to the site’s corresponding tools; no invented test winner.","Graphics memory original documentation; exact model/region/version; independent tests if claiming measured performance","/hardware/graphics-cards/; /data/sources/; /editorial-policy/","Disclosed retailer link only when exact offer/relationship is verified","Quarterly and on specification changes","Technical editor verifies exact source scope; measured claims require a qualified tester","Original explanatory diagram or licensed exact imagery; video only after matching creator/title/date","4–12 editorial hours after data access; original testing additional","P2","Documentation relevance: moderate; query demand: unknown; not a volume estimate","Graphics memory","n5060","Scoped candidate; verify query and all exact claims before publishing"
"Why doubling VRAM does not double FPS","why doubling vram does not double fps","Graphics memory evidence; Graphics memory checklist","compare exact alternatives","PC builders, upgraders and technical readers","comparison","evergreen","Source-backed problem scope: https://www.nvidia.com/en-us/geforce/graphics-cards/50-series/rtx-5060-family/; per-query search demand and volume unmeasured","TechPowerUp database is an established reference; full page access blocked. SERP difficulty unmeasured.","An exact-model evidence checklist linked to the site’s corresponding tools; no invented test winner.","Graphics memory original documentation; exact model/region/version; independent tests if claiming measured performance","/hardware/graphics-cards/; /data/sources/; /editorial-policy/","Disclosed retailer link only when exact offer/relationship is verified","Quarterly and on specification changes","Technical editor verifies exact source scope; measured claims require a qualified tester","Original explanatory diagram or licensed exact imagery; video only after matching creator/title/date","4–12 editorial hours after data access; original testing additional","P2","Documentation relevance: moderate; query demand: unknown; not a volume estimate","Graphics memory","n5060","Scoped candidate; verify query and all exact claims before publishing"
"Separate native and generated frames in a GPU comparison","separate native and generated frames in a gpu comparison","Graphics memory evidence; Graphics memory checklist","compare exact alternatives","PC builders, upgraders and technical readers","comparison","evergreen","Source-backed problem scope: https://www.nvidia.com/en-us/geforce/graphics-cards/50-series/rtx-5060-family/; per-query search demand and volume unmeasured","TechPowerUp database is an established reference; full page access blocked. SERP difficulty unmeasured.","An exact-model evidence checklist linked to the site’s corresponding tools; no invented test winner.","Graphics memory original documentation; exact model/region/version; independent tests if claiming measured performance","/hardware/graphics-cards/; /data/sources/; /editorial-policy/","Disclosed retailer link only when exact offer/relationship is verified","Quarterly and on specification changes","Technical editor verifies exact source scope; measured claims require a qualified tester","Original explanatory diagram or licensed exact imagery; video only after matching creator/title/date","4–12 editorial hours after data access; original testing additional","P2","Documentation relevance: moderate; query demand: unknown; not a volume estimate","Graphics memory","n5060","Scoped candidate; verify query and all exact claims before publishing"
"Read the exact memory variant before ordering a card","read the exact memory variant before ordering a card","Graphics memory evidence; Graphics memory checklist","compare exact alternatives","PC builders, upgraders and technical readers","comparison","evergreen","Source-backed problem scope: https://www.nvidia.com/en-us/geforce/graphics-cards/50-series/rtx-5060-family/; per-query search demand and volume unmeasured","TechPowerUp database is an established reference; full page access blocked. SERP difficulty unmeasured.","An exact-model evidence checklist linked to the site’s corresponding tools; no invented test winner.","Graphics memory original documentation; exact model/region/version; independent tests if claiming measured performance","/hardware/graphics-cards/; /data/sources/; /editorial-policy/","Disclosed retailer link only when exact offer/relationship is verified","Quarterly and on specification changes","Technical editor verifies exact source scope; measured claims require a qualified tester","Original explanatory diagram or licensed exact imagery; video only after matching creator/title/date","4–12 editorial hours after data access; original testing additional","P2","Documentation relevance: moderate; query demand: unknown; not a volume estimate","Graphics memory","n5060","Scoped candidate; verify query and all exact claims before publishing"
"Texture-setting differences that invalidate a GPU comparison","texture-setting differences that invalidate a gpu comparison","Graphics memory evidence; Graphics memory checklist","compare exact alternatives","PC builders, upgraders and technical readers","comparison","evergreen","Source-backed problem scope: https://www.nvidia.com/en-us/geforce/graphics-cards/50-series/rtx-5060-family/; per-query search demand and volume unmeasured","TechPowerUp database is an established reference; full page access blocked. SERP difficulty unmeasured.","An exact-model evidence checklist linked to the site’s corresponding tools; no invented test winner.","Graphics memory original documentation; exact model/region/version; independent tests if claiming measured performance","/hardware/graphics-cards/; /data/sources/; /editorial-policy/","Disclosed retailer link only when exact offer/relationship is verified","Quarterly and on specification changes","Technical editor verifies exact source scope; measured claims require a qualified tester","Original explanatory diagram or licensed exact imagery; video only after matching creator/title/date","4–12 editorial hours after data access; original testing additional","P3","Documentation relevance: moderate; query demand: unknown; not a volume estimate","Graphics memory","n5060","Scoped candidate; verify query and all exact claims before publishing"
"Record a game patch in your benchmark notes","record a game patch in your benchmark notes","Graphics memory evidence; Graphics memory checklist","compare exact alternatives","PC builders, upgraders and technical readers","comparison","evergreen","Source-backed problem scope: https://www.nvidia.com/en-us/geforce/graphics-cards/50-series/rtx-5060-family/; per-query search demand and volume unmeasured","TechPowerUp database is an established reference; full page access blocked. SERP difficulty unmeasured.","An exact-model evidence checklist linked to the site’s corresponding tools; no invented test winner.","Graphics memory original documentation; exact model/region/version; independent tests if claiming measured performance","/hardware/graphics-cards/; /data/sources/; /editorial-policy/","Disclosed retailer link only when exact offer/relationship is verified","Quarterly and on specification changes","Technical editor verifies exact source scope; measured claims require a qualified tester","Original explanatory diagram or licensed exact imagery; video only after matching creator/title/date","4–12 editorial hours after data access; original testing additional","P3","Documentation relevance: moderate; query demand: unknown; not a volume estimate","Graphics memory","n5060","Scoped candidate; verify query and all exact claims before publishing"
"Partner-card cooling is not the reference GPU specification","partner-card cooling is not the reference gpu specification","Graphics memory evidence; Graphics memory checklist","compare exact alternatives","PC builders, upgraders and technical readers","comparison","evergreen","Source-backed problem scope: https://www.nvidia.com/en-us/geforce/graphics-cards/50-series/rtx-5060-family/; per-query search demand and volume unmeasured","TechPowerUp database is an established reference; full page access blocked. SERP difficulty unmeasured.","An exact-model evidence checklist linked to the site’s corresponding tools; no invented test winner.","Graphics memory original documentation; exact model/region/version; independent tests if claiming measured performance","/hardware/graphics-cards/; /data/sources/; /editorial-policy/","Disclosed retailer link only when exact offer/relationship is verified","Quarterly and on specification changes","Technical editor verifies exact source scope; measured claims require a qualified tester","Original explanatory diagram or licensed exact imagery; video only after matching creator/title/date","4–12 editorial hours after data access; original testing additional","P3","Documentation relevance: moderate; query demand: unknown; not a volume estimate","Graphics memory","n5060","Scoped candidate; verify query and all exact claims before publishing"
"A graphics-card return-window test checklist","a graphics-card return-window test checklist","Graphics memory evidence; Graphics memory checklist","compare exact alternatives","PC builders, upgraders and technical readers","comparison","evergreen","Source-backed problem scope: https://www.nvidia.com/en-us/geforce/graphics-cards/50-series/rtx-5060-family/; per-query search demand and volume unmeasured","TechPowerUp database is an established reference; full page access blocked. SERP difficulty unmeasured.","An exact-model evidence checklist linked to the site’s corresponding tools; no invented test winner.","Graphics memory original documentation; exact model/region/version; independent tests if claiming measured performance","/hardware/graphics-cards/; /data/sources/; /editorial-policy/","Disclosed retailer link only when exact offer/relationship is verified","Quarterly and on specification changes","Technical editor verifies exact source scope; measured claims require a qualified tester","Original explanatory diagram or licensed exact imagery; video only after matching creator/title/date","4–12 editorial hours after data access; original testing additional","P3","Documentation relevance: moderate; query demand: unknown; not a volume estimate","Graphics memory","n5060","Scoped candidate; verify query and all exact claims before publishing"
"When a missing benchmark should stop a value ranking","when a missing benchmark should stop a value ranking","Graphics memory evidence; Graphics memory checklist","compare exact alternatives","PC builders, upgraders and technical readers","comparison","evergreen","Source-backed problem scope: https://www.nvidia.com/en-us/geforce/graphics-cards/50-series/rtx-5060-family/; per-query search demand and volume unmeasured","TechPowerUp database is an established reference; full page access blocked. SERP difficulty unmeasured.","An exact-model evidence checklist linked to the site’s corresponding tools; no invented test winner.","Graphics memory original documentation; exact model/region/version; independent tests if claiming measured performance","/hardware/graphics-cards/; /data/sources/; /editorial-policy/","Disclosed retailer link only when exact offer/relationship is verified","Quarterly and on specification changes","Technical editor verifies exact source scope; measured claims require a qualified tester","Original explanatory diagram or licensed exact imagery; video only after matching creator/title/date","4–12 editorial hours after data access; original testing additional","P3","Documentation relevance: moderate; query demand: unknown; not a volume estimate","Graphics memory","n5060","Scoped candidate; verify query and all exact claims before publishing"
"A memory profile is an overclocking configuration","a memory profile is an overclocking configuration","Memory compatibility evidence; Memory compatibility checklist","resolve a technical question","PC builders, upgraders and technical readers","compatibility","evergreen","Source-backed problem scope: https://www.amd.com/en/products/processors/technologies/expo.html; per-query search demand and volume unmeasured","Manufacturer documentation exists; individual SERP competition not audited.","An exact-model evidence checklist linked to the site’s corresponding tools; no invented test winner.","Memory compatibility original documentation; exact model/region/version; independent tests if claiming measured performance","/hardware/memory/; /data/sources/; /editorial-policy/","Contextual article ads after publisher/CMP approval; no tool-interrupting ads","Quarterly and on specification changes","Technical editor verifies exact source scope; measured claims require a qualified tester","Original explanatory diagram or licensed exact imagery; video only after matching creator/title/date","4–12 editorial hours after data access; original testing additional","P1","Documentation relevance: moderate; query demand: unknown; not a volume estimate","Memory compatibility","expo","Scoped candidate; verify query and all exact claims before publishing"
"What to record before enabling EXPO","what to record before enabling expo","Memory compatibility evidence; Memory compatibility checklist","resolve a technical question","PC builders, upgraders and technical readers","compatibility","evergreen","Source-backed problem scope: https://www.amd.com/en/products/processors/technologies/expo.html; per-query search demand and volume unmeasured","Manufacturer documentation exists; individual SERP competition not audited.","An exact-model evidence checklist linked to the site’s corresponding tools; no invented test winner.","Memory compatibility original documentation; exact model/region/version; independent tests if claiming measured performance","/hardware/memory/; /data/sources/; /editorial-policy/","Contextual article ads after publisher/CMP approval; no tool-interrupting ads","Quarterly and on specification changes","Technical editor verifies exact source scope; measured claims require a qualified tester","Original explanatory diagram or licensed exact imagery; video only after matching creator/title/date","4–12 editorial hours after data access; original testing additional","P1","Documentation relevance: moderate; query demand: unknown; not a volume estimate","Memory compatibility","expo","Scoped candidate; verify query and all exact claims before publishing"
"A QVL model code is more useful than a kit nickname","a qvl model code is more useful than a kit nickname","Memory compatibility evidence; Memory compatibility checklist","resolve a technical question","PC builders, upgraders and technical readers","compatibility","evergreen","Source-backed problem scope: https://www.amd.com/en/products/processors/technologies/expo.html; per-query search demand and volume unmeasured","Manufacturer documentation exists; individual SERP competition not audited.","An exact-model evidence checklist linked to the site’s corresponding tools; no invented test winner.","Memory compatibility original documentation; exact model/region/version; independent tests if claiming measured performance","/hardware/memory/; /data/sources/; /editorial-policy/","Contextual article ads after publisher/CMP approval; no tool-interrupting ads","Quarterly and on specification changes","Technical editor verifies exact source scope; measured claims require a qualified tester","Original explanatory diagram or licensed exact imagery; video only after matching creator/title/date","4–12 editorial hours after data access; original testing additional","P1","Documentation relevance: moderate; query demand: unknown; not a volume estimate","Memory compatibility","expo","Scoped candidate; verify query and all exact claims before publishing"
"Two separate RAM kits: what evidence must be checked","two separate ram kits what evidence must be checked","Memory compatibility evidence; Memory compatibility checklist","resolve a technical question","PC builders, upgraders and technical readers","compatibility","evergreen","Source-backed problem scope: https://www.amd.com/en/products/processors/technologies/expo.html; per-query search demand and volume unmeasured","Manufacturer documentation exists; individual SERP competition not audited.","An exact-model evidence checklist linked to the site’s corresponding tools; no invented test winner.","Memory compatibility original documentation; exact model/region/version; independent tests if claiming measured performance","/hardware/memory/; /data/sources/; /editorial-policy/","Contextual article ads after publisher/CMP approval; no tool-interrupting ads","Quarterly and on specification changes","Technical editor verifies exact source scope; measured claims require a qualified tester","Original explanatory diagram or licensed exact imagery; video only after matching creator/title/date","4–12 editorial hours after data access; original testing additional","P2","Documentation relevance: moderate; query demand: unknown; not a volume estimate","Memory compatibility","expo","Scoped candidate; verify query and all exact claims before publishing"
"Four-DIMM planning without promising a profile speed","four-dimm planning without promising a profile speed","Memory compatibility evidence; Memory compatibility checklist","resolve a technical question","PC builders, upgraders and technical readers","compatibility","evergreen","Source-backed problem scope: https://www.amd.com/en/products/processors/technologies/expo.html; per-query search demand and volume unmeasured","Manufacturer documentation exists; individual SERP competition not audited.","An exact-model evidence checklist linked to the site’s corresponding tools; no invented test winner.","Memory compatibility original documentation; exact model/region/version; independent tests if claiming measured performance","/hardware/memory/; /data/sources/; /editorial-policy/","Contextual article ads after publisher/CMP approval; no tool-interrupting ads","Quarterly and on specification changes","Technical editor verifies exact source scope; measured claims require a qualified tester","Original explanatory diagram or licensed exact imagery; video only after matching creator/title/date","4–12 editorial hours after data access; original testing additional","P2","Documentation relevance: moderate; query demand: unknown; not a volume estimate","Memory compatibility","expo","Scoped candidate; verify query and all exact claims before publishing"
"Record the fallback memory configuration before testing","record the fallback memory configuration before testing","Memory compatibility evidence; Memory compatibility checklist","resolve a technical question","PC builders, upgraders and technical readers","compatibility","evergreen","Source-backed problem scope: https://www.amd.com/en/products/processors/technologies/expo.html; per-query search demand and volume unmeasured","Manufacturer documentation exists; individual SERP competition not audited.","An exact-model evidence checklist linked to the site’s corresponding tools; no invented test winner.","Memory compatibility original documentation; exact model/region/version; independent tests if claiming measured performance","/hardware/memory/; /data/sources/; /editorial-policy/","Contextual article ads after publisher/CMP approval; no tool-interrupting ads","Quarterly and on specification changes","Technical editor verifies exact source scope; measured claims require a qualified tester","Original explanatory diagram or licensed exact imagery; video only after matching creator/title/date","4–12 editorial hours after data access; original testing additional","P2","Documentation relevance: moderate; query demand: unknown; not a volume estimate","Memory compatibility","expo","Scoped candidate; verify query and all exact claims before publishing"
"Transfer rate and timings belong in the same comparison","transfer rate and timings belong in the same comparison","Memory compatibility evidence; Memory compatibility checklist","resolve a technical question","PC builders, upgraders and technical readers","compatibility","evergreen","Source-backed problem scope: https://www.amd.com/en/products/processors/technologies/expo.html; per-query search demand and volume unmeasured","Manufacturer documentation exists; individual SERP competition not audited.","An exact-model evidence checklist linked to the site’s corresponding tools; no invented test winner.","Memory compatibility original documentation; exact model/region/version; independent tests if claiming measured performance","/hardware/memory/; /data/sources/; /editorial-policy/","Contextual article ads after publisher/CMP approval; no tool-interrupting ads","Quarterly and on specification changes","Technical editor verifies exact source scope; measured claims require a qualified tester","Original explanatory diagram or licensed exact imagery; video only after matching creator/title/date","4–12 editorial hours after data access; original testing additional","P2","Documentation relevance: moderate; query demand: unknown; not a volume estimate","Memory compatibility","expo","Scoped candidate; verify query and all exact claims before publishing"
"Check module capacity against the exact board revision","check module capacity against the exact board revision","Memory compatibility evidence; Memory compatibility checklist","resolve a technical question","PC builders, upgraders and technical readers","compatibility","evergreen","Source-backed problem scope: https://www.amd.com/en/products/processors/technologies/expo.html; per-query search demand and volume unmeasured","Manufacturer documentation exists; individual SERP competition not audited.","An exact-model evidence checklist linked to the site’s corresponding tools; no invented test winner.","Memory compatibility original documentation; exact model/region/version; independent tests if claiming measured performance","/hardware/memory/; /data/sources/; /editorial-policy/","Contextual article ads after publisher/CMP approval; no tool-interrupting ads","Quarterly and on specification changes","Technical editor verifies exact source scope; measured claims require a qualified tester","Original explanatory diagram or licensed exact imagery; video only after matching creator/title/date","4–12 editorial hours after data access; original testing additional","P3","Documentation relevance: moderate; query demand: unknown; not a volume estimate","Memory compatibility","expo","Scoped candidate; verify query and all exact claims before publishing"
"What a stable desktop session does not prove about memory","what a stable desktop session does not prove about memory","Memory compatibility evidence; Memory compatibility checklist","resolve a technical question","PC builders, upgraders and technical readers","compatibility","evergreen","Source-backed problem scope: https://www.amd.com/en/products/processors/technologies/expo.html; per-query search demand and volume unmeasured","Manufacturer documentation exists; individual SERP competition not audited.","An exact-model evidence checklist linked to the site’s corresponding tools; no invented test winner.","Memory compatibility original documentation; exact model/region/version; independent tests if claiming measured performance","/hardware/memory/; /data/sources/; /editorial-policy/","Contextual article ads after publisher/CMP approval; no tool-interrupting ads","Quarterly and on specification changes","Technical editor verifies exact source scope; measured claims require a qualified tester","Original explanatory diagram or licensed exact imagery; video only after matching creator/title/date","4–12 editorial hours after data access; original testing additional","P3","Documentation relevance: moderate; query demand: unknown; not a volume estimate","Memory compatibility","expo","Scoped candidate; verify query and all exact claims before publishing"
"Memory errors after an upgrade: build a reproducible record","memory errors after an upgrade build a reproducible record","Memory compatibility evidence; Memory compatibility checklist","resolve a technical question","PC builders, upgraders and technical readers","compatibility","evergreen","Source-backed problem scope: https://www.amd.com/en/products/processors/technologies/expo.html; per-query search demand and volume unmeasured","Manufacturer documentation exists; individual SERP competition not audited.","An exact-model evidence checklist linked to the site’s corresponding tools; no invented test winner.","Memory compatibility original documentation; exact model/region/version; independent tests if claiming measured performance","/hardware/memory/; /data/sources/; /editorial-policy/","Contextual article ads after publisher/CMP approval; no tool-interrupting ads","Quarterly and on specification changes","Technical editor verifies exact source scope; measured claims require a qualified tester","Original explanatory diagram or licensed exact imagery; video only after matching creator/title/date","4–12 editorial hours after data access; original testing additional","P3","Documentation relevance: moderate; query demand: unknown; not a volume estimate","Memory compatibility","expo","Scoped candidate; verify query and all exact claims before publishing"
"Profile support versus the CPU memory-controller specification","profile support versus the cpu memory-controller specification","Memory compatibility evidence; Memory compatibility checklist","resolve a technical question","PC builders, upgraders and technical readers","compatibility","evergreen","Source-backed problem scope: https://www.amd.com/en/products/processors/technologies/expo.html; per-query search demand and volume unmeasured","Manufacturer documentation exists; individual SERP competition not audited.","An exact-model evidence checklist linked to the site’s corresponding tools; no invented test winner.","Memory compatibility original documentation; exact model/region/version; independent tests if claiming measured performance","/hardware/memory/; /data/sources/; /editorial-policy/","Contextual article ads after publisher/CMP approval; no tool-interrupting ads","Quarterly and on specification changes","Technical editor verifies exact source scope; measured claims require a qualified tester","Original explanatory diagram or licensed exact imagery; video only after matching creator/title/date","4–12 editorial hours after data access; original testing additional","P3","Documentation relevance: moderate; query demand: unknown; not a volume estimate","Memory compatibility","expo","Scoped candidate; verify query and all exact claims before publishing"
"A memory-kit source and revision checklist","a memory-kit source and revision checklist","Memory compatibility evidence; Memory compatibility checklist","resolve a technical question","PC builders, upgraders and technical readers","compatibility","evergreen","Source-backed problem scope: https://www.amd.com/en/products/processors/technologies/expo.html; per-query search demand and volume unmeasured","Manufacturer documentation exists; individual SERP competition not audited.","An exact-model evidence checklist linked to the site’s corresponding tools; no invented test winner.","Memory compatibility original documentation; exact model/region/version; independent tests if claiming measured performance","/hardware/memory/; /data/sources/; /editorial-policy/","Contextual article ads after publisher/CMP approval; no tool-interrupting ads","Quarterly and on specification changes","Technical editor verifies exact source scope; measured claims require a qualified tester","Original explanatory diagram or licensed exact imagery; video only after matching creator/title/date","4–12 editorial hours after data access; original testing additional","P3","Documentation relevance: moderate; query demand: unknown; not a volume estimate","Memory compatibility","expo","Scoped candidate; verify query and all exact claims before publishing"
"Recording storage budget calculator","recording storage budget calculator","Storage planning evidence; Storage planning checklist","interactive planning","PC builders, upgraders and technical readers","tool","evergreen","Source-backed problem scope: https://us.msi.com/Motherboard/MAG-B650-TOMAHAWK-WIFI/Specification; per-query search demand and volume unmeasured","Manufacturer documentation exists; individual SERP competition not audited.","A transparent calculation with editable inputs, unknown-aware validation and method notes.","Storage planning original documentation; exact model/region/version; independent tests if claiming measured performance","/tools/storage-capacity-planner/; /data/sources/; /editorial-policy/","Contextual article ads after publisher/CMP approval; no tool-interrupting ads","Quarterly and on specification changes","Technical editor verifies exact source scope; measured claims require a qualified tester","Original explanatory diagram or licensed exact imagery; video only after matching creator/title/date","1–3 engineering days plus QA","P1","Documentation relevance: moderate; query demand: unknown; not a volume estimate","Storage planning","msi","Scoped candidate; verify query and all exact claims before publishing"
"A game-library budget that includes updates","a game-library budget that includes updates","Storage planning evidence; Storage planning checklist","interactive planning","PC builders, upgraders and technical readers","tool","evergreen","Source-backed problem scope: https://us.msi.com/Motherboard/MAG-B650-TOMAHAWK-WIFI/Specification; per-query search demand and volume unmeasured","Manufacturer documentation exists; individual SERP competition not audited.","A transparent calculation with editable inputs, unknown-aware validation and method notes.","Storage planning original documentation; exact model/region/version; independent tests if claiming measured performance","/tools/storage-capacity-planner/; /data/sources/; /editorial-policy/","Contextual article ads after publisher/CMP approval; no tool-interrupting ads","Quarterly and on specification changes","Technical editor verifies exact source scope; measured claims require a qualified tester","Original explanatory diagram or licensed exact imagery; video only after matching creator/title/date","1–3 engineering days plus QA","P1","Documentation relevance: moderate; query demand: unknown; not a volume estimate","Storage planning","msi","Scoped candidate; verify query and all exact claims before publishing"
"SSD capacity after a manual free-space allowance","ssd capacity after a manual free-space allowance","Storage planning evidence; Storage planning checklist","interactive planning","PC builders, upgraders and technical readers","tool","evergreen","Source-backed problem scope: https://us.msi.com/Motherboard/MAG-B650-TOMAHAWK-WIFI/Specification; per-query search demand and volume unmeasured","Manufacturer documentation exists; individual SERP competition not audited.","A transparent calculation with editable inputs, unknown-aware validation and method notes.","Storage planning original documentation; exact model/region/version; independent tests if claiming measured performance","/tools/storage-capacity-planner/; /data/sources/; /editorial-policy/","Contextual article ads after publisher/CMP approval; no tool-interrupting ads","Quarterly and on specification changes","Technical editor verifies exact source scope; measured claims require a qualified tester","Original explanatory diagram or licensed exact imagery; video only after matching creator/title/date","1–3 engineering days plus QA","P1","Documentation relevance: moderate; query demand: unknown; not a volume estimate","Storage planning","msi","Scoped candidate; verify query and all exact claims before publishing"
"Separate backups from the working-drive budget","separate backups from the working-drive budget","Storage planning evidence; Storage planning checklist","interactive planning","PC builders, upgraders and technical readers","tool","evergreen","Source-backed problem scope: https://us.msi.com/Motherboard/MAG-B650-TOMAHAWK-WIFI/Specification; per-query search demand and volume unmeasured","Manufacturer documentation exists; individual SERP competition not audited.","A transparent calculation with editable inputs, unknown-aware validation and method notes.","Storage planning original documentation; exact model/region/version; independent tests if claiming measured performance","/tools/storage-capacity-planner/; /data/sources/; /editorial-policy/","Contextual article ads after publisher/CMP approval; no tool-interrupting ads","Quarterly and on specification changes","Technical editor verifies exact source scope; measured claims require a qualified tester","Original explanatory diagram or licensed exact imagery; video only after matching creator/title/date","1–3 engineering days plus QA","P2","Documentation relevance: moderate; query demand: unknown; not a volume estimate","Storage planning","msi","Scoped candidate; verify query and all exact claims before publishing"
"Decimal TB and binary GiB on the same worksheet","decimal tb and binary gib on the same worksheet","Storage planning evidence; Storage planning checklist","interactive planning","PC builders, upgraders and technical readers","tool","evergreen","Source-backed problem scope: https://us.msi.com/Motherboard/MAG-B650-TOMAHAWK-WIFI/Specification; per-query search demand and volume unmeasured","Manufacturer documentation exists; individual SERP competition not audited.","A transparent calculation with editable inputs, unknown-aware validation and method notes.","Storage planning original documentation; exact model/region/version; independent tests if claiming measured performance","/tools/storage-capacity-planner/; /data/sources/; /editorial-policy/","Contextual article ads after publisher/CMP approval; no tool-interrupting ads","Quarterly and on specification changes","Technical editor verifies exact source scope; measured claims require a qualified tester","Original explanatory diagram or licensed exact imagery; video only after matching creator/title/date","1–3 engineering days plus QA","P2","Documentation relevance: moderate; query demand: unknown; not a volume estimate","Storage planning","msi","Scoped candidate; verify query and all exact claims before publishing"
"An M.2 drive can fit physically and still use the wrong interface","an m.2 drive can fit physically and still use the wrong interface","Storage planning evidence; Storage planning checklist","interactive planning","PC builders, upgraders and technical readers","tool","evergreen","Source-backed problem scope: https://us.msi.com/Motherboard/MAG-B650-TOMAHAWK-WIFI/Specification; per-query search demand and volume unmeasured","Manufacturer documentation exists; individual SERP competition not audited.","A transparent calculation with editable inputs, unknown-aware validation and method notes.","Storage planning original documentation; exact model/region/version; independent tests if claiming measured performance","/tools/storage-capacity-planner/; /data/sources/; /editorial-policy/","Contextual article ads after publisher/CMP approval; no tool-interrupting ads","Quarterly and on specification changes","Technical editor verifies exact source scope; measured claims require a qualified tester","Original explanatory diagram or licensed exact imagery; video only after matching creator/title/date","1–3 engineering days plus QA","P2","Documentation relevance: moderate; query demand: unknown; not a volume estimate","Storage planning","msi","Scoped candidate; verify query and all exact claims before publishing"
"Record the exact SSD capacity before comparing endurance","record the exact ssd capacity before comparing endurance","Storage planning evidence; Storage planning checklist","interactive planning","PC builders, upgraders and technical readers","tool","evergreen","Source-backed problem scope: https://us.msi.com/Motherboard/MAG-B650-TOMAHAWK-WIFI/Specification; per-query search demand and volume unmeasured","Manufacturer documentation exists; individual SERP competition not audited.","A transparent calculation with editable inputs, unknown-aware validation and method notes.","Storage planning original documentation; exact model/region/version; independent tests if claiming measured performance","/tools/storage-capacity-planner/; /data/sources/; /editorial-policy/","Contextual article ads after publisher/CMP approval; no tool-interrupting ads","Quarterly and on specification changes","Technical editor verifies exact source scope; measured claims require a qualified tester","Original explanatory diagram or licensed exact imagery; video only after matching creator/title/date","1–3 engineering days plus QA","P2","Documentation relevance: moderate; query demand: unknown; not a volume estimate","Storage planning","msi","Scoped candidate; verify query and all exact claims before publishing"
"A drive-temperature observation log without a universal cutoff","a drive-temperature observation log without a universal cutoff","Storage planning evidence; Storage planning checklist","interactive planning","PC builders, upgraders and technical readers","tool","evergreen","Source-backed problem scope: https://us.msi.com/Motherboard/MAG-B650-TOMAHAWK-WIFI/Specification; per-query search demand and volume unmeasured","Manufacturer documentation exists; individual SERP competition not audited.","A transparent calculation with editable inputs, unknown-aware validation and method notes.","Storage planning original documentation; exact model/region/version; independent tests if claiming measured performance","/tools/storage-capacity-planner/; /data/sources/; /editorial-policy/","Contextual article ads after publisher/CMP approval; no tool-interrupting ads","Quarterly and on specification changes","Technical editor verifies exact source scope; measured claims require a qualified tester","Original explanatory diagram or licensed exact imagery; video only after matching creator/title/date","1–3 engineering days plus QA","P3","Documentation relevance: moderate; query demand: unknown; not a volume estimate","Storage planning","msi","Scoped candidate; verify query and all exact claims before publishing"
"Why sequential speed is not a game-loading result","why sequential speed is not a game-loading result","Storage planning evidence; Storage planning checklist","interactive planning","PC builders, upgraders and technical readers","tool","evergreen","Source-backed problem scope: https://us.msi.com/Motherboard/MAG-B650-TOMAHAWK-WIFI/Specification; per-query search demand and volume unmeasured","Manufacturer documentation exists; individual SERP competition not audited.","A transparent calculation with editable inputs, unknown-aware validation and method notes.","Storage planning original documentation; exact model/region/version; independent tests if claiming measured performance","/tools/storage-capacity-planner/; /data/sources/; /editorial-policy/","Contextual article ads after publisher/CMP approval; no tool-interrupting ads","Quarterly and on specification changes","Technical editor verifies exact source scope; measured claims require a qualified tester","Original explanatory diagram or licensed exact imagery; video only after matching creator/title/date","1–3 engineering days plus QA","P3","Documentation relevance: moderate; query demand: unknown; not a volume estimate","Storage planning","msi","Scoped candidate; verify query and all exact claims before publishing"
"Storage migration checklist before changing platforms","storage migration checklist before changing platforms","Storage planning evidence; Storage planning checklist","interactive planning","PC builders, upgraders and technical readers","tool","evergreen","Source-backed problem scope: https://us.msi.com/Motherboard/MAG-B650-TOMAHAWK-WIFI/Specification; per-query search demand and volume unmeasured","Manufacturer documentation exists; individual SERP competition not audited.","A transparent calculation with editable inputs, unknown-aware validation and method notes.","Storage planning original documentation; exact model/region/version; independent tests if claiming measured performance","/tools/storage-capacity-planner/; /data/sources/; /editorial-policy/","Contextual article ads after publisher/CMP approval; no tool-interrupting ads","Quarterly and on specification changes","Technical editor verifies exact source scope; measured claims require a qualified tester","Original explanatory diagram or licensed exact imagery; video only after matching creator/title/date","1–3 engineering days plus QA","P3","Documentation relevance: moderate; query demand: unknown; not a volume estimate","Storage planning","msi","Scoped candidate; verify query and all exact claims before publishing"
"Map SATA and NVMe devices in a support request","map sata and nvme devices in a support request","Storage planning evidence; Storage planning checklist","interactive planning","PC builders, upgraders and technical readers","tool","evergreen","Source-backed problem scope: https://us.msi.com/Motherboard/MAG-B650-TOMAHAWK-WIFI/Specification; per-query search demand and volume unmeasured","Manufacturer documentation exists; individual SERP competition not audited.","A transparent calculation with editable inputs, unknown-aware validation and method notes.","Storage planning original documentation; exact model/region/version; independent tests if claiming measured performance","/tools/storage-capacity-planner/; /data/sources/; /editorial-policy/","Contextual article ads after publisher/CMP approval; no tool-interrupting ads","Quarterly and on specification changes","Technical editor verifies exact source scope; measured claims require a qualified tester","Original explanatory diagram or licensed exact imagery; video only after matching creator/title/date","1–3 engineering days plus QA","P3","Documentation relevance: moderate; query demand: unknown; not a volume estimate","Storage planning","msi","Scoped candidate; verify query and all exact claims before publishing"
"A missing drive after installation: check the documented topology","a missing drive after installation check the documented topology","Storage planning evidence; Storage planning checklist","interactive planning","PC builders, upgraders and technical readers","tool","evergreen","Source-backed problem scope: https://us.msi.com/Motherboard/MAG-B650-TOMAHAWK-WIFI/Specification; per-query search demand and volume unmeasured","Manufacturer documentation exists; individual SERP competition not audited.","A transparent calculation with editable inputs, unknown-aware validation and method notes.","Storage planning original documentation; exact model/region/version; independent tests if claiming measured performance","/tools/storage-capacity-planner/; /data/sources/; /editorial-policy/","Contextual article ads after publisher/CMP approval; no tool-interrupting ads","Quarterly and on specification changes","Technical editor verifies exact source scope; measured claims require a qualified tester","Original explanatory diagram or licensed exact imagery; video only after matching creator/title/date","1–3 engineering days plus QA","P3","Documentation relevance: moderate; query demand: unknown; not a volume estimate","Storage planning","msi","Scoped candidate; verify query and all exact claims before publishing"
"USB-C does not tell you the speed: a port and cable checklist","usb-c does not tell you the speed a port and cable checklist","USB and peripherals evidence; USB and peripherals checklist","resolve a technical question","PC builders, upgraders and technical readers","explainer","evergreen","Source-backed problem scope: https://www.usb.org/sites/default/files/usb_type-c_language_product_and_packaging_guidelines_20230320.pdf; per-query search demand and volume unmeasured","Manufacturer documentation exists; individual SERP competition not audited.","An exact-model evidence checklist linked to the site’s corresponding tools; no invented test winner.","USB and peripherals original documentation; exact model/region/version; independent tests if claiming measured performance","/blog/usb-c-speed-charging-display-checklist/; /data/sources/; /editorial-policy/","Contextual article ads after publisher/CMP approval; no tool-interrupting ads","Quarterly and on specification changes","Technical editor verifies exact source scope; measured claims require a qualified tester","Original explanatory diagram or licensed exact imagery; video only after matching creator/title/date","4–12 editorial hours after data access; original testing additional","P1","Documentation relevance: moderate; query demand: unknown; not a volume estimate","USB and peripherals","usb","Scoped candidate; verify query and all exact claims before publishing"
"A dock adds another limit to the connection path","a dock adds another limit to the connection path","USB and peripherals evidence; USB and peripherals checklist","resolve a technical question","PC builders, upgraders and technical readers","explainer","evergreen","Source-backed problem scope: https://www.usb.org/sites/default/files/usb_type-c_language_product_and_packaging_guidelines_20230320.pdf; per-query search demand and volume unmeasured","Manufacturer documentation exists; individual SERP competition not audited.","An exact-model evidence checklist linked to the site’s corresponding tools; no invented test winner.","USB and peripherals original documentation; exact model/region/version; independent tests if claiming measured performance","/blog/usb-c-speed-charging-display-checklist/; /data/sources/; /editorial-policy/","Contextual article ads after publisher/CMP approval; no tool-interrupting ads","Quarterly and on specification changes","Technical editor verifies exact source scope; measured claims require a qualified tester","Original explanatory diagram or licensed exact imagery; video only after matching creator/title/date","4–12 editorial hours after data access; original testing additional","P1","Documentation relevance: moderate; query demand: unknown; not a volume estimate","USB and peripherals","usb","Scoped candidate; verify query and all exact claims before publishing"
"A charging cable is not necessarily your fastest data cable","a charging cable is not necessarily your fastest data cable","USB and peripherals evidence; USB and peripherals checklist","resolve a technical question","PC builders, upgraders and technical readers","explainer","evergreen","Source-backed problem scope: https://www.usb.org/sites/default/files/usb_type-c_language_product_and_packaging_guidelines_20230320.pdf; per-query search demand and volume unmeasured","Manufacturer documentation exists; individual SERP competition not audited.","An exact-model evidence checklist linked to the site’s corresponding tools; no invented test winner.","USB and peripherals original documentation; exact model/region/version; independent tests if claiming measured performance","/blog/usb-c-speed-charging-display-checklist/; /data/sources/; /editorial-policy/","Contextual article ads after publisher/CMP approval; no tool-interrupting ads","Quarterly and on specification changes","Technical editor verifies exact source scope; measured claims require a qualified tester","Original explanatory diagram or licensed exact imagery; video only after matching creator/title/date","4–12 editorial hours after data access; original testing additional","P1","Documentation relevance: moderate; query demand: unknown; not a volume estimate","USB and peripherals","usb","Scoped candidate; verify query and all exact claims before publishing"
"USB video output: check source, adapter and monitor separately","usb video output check source, adapter and monitor separately","USB and peripherals evidence; USB and peripherals checklist","resolve a technical question","PC builders, upgraders and technical readers","explainer","evergreen","Source-backed problem scope: https://www.usb.org/sites/default/files/usb_type-c_language_product_and_packaging_guidelines_20230320.pdf; per-query search demand and volume unmeasured","Manufacturer documentation exists; individual SERP competition not audited.","An exact-model evidence checklist linked to the site’s corresponding tools; no invented test winner.","USB and peripherals original documentation; exact model/region/version; independent tests if claiming measured performance","/blog/usb-c-speed-charging-display-checklist/; /data/sources/; /editorial-policy/","Contextual article ads after publisher/CMP approval; no tool-interrupting ads","Quarterly and on specification changes","Technical editor verifies exact source scope; measured claims require a qualified tester","Original explanatory diagram or licensed exact imagery; video only after matching creator/title/date","4–12 editorial hours after data access; original testing additional","P2","Documentation relevance: moderate; query demand: unknown; not a volume estimate","USB and peripherals","usb","Scoped candidate; verify query and all exact claims before publishing"
"A phone file-transfer worksheet with exact cable codes","a phone file-transfer worksheet with exact cable codes","USB and peripherals evidence; USB and peripherals checklist","resolve a technical question","PC builders, upgraders and technical readers","explainer","evergreen","Source-backed problem scope: https://www.usb.org/sites/default/files/usb_type-c_language_product_and_packaging_guidelines_20230320.pdf; per-query search demand and volume unmeasured","Manufacturer documentation exists; individual SERP competition not audited.","An exact-model evidence checklist linked to the site’s corresponding tools; no invented test winner.","USB and peripherals original documentation; exact model/region/version; independent tests if claiming measured performance","/blog/usb-c-speed-charging-display-checklist/; /data/sources/; /editorial-policy/","Contextual article ads after publisher/CMP approval; no tool-interrupting ads","Quarterly and on specification changes","Technical editor verifies exact source scope; measured claims require a qualified tester","Original explanatory diagram or licensed exact imagery; video only after matching creator/title/date","4–12 editorial hours after data access; original testing additional","P2","Documentation relevance: moderate; query demand: unknown; not a volume estimate","USB and peripherals","usb","Scoped candidate; verify query and all exact claims before publishing"
"Why fast on a cable listing is not a complete specification","why fast on a cable listing is not a complete specification","USB and peripherals evidence; USB and peripherals checklist","resolve a technical question","PC builders, upgraders and technical readers","explainer","evergreen","Source-backed problem scope: https://www.usb.org/sites/default/files/usb_type-c_language_product_and_packaging_guidelines_20230320.pdf; per-query search demand and volume unmeasured","Manufacturer documentation exists; individual SERP competition not audited.","An exact-model evidence checklist linked to the site’s corresponding tools; no invented test winner.","USB and peripherals original documentation; exact model/region/version; independent tests if claiming measured performance","/blog/usb-c-speed-charging-display-checklist/; /data/sources/; /editorial-policy/","Contextual article ads after publisher/CMP approval; no tool-interrupting ads","Quarterly and on specification changes","Technical editor verifies exact source scope; measured claims require a qualified tester","Original explanatory diagram or licensed exact imagery; video only after matching creator/title/date","4–12 editorial hours after data access; original testing additional","P2","Documentation relevance: moderate; query demand: unknown; not a volume estimate","USB and peripherals","usb","Scoped candidate; verify query and all exact claims before publishing"
"A direct-connection test before replacing a hub","a direct-connection test before replacing a hub","USB and peripherals evidence; USB and peripherals checklist","resolve a technical question","PC builders, upgraders and technical readers","explainer","evergreen","Source-backed problem scope: https://www.usb.org/sites/default/files/usb_type-c_language_product_and_packaging_guidelines_20230320.pdf; per-query search demand and volume unmeasured","Manufacturer documentation exists; individual SERP competition not audited.","An exact-model evidence checklist linked to the site’s corresponding tools; no invented test winner.","USB and peripherals original documentation; exact model/region/version; independent tests if claiming measured performance","/blog/usb-c-speed-charging-display-checklist/; /data/sources/; /editorial-policy/","Contextual article ads after publisher/CMP approval; no tool-interrupting ads","Quarterly and on specification changes","Technical editor verifies exact source scope; measured claims require a qualified tester","Original explanatory diagram or licensed exact imagery; video only after matching creator/title/date","4–12 editorial hours after data access; original testing additional","P2","Documentation relevance: moderate; query demand: unknown; not a volume estimate","USB and peripherals","usb","Scoped candidate; verify query and all exact claims before publishing"
"Read the supported protocol rather than counting connectors","read the supported protocol rather than counting connectors","USB and peripherals evidence; USB and peripherals checklist","resolve a technical question","PC builders, upgraders and technical readers","explainer","evergreen","Source-backed problem scope: https://www.usb.org/sites/default/files/usb_type-c_language_product_and_packaging_guidelines_20230320.pdf; per-query search demand and volume unmeasured","Manufacturer documentation exists; individual SERP competition not audited.","An exact-model evidence checklist linked to the site’s corresponding tools; no invented test winner.","USB and peripherals original documentation; exact model/region/version; independent tests if claiming measured performance","/blog/usb-c-speed-charging-display-checklist/; /data/sources/; /editorial-policy/","Contextual article ads after publisher/CMP approval; no tool-interrupting ads","Quarterly and on specification changes","Technical editor verifies exact source scope; measured claims require a qualified tester","Original explanatory diagram or licensed exact imagery; video only after matching creator/title/date","4–12 editorial hours after data access; original testing additional","P3","Documentation relevance: moderate; query demand: unknown; not a volume estimate","USB and peripherals","usb","Scoped candidate; verify query and all exact claims before publishing"
"A USB port map for your desk setup","a usb port map for your desk setup","USB and peripherals evidence; USB and peripherals checklist","resolve a technical question","PC builders, upgraders and technical readers","explainer","evergreen","Source-backed problem scope: https://www.usb.org/sites/default/files/usb_type-c_language_product_and_packaging_guidelines_20230320.pdf; per-query search demand and volume unmeasured","Manufacturer documentation exists; individual SERP competition not audited.","An exact-model evidence checklist linked to the site’s corresponding tools; no invented test winner.","USB and peripherals original documentation; exact model/region/version; independent tests if claiming measured performance","/blog/usb-c-speed-charging-display-checklist/; /data/sources/; /editorial-policy/","Contextual article ads after publisher/CMP approval; no tool-interrupting ads","Quarterly and on specification changes","Technical editor verifies exact source scope; measured claims require a qualified tester","Original explanatory diagram or licensed exact imagery; video only after matching creator/title/date","4–12 editorial hours after data access; original testing additional","P3","Documentation relevance: moderate; query demand: unknown; not a volume estimate","USB and peripherals","usb","Scoped candidate; verify query and all exact claims before publishing"
"Power-delivery marketing versus a supported device combination","power-delivery marketing versus a supported device combination","USB and peripherals evidence; USB and peripherals checklist","resolve a technical question","PC builders, upgraders and technical readers","explainer","evergreen","Source-backed problem scope: https://www.usb.org/sites/default/files/usb_type-c_language_product_and_packaging_guidelines_20230320.pdf; per-query search demand and volume unmeasured","Manufacturer documentation exists; individual SERP competition not audited.","An exact-model evidence checklist linked to the site’s corresponding tools; no invented test winner.","USB and peripherals original documentation; exact model/region/version; independent tests if claiming measured performance","/blog/usb-c-speed-charging-display-checklist/; /data/sources/; /editorial-policy/","Contextual article ads after publisher/CMP approval; no tool-interrupting ads","Quarterly and on specification changes","Technical editor verifies exact source scope; measured claims require a qualified tester","Original explanatory diagram or licensed exact imagery; video only after matching creator/title/date","4–12 editorial hours after data access; original testing additional","P3","Documentation relevance: moderate; query demand: unknown; not a volume estimate","USB and peripherals","usb","Scoped candidate; verify query and all exact claims before publishing"
"USB-C connector naming mistakes in retailer listings","usb-c connector naming mistakes in retailer listings","USB and peripherals evidence; USB and peripherals checklist","resolve a technical question","PC builders, upgraders and technical readers","explainer","evergreen","Source-backed problem scope: https://www.usb.org/sites/default/files/usb_type-c_language_product_and_packaging_guidelines_20230320.pdf; per-query search demand and volume unmeasured","Manufacturer documentation exists; individual SERP competition not audited.","An exact-model evidence checklist linked to the site’s corresponding tools; no invented test winner.","USB and peripherals original documentation; exact model/region/version; independent tests if claiming measured performance","/blog/usb-c-speed-charging-display-checklist/; /data/sources/; /editorial-policy/","Contextual article ads after publisher/CMP approval; no tool-interrupting ads","Quarterly and on specification changes","Technical editor verifies exact source scope; measured claims require a qualified tester","Original explanatory diagram or licensed exact imagery; video only after matching creator/title/date","4–12 editorial hours after data access; original testing additional","P3","Documentation relevance: moderate; query demand: unknown; not a volume estimate","USB and peripherals","usb","Scoped candidate; verify query and all exact claims before publishing"
"A cable evidence record you can keep with the purchase","a cable evidence record you can keep with the purchase","USB and peripherals evidence; USB and peripherals checklist","resolve a technical question","PC builders, upgraders and technical readers","explainer","evergreen","Source-backed problem scope: https://www.usb.org/sites/default/files/usb_type-c_language_product_and_packaging_guidelines_20230320.pdf; per-query search demand and volume unmeasured","Manufacturer documentation exists; individual SERP competition not audited.","An exact-model evidence checklist linked to the site’s corresponding tools; no invented test winner.","USB and peripherals original documentation; exact model/region/version; independent tests if claiming measured performance","/blog/usb-c-speed-charging-display-checklist/; /data/sources/; /editorial-policy/","Contextual article ads after publisher/CMP approval; no tool-interrupting ads","Quarterly and on specification changes","Technical editor verifies exact source scope; measured claims require a qualified tester","Original explanatory diagram or licensed exact imagery; video only after matching creator/title/date","4–12 editorial hours after data access; original testing additional","P3","Documentation relevance: moderate; query demand: unknown; not a volume estimate","USB and peripherals","usb","Scoped candidate; verify query and all exact claims before publishing"
"A CPU upgrade costs more than the CPU: compare the whole platform","a cpu upgrade costs more than the cpu compare the whole platform","Upgrade budgets evidence; Upgrade budgets checklist","interactive planning","PC builders, upgraders and technical readers","tool","evergreen","Source-backed problem scope: https://us.msi.com/Motherboard/MAG-B650-TOMAHAWK-WIFI/Specification; per-query search demand and volume unmeasured","Manufacturer documentation exists; individual SERP competition not audited.","A transparent calculation with editable inputs, unknown-aware validation and method notes.","Upgrade budgets original documentation; exact model/region/version; independent tests if claiming measured performance","/tools/platform-upgrade-cost/; /data/sources/; /editorial-policy/","Contextual article ads after publisher/CMP approval; no tool-interrupting ads","Quarterly and on specification changes","Technical editor verifies exact source scope; measured claims require a qualified tester","Original explanatory diagram or licensed exact imagery; video only after matching creator/title/date","1–3 engineering days plus QA","P1","Documentation relevance: moderate; query demand: unknown; not a volume estimate","Upgrade budgets","msi","Scoped candidate; verify query and all exact claims before publishing"
"Compare complete PC upgrade costs","compare complete pc upgrade costs","Upgrade budgets evidence; Upgrade budgets checklist","interactive planning","PC builders, upgraders and technical readers","tool","evergreen","Source-backed problem scope: https://us.msi.com/Motherboard/MAG-B650-TOMAHAWK-WIFI/Specification; per-query search demand and volume unmeasured","Manufacturer documentation exists; individual SERP competition not audited.","A transparent calculation with editable inputs, unknown-aware validation and method notes.","Upgrade budgets original documentation; exact model/region/version; independent tests if claiming measured performance","/tools/platform-upgrade-cost/; /data/sources/; /editorial-policy/","Contextual article ads after publisher/CMP approval; no tool-interrupting ads","Quarterly and on specification changes","Technical editor verifies exact source scope; measured claims require a qualified tester","Original explanatory diagram or licensed exact imagery; video only after matching creator/title/date","1–3 engineering days plus QA","P1","Documentation relevance: moderate; query demand: unknown; not a volume estimate","Upgrade budgets","msi","Scoped candidate; verify query and all exact claims before publishing"
"Add cooler mounts to the platform budget","add cooler mounts to the platform budget","Upgrade budgets evidence; Upgrade budgets checklist","interactive planning","PC builders, upgraders and technical readers","tool","evergreen","Source-backed problem scope: https://us.msi.com/Motherboard/MAG-B650-TOMAHAWK-WIFI/Specification; per-query search demand and volume unmeasured","Manufacturer documentation exists; individual SERP competition not audited.","A transparent calculation with editable inputs, unknown-aware validation and method notes.","Upgrade budgets original documentation; exact model/region/version; independent tests if claiming measured performance","/tools/platform-upgrade-cost/; /data/sources/; /editorial-policy/","Contextual article ads after publisher/CMP approval; no tool-interrupting ads","Quarterly and on specification changes","Technical editor verifies exact source scope; measured claims require a qualified tester","Original explanatory diagram or licensed exact imagery; video only after matching creator/title/date","1–3 engineering days plus QA","P1","Documentation relevance: moderate; query demand: unknown; not a volume estimate","Upgrade budgets","msi","Scoped candidate; verify query and all exact claims before publishing"
"A reused part should be zero only after compatibility checks","a reused part should be zero only after compatibility checks","Upgrade budgets evidence; Upgrade budgets checklist","interactive planning","PC builders, upgraders and technical readers","tool","evergreen","Source-backed problem scope: https://us.msi.com/Motherboard/MAG-B650-TOMAHAWK-WIFI/Specification; per-query search demand and volume unmeasured","Manufacturer documentation exists; individual SERP competition not audited.","A transparent calculation with editable inputs, unknown-aware validation and method notes.","Upgrade budgets original documentation; exact model/region/version; independent tests if claiming measured performance","/tools/platform-upgrade-cost/; /data/sources/; /editorial-policy/","Contextual article ads after publisher/CMP approval; no tool-interrupting ads","Quarterly and on specification changes","Technical editor verifies exact source scope; measured claims require a qualified tester","Original explanatory diagram or licensed exact imagery; video only after matching creator/title/date","1–3 engineering days plus QA","P2","Documentation relevance: moderate; query demand: unknown; not a volume estimate","Upgrade budgets","msi","Scoped candidate; verify query and all exact claims before publishing"
"Compare a bundle with individually priced components","compare a bundle with individually priced components","Upgrade budgets evidence; Upgrade budgets checklist","interactive planning","PC builders, upgraders and technical readers","tool","evergreen","Source-backed problem scope: https://us.msi.com/Motherboard/MAG-B650-TOMAHAWK-WIFI/Specification; per-query search demand and volume unmeasured","Manufacturer documentation exists; individual SERP competition not audited.","A transparent calculation with editable inputs, unknown-aware validation and method notes.","Upgrade budgets original documentation; exact model/region/version; independent tests if claiming measured performance","/tools/platform-upgrade-cost/; /data/sources/; /editorial-policy/","Contextual article ads after publisher/CMP approval; no tool-interrupting ads","Quarterly and on specification changes","Technical editor verifies exact source scope; measured claims require a qualified tester","Original explanatory diagram or licensed exact imagery; video only after matching creator/title/date","1–3 engineering days plus QA","P2","Documentation relevance: moderate; query demand: unknown; not a volume estimate","Upgrade budgets","msi","Scoped candidate; verify query and all exact claims before publishing"
"Tax and shipping assumptions in a Canadian upgrade budget","tax and shipping assumptions in a canadian upgrade budget","Upgrade budgets evidence; Upgrade budgets checklist","interactive planning","PC builders, upgraders and technical readers","tool","evergreen","Source-backed problem scope: https://us.msi.com/Motherboard/MAG-B650-TOMAHAWK-WIFI/Specification; per-query search demand and volume unmeasured","Manufacturer documentation exists; individual SERP competition not audited.","A transparent calculation with editable inputs, unknown-aware validation and method notes.","Upgrade budgets original documentation; exact model/region/version; independent tests if claiming measured performance","/tools/platform-upgrade-cost/; /data/sources/; /editorial-policy/","Contextual article ads after publisher/CMP approval; no tool-interrupting ads","Quarterly and on specification changes","Technical editor verifies exact source scope; measured claims require a qualified tester","Original explanatory diagram or licensed exact imagery; video only after matching creator/title/date","1–3 engineering days plus QA","P2","Documentation relevance: moderate; query demand: unknown; not a volume estimate","Upgrade budgets","msi","Scoped candidate; verify query and all exact claims before publishing"
"Plan an immediate upgrade separately from next-year storage","plan an immediate upgrade separately from next-year storage","Upgrade budgets evidence; Upgrade budgets checklist","interactive planning","PC builders, upgraders and technical readers","tool","evergreen","Source-backed problem scope: https://us.msi.com/Motherboard/MAG-B650-TOMAHAWK-WIFI/Specification; per-query search demand and volume unmeasured","Manufacturer documentation exists; individual SERP competition not audited.","A transparent calculation with editable inputs, unknown-aware validation and method notes.","Upgrade budgets original documentation; exact model/region/version; independent tests if claiming measured performance","/tools/platform-upgrade-cost/; /data/sources/; /editorial-policy/","Contextual article ads after publisher/CMP approval; no tool-interrupting ads","Quarterly and on specification changes","Technical editor verifies exact source scope; measured claims require a qualified tester","Original explanatory diagram or licensed exact imagery; video only after matching creator/title/date","1–3 engineering days plus QA","P2","Documentation relevance: moderate; query demand: unknown; not a volume estimate","Upgrade budgets","msi","Scoped candidate; verify query and all exact claims before publishing"
"Resale proceeds are an uncertain budget input","resale proceeds are an uncertain budget input","Upgrade budgets evidence; Upgrade budgets checklist","interactive planning","PC builders, upgraders and technical readers","tool","evergreen","Source-backed problem scope: https://us.msi.com/Motherboard/MAG-B650-TOMAHAWK-WIFI/Specification; per-query search demand and volume unmeasured","Manufacturer documentation exists; individual SERP competition not audited.","A transparent calculation with editable inputs, unknown-aware validation and method notes.","Upgrade budgets original documentation; exact model/region/version; independent tests if claiming measured performance","/tools/platform-upgrade-cost/; /data/sources/; /editorial-policy/","Contextual article ads after publisher/CMP approval; no tool-interrupting ads","Quarterly and on specification changes","Technical editor verifies exact source scope; measured claims require a qualified tester","Original explanatory diagram or licensed exact imagery; video only after matching creator/title/date","1–3 engineering days plus QA","P3","Documentation relevance: moderate; query demand: unknown; not a volume estimate","Upgrade budgets","msi","Scoped candidate; verify query and all exact claims before publishing"
"A CPU-price-only comparison hides board costs","a cpu-price-only comparison hides board costs","Upgrade budgets evidence; Upgrade budgets checklist","interactive planning","PC builders, upgraders and technical readers","tool","evergreen","Source-backed problem scope: https://us.msi.com/Motherboard/MAG-B650-TOMAHAWK-WIFI/Specification; per-query search demand and volume unmeasured","Manufacturer documentation exists; individual SERP competition not audited.","A transparent calculation with editable inputs, unknown-aware validation and method notes.","Upgrade budgets original documentation; exact model/region/version; independent tests if claiming measured performance","/tools/platform-upgrade-cost/; /data/sources/; /editorial-policy/","Contextual article ads after publisher/CMP approval; no tool-interrupting ads","Quarterly and on specification changes","Technical editor verifies exact source scope; measured claims require a qualified tester","Original explanatory diagram or licensed exact imagery; video only after matching creator/title/date","1–3 engineering days plus QA","P3","Documentation relevance: moderate; query demand: unknown; not a volume estimate","Upgrade budgets","msi","Scoped candidate; verify query and all exact claims before publishing"
"Create a repeatable delivered-price observation sheet","create a repeatable delivered-price observation sheet","Upgrade budgets evidence; Upgrade budgets checklist","interactive planning","PC builders, upgraders and technical readers","tool","evergreen","Source-backed problem scope: https://us.msi.com/Motherboard/MAG-B650-TOMAHAWK-WIFI/Specification; per-query search demand and volume unmeasured","Manufacturer documentation exists; individual SERP competition not audited.","A transparent calculation with editable inputs, unknown-aware validation and method notes.","Upgrade budgets original documentation; exact model/region/version; independent tests if claiming measured performance","/tools/platform-upgrade-cost/; /data/sources/; /editorial-policy/","Contextual article ads after publisher/CMP approval; no tool-interrupting ads","Quarterly and on specification changes","Technical editor verifies exact source scope; measured claims require a qualified tester","Original explanatory diagram or licensed exact imagery; video only after matching creator/title/date","1–3 engineering days plus QA","P3","Documentation relevance: moderate; query demand: unknown; not a volume estimate","Upgrade budgets","msi","Scoped candidate; verify query and all exact claims before publishing"
"Compare warranty and required adapters alongside subtotal","compare warranty and required adapters alongside subtotal","Upgrade budgets evidence; Upgrade budgets checklist","interactive planning","PC builders, upgraders and technical readers","tool","evergreen","Source-backed problem scope: https://us.msi.com/Motherboard/MAG-B650-TOMAHAWK-WIFI/Specification; per-query search demand and volume unmeasured","Manufacturer documentation exists; individual SERP competition not audited.","A transparent calculation with editable inputs, unknown-aware validation and method notes.","Upgrade budgets original documentation; exact model/region/version; independent tests if claiming measured performance","/tools/platform-upgrade-cost/; /data/sources/; /editorial-policy/","Contextual article ads after publisher/CMP approval; no tool-interrupting ads","Quarterly and on specification changes","Technical editor verifies exact source scope; measured claims require a qualified tester","Original explanatory diagram or licensed exact imagery; video only after matching creator/title/date","1–3 engineering days plus QA","P3","Documentation relevance: moderate; query demand: unknown; not a volume estimate","Upgrade budgets","msi","Scoped candidate; verify query and all exact claims before publishing"
"A build budget that keeps unavailable prices visible","a build budget that keeps unavailable prices visible","Upgrade budgets evidence; Upgrade budgets checklist","interactive planning","PC builders, upgraders and technical readers","tool","evergreen","Source-backed problem scope: https://us.msi.com/Motherboard/MAG-B650-TOMAHAWK-WIFI/Specification; per-query search demand and volume unmeasured","Manufacturer documentation exists; individual SERP competition not audited.","A transparent calculation with editable inputs, unknown-aware validation and method notes.","Upgrade budgets original documentation; exact model/region/version; independent tests if claiming measured performance","/tools/platform-upgrade-cost/; /data/sources/; /editorial-policy/","Contextual article ads after publisher/CMP approval; no tool-interrupting ads","Quarterly and on specification changes","Technical editor verifies exact source scope; measured claims require a qualified tester","Original explanatory diagram or licensed exact imagery; video only after matching creator/title/date","1–3 engineering days plus QA","P3","Documentation relevance: moderate; query demand: unknown; not a volume estimate","Upgrade budgets","msi","Scoped candidate; verify query and all exact claims before publishing"
"Local AI memory: model weights are only the starting point","local ai memory model weights are only the starting point","AI memory evidence; AI memory checklist","interactive planning","PC builders, upgraders and technical readers","tool","evergreen","Source-backed problem scope: https://github.com/ggml-org/llama.cpp/blob/master/tools/completion/README.md; per-query search demand and volume unmeasured","Manufacturer documentation exists; individual SERP competition not audited.","A transparent calculation with editable inputs, unknown-aware validation and method notes.","AI memory original documentation; exact model/region/version; independent tests if claiming measured performance","/tools/local-ai-memory/; /data/sources/; /editorial-policy/","Contextual article ads after publisher/CMP approval; no tool-interrupting ads","Quarterly and on specification changes","Technical editor verifies exact source scope; measured claims require a qualified tester","Original explanatory diagram or licensed exact imagery; video only after matching creator/title/date","1–3 engineering days plus QA","P1","Documentation relevance: moderate; query demand: unknown; not a volume estimate","AI memory","llama","Scoped candidate; verify query and all exact claims before publishing"
"Local AI model memory planner","local ai model memory planner","AI memory evidence; AI memory checklist","interactive planning","PC builders, upgraders and technical readers","tool","evergreen","Source-backed problem scope: https://github.com/ggml-org/llama.cpp/blob/master/tools/completion/README.md; per-query search demand and volume unmeasured","Manufacturer documentation exists; individual SERP competition not audited.","A transparent calculation with editable inputs, unknown-aware validation and method notes.","AI memory original documentation; exact model/region/version; independent tests if claiming measured performance","/tools/local-ai-memory/; /data/sources/; /editorial-policy/","Contextual article ads after publisher/CMP approval; no tool-interrupting ads","Quarterly and on specification changes","Technical editor verifies exact source scope; measured claims require a qualified tester","Original explanatory diagram or licensed exact imagery; video only after matching creator/title/date","1–3 engineering days plus QA","P1","Documentation relevance: moderate; query demand: unknown; not a volume estimate","AI memory","llama","Scoped candidate; verify query and all exact claims before publishing"
"Average bits per parameter is a simplifying assumption","average bits per parameter is a simplifying assumption","AI memory evidence; AI memory checklist","interactive planning","PC builders, upgraders and technical readers","tool","evergreen","Source-backed problem scope: https://github.com/ggml-org/llama.cpp/blob/master/tools/completion/README.md; per-query search demand and volume unmeasured","Manufacturer documentation exists; individual SERP competition not audited.","A transparent calculation with editable inputs, unknown-aware validation and method notes.","AI memory original documentation; exact model/region/version; independent tests if claiming measured performance","/tools/local-ai-memory/; /data/sources/; /editorial-policy/","Contextual article ads after publisher/CMP approval; no tool-interrupting ads","Quarterly and on specification changes","Technical editor verifies exact source scope; measured claims require a qualified tester","Original explanatory diagram or licensed exact imagery; video only after matching creator/title/date","1–3 engineering days plus QA","P1","Documentation relevance: moderate; query demand: unknown; not a volume estimate","AI memory","llama","Scoped candidate; verify query and all exact claims before publishing"
"Model file size versus runtime memory allocation","model file size versus runtime memory allocation","AI memory evidence; AI memory checklist","interactive planning","PC builders, upgraders and technical readers","tool","evergreen","Source-backed problem scope: https://github.com/ggml-org/llama.cpp/blob/master/tools/completion/README.md; per-query search demand and volume unmeasured","Manufacturer documentation exists; individual SERP competition not audited.","A transparent calculation with editable inputs, unknown-aware validation and method notes.","AI memory original documentation; exact model/region/version; independent tests if claiming measured performance","/tools/local-ai-memory/; /data/sources/; /editorial-policy/","Contextual article ads after publisher/CMP approval; no tool-interrupting ads","Quarterly and on specification changes","Technical editor verifies exact source scope; measured claims require a qualified tester","Original explanatory diagram or licensed exact imagery; video only after matching creator/title/date","1–3 engineering days plus QA","P2","Documentation relevance: moderate; query demand: unknown; not a volume estimate","AI memory","llama","Scoped candidate; verify query and all exact claims before publishing"
"KV-cache budgets need an actual configuration","kv-cache budgets need an actual configuration","AI memory evidence; AI memory checklist","interactive planning","PC builders, upgraders and technical readers","tool","evergreen","Source-backed problem scope: https://github.com/ggml-org/llama.cpp/blob/master/tools/completion/README.md; per-query search demand and volume unmeasured","Manufacturer documentation exists; individual SERP competition not audited.","A transparent calculation with editable inputs, unknown-aware validation and method notes.","AI memory original documentation; exact model/region/version; independent tests if claiming measured performance","/tools/local-ai-memory/; /data/sources/; /editorial-policy/","Contextual article ads after publisher/CMP approval; no tool-interrupting ads","Quarterly and on specification changes","Technical editor verifies exact source scope; measured claims require a qualified tester","Original explanatory diagram or licensed exact imagery; video only after matching creator/title/date","1–3 engineering days plus QA","P2","Documentation relevance: moderate; query demand: unknown; not a volume estimate","AI memory","llama","Scoped candidate; verify query and all exact claims before publishing"
"Record context and concurrency beside peak memory","record context and concurrency beside peak memory","AI memory evidence; AI memory checklist","interactive planning","PC builders, upgraders and technical readers","tool","evergreen","Source-backed problem scope: https://github.com/ggml-org/llama.cpp/blob/master/tools/completion/README.md; per-query search demand and volume unmeasured","Manufacturer documentation exists; individual SERP competition not audited.","A transparent calculation with editable inputs, unknown-aware validation and method notes.","AI memory original documentation; exact model/region/version; independent tests if claiming measured performance","/tools/local-ai-memory/; /data/sources/; /editorial-policy/","Contextual article ads after publisher/CMP approval; no tool-interrupting ads","Quarterly and on specification changes","Technical editor verifies exact source scope; measured claims require a qualified tester","Original explanatory diagram or licensed exact imagery; video only after matching creator/title/date","1–3 engineering days plus QA","P2","Documentation relevance: moderate; query demand: unknown; not a volume estimate","AI memory","llama","Scoped candidate; verify query and all exact claims before publishing"
"CPU offloading does not make RAM and VRAM identical","cpu offloading does not make ram and vram identical","AI memory evidence; AI memory checklist","interactive planning","PC builders, upgraders and technical readers","tool","evergreen","Source-backed problem scope: https://github.com/ggml-org/llama.cpp/blob/master/tools/completion/README.md; per-query search demand and volume unmeasured","Manufacturer documentation exists; individual SERP competition not audited.","A transparent calculation with editable inputs, unknown-aware validation and method notes.","AI memory original documentation; exact model/region/version; independent tests if claiming measured performance","/tools/local-ai-memory/; /data/sources/; /editorial-policy/","Contextual article ads after publisher/CMP approval; no tool-interrupting ads","Quarterly and on specification changes","Technical editor verifies exact source scope; measured claims require a qualified tester","Original explanatory diagram or licensed exact imagery; video only after matching creator/title/date","1–3 engineering days plus QA","P2","Documentation relevance: moderate; query demand: unknown; not a volume estimate","AI memory","llama","Scoped candidate; verify query and all exact claims before publishing"
"A successful model load is not a speed benchmark","a successful model load is not a speed benchmark","AI memory evidence; AI memory checklist","interactive planning","PC builders, upgraders and technical readers","tool","evergreen","Source-backed problem scope: https://github.com/ggml-org/llama.cpp/blob/master/tools/completion/README.md; per-query search demand and volume unmeasured","Manufacturer documentation exists; individual SERP competition not audited.","A transparent calculation with editable inputs, unknown-aware validation and method notes.","AI memory original documentation; exact model/region/version; independent tests if claiming measured performance","/tools/local-ai-memory/; /data/sources/; /editorial-policy/","Contextual article ads after publisher/CMP approval; no tool-interrupting ads","Quarterly and on specification changes","Technical editor verifies exact source scope; measured claims require a qualified tester","Original explanatory diagram or licensed exact imagery; video only after matching creator/title/date","1–3 engineering days plus QA","P3","Documentation relevance: moderate; query demand: unknown; not a volume estimate","AI memory","llama","Scoped candidate; verify query and all exact claims before publishing"
"Quantized models can contain mixed storage types","quantized models can contain mixed storage types","AI memory evidence; AI memory checklist","interactive planning","PC builders, upgraders and technical readers","tool","evergreen","Source-backed problem scope: https://github.com/ggml-org/llama.cpp/blob/master/tools/completion/README.md; per-query search demand and volume unmeasured","Manufacturer documentation exists; individual SERP competition not audited.","A transparent calculation with editable inputs, unknown-aware validation and method notes.","AI memory original documentation; exact model/region/version; independent tests if claiming measured performance","/tools/local-ai-memory/; /data/sources/; /editorial-policy/","Contextual article ads after publisher/CMP approval; no tool-interrupting ads","Quarterly and on specification changes","Technical editor verifies exact source scope; measured claims require a qualified tester","Original explanatory diagram or licensed exact imagery; video only after matching creator/title/date","1–3 engineering days plus QA","P3","Documentation relevance: moderate; query demand: unknown; not a volume estimate","AI memory","llama","Scoped candidate; verify query and all exact claims before publishing"
"Create a reproducible local inference test record","create a reproducible local inference test record","AI memory evidence; AI memory checklist","interactive planning","PC builders, upgraders and technical readers","tool","evergreen","Source-backed problem scope: https://github.com/ggml-org/llama.cpp/blob/master/tools/completion/README.md; per-query search demand and volume unmeasured","Manufacturer documentation exists; individual SERP competition not audited.","A transparent calculation with editable inputs, unknown-aware validation and method notes.","AI memory original documentation; exact model/region/version; independent tests if claiming measured performance","/tools/local-ai-memory/; /data/sources/; /editorial-policy/","Contextual article ads after publisher/CMP approval; no tool-interrupting ads","Quarterly and on specification changes","Technical editor verifies exact source scope; measured claims require a qualified tester","Original explanatory diagram or licensed exact imagery; video only after matching creator/title/date","1–3 engineering days plus QA","P3","Documentation relevance: moderate; query demand: unknown; not a volume estimate","AI memory","llama","Scoped candidate; verify query and all exact claims before publishing"
"Why token count alone cannot determine every KV cache","why token count alone cannot determine every kv cache","AI memory evidence; AI memory checklist","interactive planning","PC builders, upgraders and technical readers","tool","evergreen","Source-backed problem scope: https://github.com/ggml-org/llama.cpp/blob/master/tools/completion/README.md; per-query search demand and volume unmeasured","Manufacturer documentation exists; individual SERP competition not audited.","A transparent calculation with editable inputs, unknown-aware validation and method notes.","AI memory original documentation; exact model/region/version; independent tests if claiming measured performance","/tools/local-ai-memory/; /data/sources/; /editorial-policy/","Contextual article ads after publisher/CMP approval; no tool-interrupting ads","Quarterly and on specification changes","Technical editor verifies exact source scope; measured claims require a qualified tester","Original explanatory diagram or licensed exact imagery; video only after matching creator/title/date","1–3 engineering days plus QA","P3","Documentation relevance: moderate; query demand: unknown; not a volume estimate","AI memory","llama","Scoped candidate; verify query and all exact claims before publishing"
"A memory report must identify the runtime version","a memory report must identify the runtime version","AI memory evidence; AI memory checklist","interactive planning","PC builders, upgraders and technical readers","tool","evergreen","Source-backed problem scope: https://github.com/ggml-org/llama.cpp/blob/master/tools/completion/README.md; per-query search demand and volume unmeasured","Manufacturer documentation exists; individual SERP competition not audited.","A transparent calculation with editable inputs, unknown-aware validation and method notes.","AI memory original documentation; exact model/region/version; independent tests if claiming measured performance","/tools/local-ai-memory/; /data/sources/; /editorial-policy/","Contextual article ads after publisher/CMP approval; no tool-interrupting ads","Quarterly and on specification changes","Technical editor verifies exact source scope; measured claims require a qualified tester","Original explanatory diagram or licensed exact imagery; video only after matching creator/title/date","1–3 engineering days plus QA","P3","Documentation relevance: moderate; query demand: unknown; not a volume estimate","AI memory","llama","Scoped candidate; verify query and all exact claims before publishing"
"Graphics-driver trouble after an update: preserve the evidence first","graphics-driver trouble after an update preserve the evidence first","Driver software evidence; Driver software checklist","resolve a technical question","PC builders, upgraders and technical readers","software guide","evergreen","Source-backed problem scope: https://support.microsoft.com/en-us/windows/hardware/display-graphics/troubleshoot-screen-flickering-in-windows; per-query search demand and volume unmeasured","Manufacturer documentation exists; individual SERP competition not audited.","An exact-model evidence checklist linked to the site’s corresponding tools; no invented test winner.","Driver software original documentation; exact model/region/version; independent tests if claiming measured performance","/blog/graphics-driver-update-rollback-checklist/; /data/sources/; /editorial-policy/","Contextual article ads after publisher/CMP approval; no tool-interrupting ads","Review when the cited source changes; monthly source check","Technical editor verifies exact source scope; measured claims require a qualified tester","Original explanatory diagram or licensed exact imagery; video only after matching creator/title/date","4–12 editorial hours after data access; original testing additional","P1","Documentation relevance: moderate; query demand: unknown; not a volume estimate","Driver software","drivers","Scoped candidate; verify query and all exact claims before publishing"
"A grayed-out rollback button means the prior driver is unavailable","a grayed-out rollback button means the prior driver is unavailable","Driver software evidence; Driver software checklist","resolve a technical question","PC builders, upgraders and technical readers","software guide","evergreen","Source-backed problem scope: https://support.microsoft.com/en-us/windows/hardware/display-graphics/troubleshoot-screen-flickering-in-windows; per-query search demand and volume unmeasured","Manufacturer documentation exists; individual SERP competition not audited.","An exact-model evidence checklist linked to the site’s corresponding tools; no invented test winner.","Driver software original documentation; exact model/region/version; independent tests if claiming measured performance","/blog/graphics-driver-update-rollback-checklist/; /data/sources/; /editorial-policy/","Contextual article ads after publisher/CMP approval; no tool-interrupting ads","Review when the cited source changes; monthly source check","Technical editor verifies exact source scope; measured claims require a qualified tester","Original explanatory diagram or licensed exact imagery; video only after matching creator/title/date","4–12 editorial hours after data access; original testing additional","P1","Documentation relevance: moderate; query demand: unknown; not a volume estimate","Driver software","drivers","Scoped candidate; verify query and all exact claims before publishing"
"Record a driver version rather than saying latest","record a driver version rather than saying latest","Driver software evidence; Driver software checklist","resolve a technical question","PC builders, upgraders and technical readers","software guide","evergreen","Source-backed problem scope: https://support.microsoft.com/en-us/windows/hardware/display-graphics/troubleshoot-screen-flickering-in-windows; per-query search demand and volume unmeasured","Manufacturer documentation exists; individual SERP competition not audited.","An exact-model evidence checklist linked to the site’s corresponding tools; no invented test winner.","Driver software original documentation; exact model/region/version; independent tests if claiming measured performance","/blog/graphics-driver-update-rollback-checklist/; /data/sources/; /editorial-policy/","Contextual article ads after publisher/CMP approval; no tool-interrupting ads","Review when the cited source changes; monthly source check","Technical editor verifies exact source scope; measured claims require a qualified tester","Original explanatory diagram or licensed exact imagery; video only after matching creator/title/date","4–12 editorial hours after data access; original testing additional","P1","Documentation relevance: moderate; query demand: unknown; not a volume estimate","Driver software","drivers","Scoped candidate; verify query and all exact claims before publishing"
"Game Ready and Studio are workflow choices, not universal winners","game ready and studio are workflow choices, not universal winners","Driver software evidence; Driver software checklist","resolve a technical question","PC builders, upgraders and technical readers","software guide","evergreen","Source-backed problem scope: https://support.microsoft.com/en-us/windows/hardware/display-graphics/troubleshoot-screen-flickering-in-windows; per-query search demand and volume unmeasured","Manufacturer documentation exists; individual SERP competition not audited.","An exact-model evidence checklist linked to the site’s corresponding tools; no invented test winner.","Driver software original documentation; exact model/region/version; independent tests if claiming measured performance","/blog/graphics-driver-update-rollback-checklist/; /data/sources/; /editorial-policy/","Contextual article ads after publisher/CMP approval; no tool-interrupting ads","Review when the cited source changes; monthly source check","Technical editor verifies exact source scope; measured claims require a qualified tester","Original explanatory diagram or licensed exact imagery; video only after matching creator/title/date","4–12 editorial hours after data access; original testing additional","P2","Documentation relevance: moderate; query demand: unknown; not a volume estimate","Driver software","drivers","Scoped candidate; verify query and all exact claims before publishing"
"A laptop support page matters during driver troubleshooting","a laptop support page matters during driver troubleshooting","Driver software evidence; Driver software checklist","resolve a technical question","PC builders, upgraders and technical readers","software guide","evergreen","Source-backed problem scope: https://support.microsoft.com/en-us/windows/hardware/display-graphics/troubleshoot-screen-flickering-in-windows; per-query search demand and volume unmeasured","Manufacturer documentation exists; individual SERP competition not audited.","An exact-model evidence checklist linked to the site’s corresponding tools; no invented test winner.","Driver software original documentation; exact model/region/version; independent tests if claiming measured performance","/blog/graphics-driver-update-rollback-checklist/; /data/sources/; /editorial-policy/","Contextual article ads after publisher/CMP approval; no tool-interrupting ads","Review when the cited source changes; monthly source check","Technical editor verifies exact source scope; measured claims require a qualified tester","Original explanatory diagram or licensed exact imagery; video only after matching creator/title/date","4–12 editorial hours after data access; original testing additional","P2","Documentation relevance: moderate; query demand: unknown; not a volume estimate","Driver software","drivers","Scoped candidate; verify query and all exact claims before publishing"
"Separate a driver change from a game-patch change","separate a driver change from a game-patch change","Driver software evidence; Driver software checklist","resolve a technical question","PC builders, upgraders and technical readers","software guide","evergreen","Source-backed problem scope: https://support.microsoft.com/en-us/windows/hardware/display-graphics/troubleshoot-screen-flickering-in-windows; per-query search demand and volume unmeasured","Manufacturer documentation exists; individual SERP competition not audited.","An exact-model evidence checklist linked to the site’s corresponding tools; no invented test winner.","Driver software original documentation; exact model/region/version; independent tests if claiming measured performance","/blog/graphics-driver-update-rollback-checklist/; /data/sources/; /editorial-policy/","Contextual article ads after publisher/CMP approval; no tool-interrupting ads","Review when the cited source changes; monthly source check","Technical editor verifies exact source scope; measured claims require a qualified tester","Original explanatory diagram or licensed exact imagery; video only after matching creator/title/date","4–12 editorial hours after data access; original testing additional","P2","Documentation relevance: moderate; query demand: unknown; not a volume estimate","Driver software","drivers","Scoped candidate; verify query and all exact claims before publishing"
"Screen flickering after an update: evidence before a diagnosis","screen flickering after an update evidence before a diagnosis","Driver software evidence; Driver software checklist","resolve a technical question","PC builders, upgraders and technical readers","software guide","evergreen","Source-backed problem scope: https://support.microsoft.com/en-us/windows/hardware/display-graphics/troubleshoot-screen-flickering-in-windows; per-query search demand and volume unmeasured","Manufacturer documentation exists; individual SERP competition not audited.","An exact-model evidence checklist linked to the site’s corresponding tools; no invented test winner.","Driver software original documentation; exact model/region/version; independent tests if claiming measured performance","/blog/graphics-driver-update-rollback-checklist/; /data/sources/; /editorial-policy/","Contextual article ads after publisher/CMP approval; no tool-interrupting ads","Review when the cited source changes; monthly source check","Technical editor verifies exact source scope; measured claims require a qualified tester","Original explanatory diagram or licensed exact imagery; video only after matching creator/title/date","4–12 editorial hours after data access; original testing additional","P2","Documentation relevance: moderate; query demand: unknown; not a volume estimate","Driver software","drivers","Scoped candidate; verify query and all exact claims before publishing"
"Build a reproducible graphics bug report","build a reproducible graphics bug report","Driver software evidence; Driver software checklist","resolve a technical question","PC builders, upgraders and technical readers","software guide","evergreen","Source-backed problem scope: https://support.microsoft.com/en-us/windows/hardware/display-graphics/troubleshoot-screen-flickering-in-windows; per-query search demand and volume unmeasured","Manufacturer documentation exists; individual SERP competition not audited.","An exact-model evidence checklist linked to the site’s corresponding tools; no invented test winner.","Driver software original documentation; exact model/region/version; independent tests if claiming measured performance","/blog/graphics-driver-update-rollback-checklist/; /data/sources/; /editorial-policy/","Contextual article ads after publisher/CMP approval; no tool-interrupting ads","Review when the cited source changes; monthly source check","Technical editor verifies exact source scope; measured claims require a qualified tester","Original explanatory diagram or licensed exact imagery; video only after matching creator/title/date","4–12 editorial hours after data access; original testing additional","P3","Documentation relevance: moderate; query demand: unknown; not a volume estimate","Driver software","drivers","Scoped candidate; verify query and all exact claims before publishing"
"A driver release-note checklist for your exact card","a driver release-note checklist for your exact card","Driver software evidence; Driver software checklist","resolve a technical question","PC builders, upgraders and technical readers","software guide","evergreen","Source-backed problem scope: https://support.microsoft.com/en-us/windows/hardware/display-graphics/troubleshoot-screen-flickering-in-windows; per-query search demand and volume unmeasured","Manufacturer documentation exists; individual SERP competition not audited.","An exact-model evidence checklist linked to the site’s corresponding tools; no invented test winner.","Driver software original documentation; exact model/region/version; independent tests if claiming measured performance","/blog/graphics-driver-update-rollback-checklist/; /data/sources/; /editorial-policy/","Contextual article ads after publisher/CMP approval; no tool-interrupting ads","Review when the cited source changes; monthly source check","Technical editor verifies exact source scope; measured claims require a qualified tester","Original explanatory diagram or licensed exact imagery; video only after matching creator/title/date","4–12 editorial hours after data access; original testing additional","P3","Documentation relevance: moderate; query demand: unknown; not a volume estimate","Driver software","drivers","Scoped candidate; verify query and all exact claims before publishing"
"Do not call an installer download a completed update","do not call an installer download a completed update","Driver software evidence; Driver software checklist","resolve a technical question","PC builders, upgraders and technical readers","software guide","evergreen","Source-backed problem scope: https://support.microsoft.com/en-us/windows/hardware/display-graphics/troubleshoot-screen-flickering-in-windows; per-query search demand and volume unmeasured","Manufacturer documentation exists; individual SERP competition not audited.","An exact-model evidence checklist linked to the site’s corresponding tools; no invented test winner.","Driver software original documentation; exact model/region/version; independent tests if claiming measured performance","/blog/graphics-driver-update-rollback-checklist/; /data/sources/; /editorial-policy/","Contextual article ads after publisher/CMP approval; no tool-interrupting ads","Review when the cited source changes; monthly source check","Technical editor verifies exact source scope; measured claims require a qualified tester","Original explanatory diagram or licensed exact imagery; video only after matching creator/title/date","4–12 editorial hours after data access; original testing additional","P3","Documentation relevance: moderate; query demand: unknown; not a volume estimate","Driver software","drivers","Scoped candidate; verify query and all exact claims before publishing"
"What to save before changing the display-driver configuration","what to save before changing the display-driver configuration","Driver software evidence; Driver software checklist","resolve a technical question","PC builders, upgraders and technical readers","software guide","evergreen","Source-backed problem scope: https://support.microsoft.com/en-us/windows/hardware/display-graphics/troubleshoot-screen-flickering-in-windows; per-query search demand and volume unmeasured","Manufacturer documentation exists; individual SERP competition not audited.","An exact-model evidence checklist linked to the site’s corresponding tools; no invented test winner.","Driver software original documentation; exact model/region/version; independent tests if claiming measured performance","/blog/graphics-driver-update-rollback-checklist/; /data/sources/; /editorial-policy/","Contextual article ads after publisher/CMP approval; no tool-interrupting ads","Review when the cited source changes; monthly source check","Technical editor verifies exact source scope; measured claims require a qualified tester","Original explanatory diagram or licensed exact imagery; video only after matching creator/title/date","4–12 editorial hours after data access; original testing additional","P3","Documentation relevance: moderate; query demand: unknown; not a volume estimate","Driver software","drivers","Scoped candidate; verify query and all exact claims before publishing"
"An evergreen troubleshooting guide should not pretend to be release news","an evergreen troubleshooting guide should not pretend to be release news","Driver software evidence; Driver software checklist","resolve a technical question","PC builders, upgraders and technical readers","software guide","evergreen","Source-backed problem scope: https://support.microsoft.com/en-us/windows/hardware/display-graphics/troubleshoot-screen-flickering-in-windows; per-query search demand and volume unmeasured","Manufacturer documentation exists; individual SERP competition not audited.","An exact-model evidence checklist linked to the site’s corresponding tools; no invented test winner.","Driver software original documentation; exact model/region/version; independent tests if claiming measured performance","/blog/graphics-driver-update-rollback-checklist/; /data/sources/; /editorial-policy/","Contextual article ads after publisher/CMP approval; no tool-interrupting ads","Review when the cited source changes; monthly source check","Technical editor verifies exact source scope; measured claims require a qualified tester","Original explanatory diagram or licensed exact imagery; video only after matching creator/title/date","4–12 editorial hours after data access; original testing additional","P3","Documentation relevance: moderate; query demand: unknown; not a volume estimate","Driver software","drivers","Scoped candidate; verify query and all exact claims before publishing"
"Phone size comparison: same-scale body outlines","phone size comparison same-scale body outlines","Phone physical size evidence; Phone physical size checklist","compare exact alternatives","Phone owners and buyers","comparison","evergreen","Source-backed problem scope: https://support.apple.com/en-us/121029; per-query search demand and volume unmeasured","Manufacturer documentation exists; individual SERP competition not audited.","An exact-model evidence checklist linked to the site’s corresponding tools; no invented test winner.","Phone physical size original documentation; exact model/region/version; independent tests if claiming measured performance","/phones/size-compare/; /data/sources/; /editorial-policy/","Disclosed retailer link only when exact offer/relationship is verified","Quarterly and on specification changes","Technical editor verifies exact source scope; measured claims require a qualified tester","Original explanatory diagram or licensed exact imagery; video only after matching creator/title/date","4–12 editorial hours after data access; original testing additional","P1","Documentation relevance: moderate; query demand: unknown; not a volume estimate","Phone physical size","apple16","Scoped candidate; verify query and all exact claims before publishing"
"iPhone 16 vs iPhone 16 Pro: size and specification differences","iphone 16 vs iphone 16 pro size and specification differences","Phone physical size evidence; Phone physical size checklist","compare exact alternatives","Phone owners and buyers","comparison","evergreen","Source-backed problem scope: https://support.apple.com/en-us/121029; per-query search demand and volume unmeasured","Manufacturer documentation exists; individual SERP competition not audited.","An exact-model evidence checklist linked to the site’s corresponding tools; no invented test winner.","Phone physical size original documentation; exact model/region/version; independent tests if claiming measured performance","/phones/size-compare/; /data/sources/; /editorial-policy/","Disclosed retailer link only when exact offer/relationship is verified","Quarterly and on specification changes","Technical editor verifies exact source scope; measured claims require a qualified tester","Original explanatory diagram or licensed exact imagery; video only after matching creator/title/date","4–12 editorial hours after data access; original testing additional","P1","Documentation relevance: moderate; query demand: unknown; not a volume estimate","Phone physical size","apple16","Scoped candidate; verify query and all exact claims before publishing"
"iPhone 16 vs Pixel 9: size and specification differences","iphone 16 vs pixel 9 size and specification differences","Phone physical size evidence; Phone physical size checklist","compare exact alternatives","Phone owners and buyers","comparison","evergreen","Source-backed problem scope: https://support.apple.com/en-us/121029; per-query search demand and volume unmeasured","Manufacturer documentation exists; individual SERP competition not audited.","An exact-model evidence checklist linked to the site’s corresponding tools; no invented test winner.","Phone physical size original documentation; exact model/region/version; independent tests if claiming measured performance","/phones/size-compare/; /data/sources/; /editorial-policy/","Disclosed retailer link only when exact offer/relationship is verified","Quarterly and on specification changes","Technical editor verifies exact source scope; measured claims require a qualified tester","Original explanatory diagram or licensed exact imagery; video only after matching creator/title/date","4–12 editorial hours after data access; original testing additional","P1","Documentation relevance: moderate; query demand: unknown; not a volume estimate","Phone physical size","apple16","Scoped candidate; verify query and all exact claims before publishing"
"Pixel 9 and Pixel 9 Pro: similar body, different records","pixel 9 and pixel 9 pro similar body, different records","Phone physical size evidence; Phone physical size checklist","compare exact alternatives","Phone owners and buyers","comparison","evergreen","Source-backed problem scope: https://support.apple.com/en-us/121029; per-query search demand and volume unmeasured","Manufacturer documentation exists; individual SERP competition not audited.","An exact-model evidence checklist linked to the site’s corresponding tools; no invented test winner.","Phone physical size original documentation; exact model/region/version; independent tests if claiming measured performance","/phones/size-compare/; /data/sources/; /editorial-policy/","Disclosed retailer link only when exact offer/relationship is verified","Quarterly and on specification changes","Technical editor verifies exact source scope; measured claims require a qualified tester","Original explanatory diagram or licensed exact imagery; video only after matching creator/title/date","4–12 editorial hours after data access; original testing additional","P2","Documentation relevance: moderate; query demand: unknown; not a volume estimate","Phone physical size","apple16","Scoped candidate; verify query and all exact claims before publishing"
"Galaxy S25 versus Pixel 9: verify region before comparing","galaxy s25 versus pixel 9 verify region before comparing","Phone physical size evidence; Phone physical size checklist","compare exact alternatives","Phone owners and buyers","comparison","evergreen","Source-backed problem scope: https://support.apple.com/en-us/121029; per-query search demand and volume unmeasured","Manufacturer documentation exists; individual SERP competition not audited.","An exact-model evidence checklist linked to the site’s corresponding tools; no invented test winner.","Phone physical size original documentation; exact model/region/version; independent tests if claiming measured performance","/phones/size-compare/; /data/sources/; /editorial-policy/","Disclosed retailer link only when exact offer/relationship is verified","Quarterly and on specification changes","Technical editor verifies exact source scope; measured claims require a qualified tester","Original explanatory diagram or licensed exact imagery; video only after matching creator/title/date","4–12 editorial hours after data access; original testing additional","P2","Documentation relevance: moderate; query demand: unknown; not a volume estimate","Phone physical size","apple16","Scoped candidate; verify query and all exact claims before publishing"
"Body height is not display height","body height is not display height","Phone physical size evidence; Phone physical size checklist","compare exact alternatives","Phone owners and buyers","comparison","evergreen","Source-backed problem scope: https://support.apple.com/en-us/121029; per-query search demand and volume unmeasured","Manufacturer documentation exists; individual SERP competition not audited.","An exact-model evidence checklist linked to the site’s corresponding tools; no invented test winner.","Phone physical size original documentation; exact model/region/version; independent tests if claiming measured performance","/phones/size-compare/; /data/sources/; /editorial-policy/","Disclosed retailer link only when exact offer/relationship is verified","Quarterly and on specification changes","Technical editor verifies exact source scope; measured claims require a qualified tester","Original explanatory diagram or licensed exact imagery; video only after matching creator/title/date","4–12 editorial hours after data access; original testing additional","P2","Documentation relevance: moderate; query demand: unknown; not a volume estimate","Phone physical size","apple16","Scoped candidate; verify query and all exact claims before publishing"
"A case changes the phone-size decision","a case changes the phone-size decision","Phone physical size evidence; Phone physical size checklist","compare exact alternatives","Phone owners and buyers","comparison","evergreen","Source-backed problem scope: https://support.apple.com/en-us/121029; per-query search demand and volume unmeasured","Manufacturer documentation exists; individual SERP competition not audited.","An exact-model evidence checklist linked to the site’s corresponding tools; no invented test winner.","Phone physical size original documentation; exact model/region/version; independent tests if claiming measured performance","/phones/size-compare/; /data/sources/; /editorial-policy/","Disclosed retailer link only when exact offer/relationship is verified","Quarterly and on specification changes","Technical editor verifies exact source scope; measured claims require a qualified tester","Original explanatory diagram or licensed exact imagery; video only after matching creator/title/date","4–12 editorial hours after data access; original testing additional","P2","Documentation relevance: moderate; query demand: unknown; not a volume estimate","Phone physical size","apple16","Scoped candidate; verify query and all exact claims before publishing"
"Relative silhouettes are not a screen-size calibration","relative silhouettes are not a screen-size calibration","Phone physical size evidence; Phone physical size checklist","compare exact alternatives","Phone owners and buyers","comparison","evergreen","Source-backed problem scope: https://support.apple.com/en-us/121029; per-query search demand and volume unmeasured","Manufacturer documentation exists; individual SERP competition not audited.","An exact-model evidence checklist linked to the site’s corresponding tools; no invented test winner.","Phone physical size original documentation; exact model/region/version; independent tests if claiming measured performance","/phones/size-compare/; /data/sources/; /editorial-policy/","Disclosed retailer link only when exact offer/relationship is verified","Quarterly and on specification changes","Technical editor verifies exact source scope; measured claims require a qualified tester","Original explanatory diagram or licensed exact imagery; video only after matching creator/title/date","4–12 editorial hours after data access; original testing additional","P3","Documentation relevance: moderate; query demand: unknown; not a volume estimate","Phone physical size","apple16","Scoped candidate; verify query and all exact claims before publishing"
"A phone-mount fit worksheet with manual tolerances","a phone-mount fit worksheet with manual tolerances","Phone physical size evidence; Phone physical size checklist","compare exact alternatives","Phone owners and buyers","comparison","evergreen","Source-backed problem scope: https://support.apple.com/en-us/121029; per-query search demand and volume unmeasured","Manufacturer documentation exists; individual SERP competition not audited.","An exact-model evidence checklist linked to the site’s corresponding tools; no invented test winner.","Phone physical size original documentation; exact model/region/version; independent tests if claiming measured performance","/phones/size-compare/; /data/sources/; /editorial-policy/","Disclosed retailer link only when exact offer/relationship is verified","Quarterly and on specification changes","Technical editor verifies exact source scope; measured claims require a qualified tester","Original explanatory diagram or licensed exact imagery; video only after matching creator/title/date","4–12 editorial hours after data access; original testing additional","P3","Documentation relevance: moderate; query demand: unknown; not a volume estimate","Phone physical size","apple16","Scoped candidate; verify query and all exact claims before publishing"
"Weight differences are not a hand-comfort test","weight differences are not a hand-comfort test","Phone physical size evidence; Phone physical size checklist","compare exact alternatives","Phone owners and buyers","comparison","evergreen","Source-backed problem scope: https://support.apple.com/en-us/121029; per-query search demand and volume unmeasured","Manufacturer documentation exists; individual SERP competition not audited.","An exact-model evidence checklist linked to the site’s corresponding tools; no invented test winner.","Phone physical size original documentation; exact model/region/version; independent tests if claiming measured performance","/phones/size-compare/; /data/sources/; /editorial-policy/","Disclosed retailer link only when exact offer/relationship is verified","Quarterly and on specification changes","Technical editor verifies exact source scope; measured claims require a qualified tester","Original explanatory diagram or licensed exact imagery; video only after matching creator/title/date","4–12 editorial hours after data access; original testing additional","P3","Documentation relevance: moderate; query demand: unknown; not a volume estimate","Phone physical size","apple16","Scoped candidate; verify query and all exact claims before publishing"
"Rounded corners reduce visible display area","rounded corners reduce visible display area","Phone physical size evidence; Phone physical size checklist","compare exact alternatives","Phone owners and buyers","comparison","evergreen","Source-backed problem scope: https://support.apple.com/en-us/121029; per-query search demand and volume unmeasured","Manufacturer documentation exists; individual SERP competition not audited.","An exact-model evidence checklist linked to the site’s corresponding tools; no invented test winner.","Phone physical size original documentation; exact model/region/version; independent tests if claiming measured performance","/phones/size-compare/; /data/sources/; /editorial-policy/","Disclosed retailer link only when exact offer/relationship is verified","Quarterly and on specification changes","Technical editor verifies exact source scope; measured claims require a qualified tester","Original explanatory diagram or licensed exact imagery; video only after matching creator/title/date","4–12 editorial hours after data access; original testing additional","P3","Documentation relevance: moderate; query demand: unknown; not a volume estimate","Phone physical size","apple16","Scoped candidate; verify query and all exact claims before publishing"
"Camera protrusions need more evidence than body thickness","camera protrusions need more evidence than body thickness","Phone physical size evidence; Phone physical size checklist","compare exact alternatives","Phone owners and buyers","comparison","evergreen","Source-backed problem scope: https://support.apple.com/en-us/121029; per-query search demand and volume unmeasured","Manufacturer documentation exists; individual SERP competition not audited.","An exact-model evidence checklist linked to the site’s corresponding tools; no invented test winner.","Phone physical size original documentation; exact model/region/version; independent tests if claiming measured performance","/phones/size-compare/; /data/sources/; /editorial-policy/","Disclosed retailer link only when exact offer/relationship is verified","Quarterly and on specification changes","Technical editor verifies exact source scope; measured claims require a qualified tester","Original explanatory diagram or licensed exact imagery; video only after matching creator/title/date","4–12 editorial hours after data access; original testing additional","P3","Documentation relevance: moderate; query demand: unknown; not a volume estimate","Phone physical size","apple16","Scoped candidate; verify query and all exact claims before publishing"
"iPhone 16: dimensions and verified specifications","iphone 16 dimensions and verified specifications","Phone hardware evidence; Phone hardware checklist","resolve a technical question","Phone owners and buyers","product resource","evergreen","Source-backed problem scope: https://store.google.com/gb/magazine/compare_pixel?hl=en-GB&toggler0=Pixel+9a&toggler1=Pixel+9+Pro&toggler2=Pixel+9; per-query search demand and volume unmeasured","Manufacturer documentation exists; individual SERP competition not audited.","An exact-model evidence checklist linked to the site’s corresponding tools; no invented test winner.","Phone hardware original documentation; exact model/region/version; independent tests if claiming measured performance","/phones/; /data/sources/; /editorial-policy/","Contextual article ads after publisher/CMP approval; no tool-interrupting ads","Quarterly and on specification changes","Technical editor verifies exact source scope; measured claims require a qualified tester","Original explanatory diagram or licensed exact imagery; video only after matching creator/title/date","4–12 editorial hours after data access; original testing additional","P1","Documentation relevance: moderate; query demand: unknown; not a volume estimate","Phone hardware","pixel","Scoped candidate; verify query and all exact claims before publishing"
"iPhone 16 Pro: dimensions and verified specifications","iphone 16 pro dimensions and verified specifications","Phone hardware evidence; Phone hardware checklist","resolve a technical question","Phone owners and buyers","product resource","evergreen","Source-backed problem scope: https://store.google.com/gb/magazine/compare_pixel?hl=en-GB&toggler0=Pixel+9a&toggler1=Pixel+9+Pro&toggler2=Pixel+9; per-query search demand and volume unmeasured","Manufacturer documentation exists; individual SERP competition not audited.","An exact-model evidence checklist linked to the site’s corresponding tools; no invented test winner.","Phone hardware original documentation; exact model/region/version; independent tests if claiming measured performance","/phones/; /data/sources/; /editorial-policy/","Contextual article ads after publisher/CMP approval; no tool-interrupting ads","Quarterly and on specification changes","Technical editor verifies exact source scope; measured claims require a qualified tester","Original explanatory diagram or licensed exact imagery; video only after matching creator/title/date","4–12 editorial hours after data access; original testing additional","P1","Documentation relevance: moderate; query demand: unknown; not a volume estimate","Phone hardware","pixel","Scoped candidate; verify query and all exact claims before publishing"
"Pixel 9: dimensions and verified specifications","pixel 9 dimensions and verified specifications","Phone hardware evidence; Phone hardware checklist","resolve a technical question","Phone owners and buyers","product resource","evergreen","Source-backed problem scope: https://store.google.com/gb/magazine/compare_pixel?hl=en-GB&toggler0=Pixel+9a&toggler1=Pixel+9+Pro&toggler2=Pixel+9; per-query search demand and volume unmeasured","Manufacturer documentation exists; individual SERP competition not audited.","An exact-model evidence checklist linked to the site’s corresponding tools; no invented test winner.","Phone hardware original documentation; exact model/region/version; independent tests if claiming measured performance","/phones/; /data/sources/; /editorial-policy/","Contextual article ads after publisher/CMP approval; no tool-interrupting ads","Quarterly and on specification changes","Technical editor verifies exact source scope; measured claims require a qualified tester","Original explanatory diagram or licensed exact imagery; video only after matching creator/title/date","4–12 editorial hours after data access; original testing additional","P1","Documentation relevance: moderate; query demand: unknown; not a volume estimate","Phone hardware","pixel","Scoped candidate; verify query and all exact claims before publishing"
"Pixel 9 Pro: dimensions and verified specifications","pixel 9 pro dimensions and verified specifications","Phone hardware evidence; Phone hardware checklist","resolve a technical question","Phone owners and buyers","product resource","evergreen","Source-backed problem scope: https://store.google.com/gb/magazine/compare_pixel?hl=en-GB&toggler0=Pixel+9a&toggler1=Pixel+9+Pro&toggler2=Pixel+9; per-query search demand and volume unmeasured","Manufacturer documentation exists; individual SERP competition not audited.","An exact-model evidence checklist linked to the site’s corresponding tools; no invented test winner.","Phone hardware original documentation; exact model/region/version; independent tests if claiming measured performance","/phones/; /data/sources/; /editorial-policy/","Contextual article ads after publisher/CMP approval; no tool-interrupting ads","Quarterly and on specification changes","Technical editor verifies exact source scope; measured claims require a qualified tester","Original explanatory diagram or licensed exact imagery; video only after matching creator/title/date","4–12 editorial hours after data access; original testing additional","P2","Documentation relevance: moderate; query demand: unknown; not a volume estimate","Phone hardware","pixel","Scoped candidate; verify query and all exact claims before publishing"
"Galaxy S25: dimensions and verified specifications","galaxy s25 dimensions and verified specifications","Phone hardware evidence; Phone hardware checklist","resolve a technical question","Phone owners and buyers","product resource","evergreen","Source-backed problem scope: https://store.google.com/gb/magazine/compare_pixel?hl=en-GB&toggler0=Pixel+9a&toggler1=Pixel+9+Pro&toggler2=Pixel+9; per-query search demand and volume unmeasured","Manufacturer documentation exists; individual SERP competition not audited.","An exact-model evidence checklist linked to the site’s corresponding tools; no invented test winner.","Phone hardware original documentation; exact model/region/version; independent tests if claiming measured performance","/phones/; /data/sources/; /editorial-policy/","Contextual article ads after publisher/CMP approval; no tool-interrupting ads","Quarterly and on specification changes","Technical editor verifies exact source scope; measured claims require a qualified tester","Original explanatory diagram or licensed exact imagery; video only after matching creator/title/date","4–12 editorial hours after data access; original testing additional","P2","Documentation relevance: moderate; query demand: unknown; not a volume estimate","Phone hardware","pixel","Scoped candidate; verify query and all exact claims before publishing"
"Typical battery capacity is not measured endurance","typical battery capacity is not measured endurance","Phone hardware evidence; Phone hardware checklist","resolve a technical question","Phone owners and buyers","product resource","evergreen","Source-backed problem scope: https://store.google.com/gb/magazine/compare_pixel?hl=en-GB&toggler0=Pixel+9a&toggler1=Pixel+9+Pro&toggler2=Pixel+9; per-query search demand and volume unmeasured","Manufacturer documentation exists; individual SERP competition not audited.","An exact-model evidence checklist linked to the site’s corresponding tools; no invented test winner.","Phone hardware original documentation; exact model/region/version; independent tests if claiming measured performance","/phones/; /data/sources/; /editorial-policy/","Contextual article ads after publisher/CMP approval; no tool-interrupting ads","Quarterly and on specification changes","Technical editor verifies exact source scope; measured claims require a qualified tester","Original explanatory diagram or licensed exact imagery; video only after matching creator/title/date","4–12 editorial hours after data access; original testing additional","P2","Documentation relevance: moderate; query demand: unknown; not a volume estimate","Phone hardware","pixel","Scoped candidate; verify query and all exact claims before publishing"
"A chip name does not establish sustained gaming speed","a chip name does not establish sustained gaming speed","Phone hardware evidence; Phone hardware checklist","resolve a technical question","Phone owners and buyers","product resource","evergreen","Source-backed problem scope: https://store.google.com/gb/magazine/compare_pixel?hl=en-GB&toggler0=Pixel+9a&toggler1=Pixel+9+Pro&toggler2=Pixel+9; per-query search demand and volume unmeasured","Manufacturer documentation exists; individual SERP competition not audited.","An exact-model evidence checklist linked to the site’s corresponding tools; no invented test winner.","Phone hardware original documentation; exact model/region/version; independent tests if claiming measured performance","/phones/; /data/sources/; /editorial-policy/","Contextual article ads after publisher/CMP approval; no tool-interrupting ads","Quarterly and on specification changes","Technical editor verifies exact source scope; measured claims require a qualified tester","Original explanatory diagram or licensed exact imagery; video only after matching creator/title/date","4–12 editorial hours after data access; original testing additional","P2","Documentation relevance: moderate; query demand: unknown; not a volume estimate","Phone hardware","pixel","Scoped candidate; verify query and all exact claims before publishing"
"Storage options depend on a model and region","storage options depend on a model and region","Phone hardware evidence; Phone hardware checklist","resolve a technical question","Phone owners and buyers","product resource","evergreen","Source-backed problem scope: https://store.google.com/gb/magazine/compare_pixel?hl=en-GB&toggler0=Pixel+9a&toggler1=Pixel+9+Pro&toggler2=Pixel+9; per-query search demand and volume unmeasured","Manufacturer documentation exists; individual SERP competition not audited.","An exact-model evidence checklist linked to the site’s corresponding tools; no invented test winner.","Phone hardware original documentation; exact model/region/version; independent tests if claiming measured performance","/phones/; /data/sources/; /editorial-policy/","Contextual article ads after publisher/CMP approval; no tool-interrupting ads","Quarterly and on specification changes","Technical editor verifies exact source scope; measured claims require a qualified tester","Original explanatory diagram or licensed exact imagery; video only after matching creator/title/date","4–12 editorial hours after data access; original testing additional","P3","Documentation relevance: moderate; query demand: unknown; not a volume estimate","Phone hardware","pixel","Scoped candidate; verify query and all exact claims before publishing"
"A regional SIM checklist before buying a phone","a regional sim checklist before buying a phone","Phone hardware evidence; Phone hardware checklist","resolve a technical question","Phone owners and buyers","product resource","evergreen","Source-backed problem scope: https://store.google.com/gb/magazine/compare_pixel?hl=en-GB&toggler0=Pixel+9a&toggler1=Pixel+9+Pro&toggler2=Pixel+9; per-query search demand and volume unmeasured","Manufacturer documentation exists; individual SERP competition not audited.","An exact-model evidence checklist linked to the site’s corresponding tools; no invented test winner.","Phone hardware original documentation; exact model/region/version; independent tests if claiming measured performance","/phones/; /data/sources/; /editorial-policy/","Contextual article ads after publisher/CMP approval; no tool-interrupting ads","Quarterly and on specification changes","Technical editor verifies exact source scope; measured claims require a qualified tester","Original explanatory diagram or licensed exact imagery; video only after matching creator/title/date","4–12 editorial hours after data access; original testing additional","P3","Documentation relevance: moderate; query demand: unknown; not a volume estimate","Phone hardware","pixel","Scoped candidate; verify query and all exact claims before publishing"
"Phone RAM claims need a manufacturer source","phone ram claims need a manufacturer source","Phone hardware evidence; Phone hardware checklist","resolve a technical question","Phone owners and buyers","product resource","evergreen","Source-backed problem scope: https://store.google.com/gb/magazine/compare_pixel?hl=en-GB&toggler0=Pixel+9a&toggler1=Pixel+9+Pro&toggler2=Pixel+9; per-query search demand and volume unmeasured","Manufacturer documentation exists; individual SERP competition not audited.","An exact-model evidence checklist linked to the site’s corresponding tools; no invented test winner.","Phone hardware original documentation; exact model/region/version; independent tests if claiming measured performance","/phones/; /data/sources/; /editorial-policy/","Contextual article ads after publisher/CMP approval; no tool-interrupting ads","Quarterly and on specification changes","Technical editor verifies exact source scope; measured claims require a qualified tester","Original explanatory diagram or licensed exact imagery; video only after matching creator/title/date","4–12 editorial hours after data access; original testing additional","P3","Documentation relevance: moderate; query demand: unknown; not a volume estimate","Phone hardware","pixel","Scoped candidate; verify query and all exact claims before publishing"
"A missing USB field means unverified, not unsupported","a missing usb field means unverified, not unsupported","Phone hardware evidence; Phone hardware checklist","resolve a technical question","Phone owners and buyers","product resource","evergreen","Source-backed problem scope: https://store.google.com/gb/magazine/compare_pixel?hl=en-GB&toggler0=Pixel+9a&toggler1=Pixel+9+Pro&toggler2=Pixel+9; per-query search demand and volume unmeasured","Manufacturer documentation exists; individual SERP competition not audited.","An exact-model evidence checklist linked to the site’s corresponding tools; no invented test winner.","Phone hardware original documentation; exact model/region/version; independent tests if claiming measured performance","/phones/; /data/sources/; /editorial-policy/","Contextual article ads after publisher/CMP approval; no tool-interrupting ads","Quarterly and on specification changes","Technical editor verifies exact source scope; measured claims require a qualified tester","Original explanatory diagram or licensed exact imagery; video only after matching creator/title/date","4–12 editorial hours after data access; original testing additional","P3","Documentation relevance: moderate; query demand: unknown; not a volume estimate","Phone hardware","pixel","Scoped candidate; verify query and all exact claims before publishing"
"Separate official camera specifications from camera test results","separate official camera specifications from camera test results","Phone hardware evidence; Phone hardware checklist","resolve a technical question","Phone owners and buyers","product resource","evergreen","Source-backed problem scope: https://store.google.com/gb/magazine/compare_pixel?hl=en-GB&toggler0=Pixel+9a&toggler1=Pixel+9+Pro&toggler2=Pixel+9; per-query search demand and volume unmeasured","Manufacturer documentation exists; individual SERP competition not audited.","An exact-model evidence checklist linked to the site’s corresponding tools; no invented test winner.","Phone hardware original documentation; exact model/region/version; independent tests if claiming measured performance","/phones/; /data/sources/; /editorial-policy/","Contextual article ads after publisher/CMP approval; no tool-interrupting ads","Quarterly and on specification changes","Technical editor verifies exact source scope; measured claims require a qualified tester","Original explanatory diagram or licensed exact imagery; video only after matching creator/title/date","4–12 editorial hours after data access; original testing additional","P3","Documentation relevance: moderate; query demand: unknown; not a volume estimate","Phone hardware","pixel","Scoped candidate; verify query and all exact claims before publishing"
"Phone update support: a promise is not always an exact end date","phone update support a promise is not always an exact end date","Phone support evidence; Phone support checklist","resolve a technical question","Phone owners and buyers","tracker","evergreen","Source-backed problem scope: https://support.google.com/pixelphone/answer/4457705?hl=en; per-query search demand and volume unmeasured","Manufacturer documentation exists; individual SERP competition not audited.","An exact-model evidence checklist linked to the site’s corresponding tools; no invented test winner.","Phone support original documentation; exact model/region/version; independent tests if claiming measured performance","/phones/software-support/; /data/sources/; /editorial-policy/","Contextual article ads after publisher/CMP approval; no tool-interrupting ads","Quarterly and on specification changes","Technical editor verifies exact source scope; measured claims require a qualified tester","Original explanatory diagram or licensed exact imagery; video only after matching creator/title/date","4–12 editorial hours after data access; original testing additional","P1","Documentation relevance: moderate; query demand: unknown; not a volume estimate","Phone support","pixelupdates","Scoped candidate; verify query and all exact claims before publishing"
"Phone software-support evidence tracker","phone software-support evidence tracker","Phone support evidence; Phone support checklist","resolve a technical question","Phone owners and buyers","tracker","evergreen","Source-backed problem scope: https://support.google.com/pixelphone/answer/4457705?hl=en; per-query search demand and volume unmeasured","Manufacturer documentation exists; individual SERP competition not audited.","An exact-model evidence checklist linked to the site’s corresponding tools; no invented test winner.","Phone support original documentation; exact model/region/version; independent tests if claiming measured performance","/phones/software-support/; /data/sources/; /editorial-policy/","Contextual article ads after publisher/CMP approval; no tool-interrupting ads","Quarterly and on specification changes","Technical editor verifies exact source scope; measured claims require a qualified tester","Original explanatory diagram or licensed exact imagery; video only after matching creator/title/date","4–12 editorial hours after data access; original testing additional","P1","Documentation relevance: moderate; query demand: unknown; not a volume estimate","Phone support","pixelupdates","Scoped candidate; verify query and all exact claims before publishing"
"A later phone purchase does not restart an update window","a later phone purchase does not restart an update window","Phone support evidence; Phone support checklist","resolve a technical question","Phone owners and buyers","tracker","evergreen","Source-backed problem scope: https://support.google.com/pixelphone/answer/4457705?hl=en; per-query search demand and volume unmeasured","Manufacturer documentation exists; individual SERP competition not audited.","An exact-model evidence checklist linked to the site’s corresponding tools; no invented test winner.","Phone support original documentation; exact model/region/version; independent tests if claiming measured performance","/phones/software-support/; /data/sources/; /editorial-policy/","Contextual article ads after publisher/CMP approval; no tool-interrupting ads","Quarterly and on specification changes","Technical editor verifies exact source scope; measured claims require a qualified tester","Original explanatory diagram or licensed exact imagery; video only after matching creator/title/date","4–12 editorial hours after data access; original testing additional","P1","Documentation relevance: moderate; query demand: unknown; not a volume estimate","Phone support","pixelupdates","Scoped candidate; verify query and all exact claims before publishing"
"OS updates and security updates are separate commitments","os updates and security updates are separate commitments","Phone support evidence; Phone support checklist","resolve a technical question","Phone owners and buyers","tracker","evergreen","Source-backed problem scope: https://support.google.com/pixelphone/answer/4457705?hl=en; per-query search demand and volume unmeasured","Manufacturer documentation exists; individual SERP competition not audited.","An exact-model evidence checklist linked to the site’s corresponding tools; no invented test winner.","Phone support original documentation; exact model/region/version; independent tests if claiming measured performance","/phones/software-support/; /data/sources/; /editorial-policy/","Contextual article ads after publisher/CMP approval; no tool-interrupting ads","Quarterly and on specification changes","Technical editor verifies exact source scope; measured claims require a qualified tester","Original explanatory diagram or licensed exact imagery; video only after matching creator/title/date","4–12 editorial hours after data access; original testing additional","P2","Documentation relevance: moderate; query demand: unknown; not a volume estimate","Phone support","pixelupdates","Scoped candidate; verify query and all exact claims before publishing"
"First availability is an anchor, not a launch-year guess","first availability is an anchor, not a launch-year guess","Phone support evidence; Phone support checklist","resolve a technical question","Phone owners and buyers","tracker","evergreen","Source-backed problem scope: https://support.google.com/pixelphone/answer/4457705?hl=en; per-query search demand and volume unmeasured","Manufacturer documentation exists; individual SERP competition not audited.","An exact-model evidence checklist linked to the site’s corresponding tools; no invented test winner.","Phone support original documentation; exact model/region/version; independent tests if claiming measured performance","/phones/software-support/; /data/sources/; /editorial-policy/","Contextual article ads after publisher/CMP approval; no tool-interrupting ads","Quarterly and on specification changes","Technical editor verifies exact source scope; measured claims require a qualified tester","Original explanatory diagram or licensed exact imagery; video only after matching creator/title/date","4–12 editorial hours after data access; original testing additional","P2","Documentation relevance: moderate; query demand: unknown; not a volume estimate","Phone support","pixelupdates","Scoped candidate; verify query and all exact claims before publishing"
"A policy window is not an installed-version tracker","a policy window is not an installed-version tracker","Phone support evidence; Phone support checklist","resolve a technical question","Phone owners and buyers","tracker","evergreen","Source-backed problem scope: https://support.google.com/pixelphone/answer/4457705?hl=en; per-query search demand and volume unmeasured","Manufacturer documentation exists; individual SERP competition not audited.","An exact-model evidence checklist linked to the site’s corresponding tools; no invented test winner.","Phone support original documentation; exact model/region/version; independent tests if claiming measured performance","/phones/software-support/; /data/sources/; /editorial-policy/","Contextual article ads after publisher/CMP approval; no tool-interrupting ads","Quarterly and on specification changes","Technical editor verifies exact source scope; measured claims require a qualified tester","Original explanatory diagram or licensed exact imagery; video only after matching creator/title/date","4–12 editorial hours after data access; original testing additional","P2","Documentation relevance: moderate; query demand: unknown; not a volume estimate","Phone support","pixelupdates","Scoped candidate; verify query and all exact claims before publishing"
"Record carrier and region in an update support request","record carrier and region in an update support request","Phone support evidence; Phone support checklist","resolve a technical question","Phone owners and buyers","tracker","evergreen","Source-backed problem scope: https://support.google.com/pixelphone/answer/4457705?hl=en; per-query search demand and volume unmeasured","Manufacturer documentation exists; individual SERP competition not audited.","An exact-model evidence checklist linked to the site’s corresponding tools; no invented test winner.","Phone support original documentation; exact model/region/version; independent tests if claiming measured performance","/phones/software-support/; /data/sources/; /editorial-policy/","Contextual article ads after publisher/CMP approval; no tool-interrupting ads","Quarterly and on specification changes","Technical editor verifies exact source scope; measured claims require a qualified tester","Original explanatory diagram or licensed exact imagery; video only after matching creator/title/date","4–12 editorial hours after data access; original testing additional","P2","Documentation relevance: moderate; query demand: unknown; not a volume estimate","Phone support","pixelupdates","Scoped candidate; verify query and all exact claims before publishing"
"Historical support is not a future guarantee","historical support is not a future guarantee","Phone support evidence; Phone support checklist","resolve a technical question","Phone owners and buyers","tracker","evergreen","Source-backed problem scope: https://support.google.com/pixelphone/answer/4457705?hl=en; per-query search demand and volume unmeasured","Manufacturer documentation exists; individual SERP competition not audited.","An exact-model evidence checklist linked to the site’s corresponding tools; no invented test winner.","Phone support original documentation; exact model/region/version; independent tests if claiming measured performance","/phones/software-support/; /data/sources/; /editorial-policy/","Contextual article ads after publisher/CMP approval; no tool-interrupting ads","Quarterly and on specification changes","Technical editor verifies exact source scope; measured claims require a qualified tester","Original explanatory diagram or licensed exact imagery; video only after matching creator/title/date","4–12 editorial hours after data access; original testing additional","P3","Documentation relevance: moderate; query demand: unknown; not a volume estimate","Phone support","pixelupdates","Scoped candidate; verify query and all exact claims before publishing"
"A used-phone checklist that includes software eligibility","a used-phone checklist that includes software eligibility","Phone support evidence; Phone support checklist","resolve a technical question","Phone owners and buyers","tracker","evergreen","Source-backed problem scope: https://support.google.com/pixelphone/answer/4457705?hl=en; per-query search demand and volume unmeasured","Manufacturer documentation exists; individual SERP competition not audited.","An exact-model evidence checklist linked to the site’s corresponding tools; no invented test winner.","Phone support original documentation; exact model/region/version; independent tests if claiming measured performance","/phones/software-support/; /data/sources/; /editorial-policy/","Contextual article ads after publisher/CMP approval; no tool-interrupting ads","Quarterly and on specification changes","Technical editor verifies exact source scope; measured claims require a qualified tester","Original explanatory diagram or licensed exact imagery; video only after matching creator/title/date","4–12 editorial hours after data access; original testing additional","P3","Documentation relevance: moderate; query demand: unknown; not a volume estimate","Phone support","pixelupdates","Scoped candidate; verify query and all exact claims before publishing"
"Do not convert unknown support into a zero-year label","do not convert unknown support into a zero-year label","Phone support evidence; Phone support checklist","resolve a technical question","Phone owners and buyers","tracker","evergreen","Source-backed problem scope: https://support.google.com/pixelphone/answer/4457705?hl=en; per-query search demand and volume unmeasured","Manufacturer documentation exists; individual SERP competition not audited.","An exact-model evidence checklist linked to the site’s corresponding tools; no invented test winner.","Phone support original documentation; exact model/region/version; independent tests if claiming measured performance","/phones/software-support/; /data/sources/; /editorial-policy/","Contextual article ads after publisher/CMP approval; no tool-interrupting ads","Quarterly and on specification changes","Technical editor verifies exact source scope; measured claims require a qualified tester","Original explanatory diagram or licensed exact imagery; video only after matching creator/title/date","4–12 editorial hours after data access; original testing additional","P3","Documentation relevance: moderate; query demand: unknown; not a volume estimate","Phone support","pixelupdates","Scoped candidate; verify query and all exact claims before publishing"
"An update commitment does not promise every new feature","an update commitment does not promise every new feature","Phone support evidence; Phone support checklist","resolve a technical question","Phone owners and buyers","tracker","evergreen","Source-backed problem scope: https://support.google.com/pixelphone/answer/4457705?hl=en; per-query search demand and volume unmeasured","Manufacturer documentation exists; individual SERP competition not audited.","An exact-model evidence checklist linked to the site’s corresponding tools; no invented test winner.","Phone support original documentation; exact model/region/version; independent tests if claiming measured performance","/phones/software-support/; /data/sources/; /editorial-policy/","Contextual article ads after publisher/CMP approval; no tool-interrupting ads","Quarterly and on specification changes","Technical editor verifies exact source scope; measured claims require a qualified tester","Original explanatory diagram or licensed exact imagery; video only after matching creator/title/date","4–12 editorial hours after data access; original testing additional","P3","Documentation relevance: moderate; query demand: unknown; not a volume estimate","Phone support","pixelupdates","Scoped candidate; verify query and all exact claims before publishing"
"Repair and battery service belong beside the support discussion","repair and battery service belong beside the support discussion","Phone support evidence; Phone support checklist","resolve a technical question","Phone owners and buyers","tracker","evergreen","Source-backed problem scope: https://support.google.com/pixelphone/answer/4457705?hl=en; per-query search demand and volume unmeasured","Manufacturer documentation exists; individual SERP competition not audited.","An exact-model evidence checklist linked to the site’s corresponding tools; no invented test winner.","Phone support original documentation; exact model/region/version; independent tests if claiming measured performance","/phones/software-support/; /data/sources/; /editorial-policy/","Contextual article ads after publisher/CMP approval; no tool-interrupting ads","Quarterly and on specification changes","Technical editor verifies exact source scope; measured claims require a qualified tester","Original explanatory diagram or licensed exact imagery; video only after matching creator/title/date","4–12 editorial hours after data access; original testing additional","P3","Documentation relevance: moderate; query demand: unknown; not a volume estimate","Phone support","pixelupdates","Scoped candidate; verify query and all exact claims before publishing"
"PC electricity cost calculator","pc electricity cost calculator","Electricity evidence; Electricity checklist","interactive planning","PC builders, upgraders and technical readers","calculator","evergreen","Source-backed problem scope: https://us.msi.com/Motherboard/MAG-B650-TOMAHAWK-WIFI/Specification; per-query search demand and volume unmeasured","Manufacturer documentation exists; individual SERP competition not audited.","A transparent calculation with editable inputs, unknown-aware validation and method notes.","Electricity original documentation; exact model/region/version; independent tests if claiming measured performance","/tools/pc-electricity-cost/; /data/sources/; /editorial-policy/","Contextual article ads after publisher/CMP approval; no tool-interrupting ads","Quarterly and on specification changes","Technical editor verifies exact source scope; measured claims require a qualified tester","Original explanatory diagram or licensed exact imagery; video only after matching creator/title/date","1–3 engineering days plus QA","P1","Documentation relevance: moderate; query demand: unknown; not a volume estimate","Electricity","msi","Scoped candidate; verify query and all exact claims before publishing"
"Wall power versus component power specifications","wall power versus component power specifications","Electricity evidence; Electricity checklist","interactive planning","PC builders, upgraders and technical readers","calculator","evergreen","Source-backed problem scope: https://us.msi.com/Motherboard/MAG-B650-TOMAHAWK-WIFI/Specification; per-query search demand and volume unmeasured","Manufacturer documentation exists; individual SERP competition not audited.","A transparent calculation with editable inputs, unknown-aware validation and method notes.","Electricity original documentation; exact model/region/version; independent tests if claiming measured performance","/tools/pc-electricity-cost/; /data/sources/; /editorial-policy/","Contextual article ads after publisher/CMP approval; no tool-interrupting ads","Quarterly and on specification changes","Technical editor verifies exact source scope; measured claims require a qualified tester","Original explanatory diagram or licensed exact imagery; video only after matching creator/title/date","1–3 engineering days plus QA","P1","Documentation relevance: moderate; query demand: unknown; not a volume estimate","Electricity","msi","Scoped candidate; verify query and all exact claims before publishing"
"Idle and gaming periods need separate energy inputs","idle and gaming periods need separate energy inputs","Electricity evidence; Electricity checklist","interactive planning","PC builders, upgraders and technical readers","calculator","evergreen","Source-backed problem scope: https://us.msi.com/Motherboard/MAG-B650-TOMAHAWK-WIFI/Specification; per-query search demand and volume unmeasured","Manufacturer documentation exists; individual SERP competition not audited.","A transparent calculation with editable inputs, unknown-aware validation and method notes.","Electricity original documentation; exact model/region/version; independent tests if claiming measured performance","/tools/pc-electricity-cost/; /data/sources/; /editorial-policy/","Contextual article ads after publisher/CMP approval; no tool-interrupting ads","Quarterly and on specification changes","Technical editor verifies exact source scope; measured claims require a qualified tester","Original explanatory diagram or licensed exact imagery; video only after matching creator/title/date","1–3 engineering days plus QA","P1","Documentation relevance: moderate; query demand: unknown; not a volume estimate","Electricity","msi","Scoped candidate; verify query and all exact claims before publishing"
"An 850 W PSU does not mean constant 850 W consumption","an 850 w psu does not mean constant 850 w consumption","Electricity evidence; Electricity checklist","interactive planning","PC builders, upgraders and technical readers","calculator","evergreen","Source-backed problem scope: https://us.msi.com/Motherboard/MAG-B650-TOMAHAWK-WIFI/Specification; per-query search demand and volume unmeasured","Manufacturer documentation exists; individual SERP competition not audited.","A transparent calculation with editable inputs, unknown-aware validation and method notes.","Electricity original documentation; exact model/region/version; independent tests if claiming measured performance","/tools/pc-electricity-cost/; /data/sources/; /editorial-policy/","Contextual article ads after publisher/CMP approval; no tool-interrupting ads","Quarterly and on specification changes","Technical editor verifies exact source scope; measured claims require a qualified tester","Original explanatory diagram or licensed exact imagery; video only after matching creator/title/date","1–3 engineering days plus QA","P2","Documentation relevance: moderate; query demand: unknown; not a volume estimate","Electricity","msi","Scoped candidate; verify query and all exact claims before publishing"
"A monitor belongs in the meter reading or a separate budget","a monitor belongs in the meter reading or a separate budget","Electricity evidence; Electricity checklist","interactive planning","PC builders, upgraders and technical readers","calculator","evergreen","Source-backed problem scope: https://us.msi.com/Motherboard/MAG-B650-TOMAHAWK-WIFI/Specification; per-query search demand and volume unmeasured","Manufacturer documentation exists; individual SERP competition not audited.","A transparent calculation with editable inputs, unknown-aware validation and method notes.","Electricity original documentation; exact model/region/version; independent tests if claiming measured performance","/tools/pc-electricity-cost/; /data/sources/; /editorial-policy/","Contextual article ads after publisher/CMP approval; no tool-interrupting ads","Quarterly and on specification changes","Technical editor verifies exact source scope; measured claims require a qualified tester","Original explanatory diagram or licensed exact imagery; video only after matching creator/title/date","1–3 engineering days plus QA","P2","Documentation relevance: moderate; query demand: unknown; not a volume estimate","Electricity","msi","Scoped candidate; verify query and all exact claims before publishing"
"Tiered tariffs need more than a single energy rate","tiered tariffs need more than a single energy rate","Electricity evidence; Electricity checklist","interactive planning","PC builders, upgraders and technical readers","calculator","evergreen","Source-backed problem scope: https://us.msi.com/Motherboard/MAG-B650-TOMAHAWK-WIFI/Specification; per-query search demand and volume unmeasured","Manufacturer documentation exists; individual SERP competition not audited.","A transparent calculation with editable inputs, unknown-aware validation and method notes.","Electricity original documentation; exact model/region/version; independent tests if claiming measured performance","/tools/pc-electricity-cost/; /data/sources/; /editorial-policy/","Contextual article ads after publisher/CMP approval; no tool-interrupting ads","Quarterly and on specification changes","Technical editor verifies exact source scope; measured claims require a qualified tester","Original explanatory diagram or licensed exact imagery; video only after matching creator/title/date","1–3 engineering days plus QA","P2","Documentation relevance: moderate; query demand: unknown; not a volume estimate","Electricity","msi","Scoped candidate; verify query and all exact claims before publishing"
"Your power bill includes costs this calculator does not infer","your power bill includes costs this calculator does not infer","Electricity evidence; Electricity checklist","interactive planning","PC builders, upgraders and technical readers","calculator","evergreen","Source-backed problem scope: https://us.msi.com/Motherboard/MAG-B650-TOMAHAWK-WIFI/Specification; per-query search demand and volume unmeasured","Manufacturer documentation exists; individual SERP competition not audited.","A transparent calculation with editable inputs, unknown-aware validation and method notes.","Electricity original documentation; exact model/region/version; independent tests if claiming measured performance","/tools/pc-electricity-cost/; /data/sources/; /editorial-policy/","Contextual article ads after publisher/CMP approval; no tool-interrupting ads","Quarterly and on specification changes","Technical editor verifies exact source scope; measured claims require a qualified tester","Original explanatory diagram or licensed exact imagery; video only after matching creator/title/date","1–3 engineering days plus QA","P2","Documentation relevance: moderate; query demand: unknown; not a volume estimate","Electricity","msi","Scoped candidate; verify query and all exact claims before publishing"
"Compare energy costs in one currency at a time","compare energy costs in one currency at a time","Electricity evidence; Electricity checklist","interactive planning","PC builders, upgraders and technical readers","calculator","evergreen","Source-backed problem scope: https://us.msi.com/Motherboard/MAG-B650-TOMAHAWK-WIFI/Specification; per-query search demand and volume unmeasured","Manufacturer documentation exists; individual SERP competition not audited.","A transparent calculation with editable inputs, unknown-aware validation and method notes.","Electricity original documentation; exact model/region/version; independent tests if claiming measured performance","/tools/pc-electricity-cost/; /data/sources/; /editorial-policy/","Contextual article ads after publisher/CMP approval; no tool-interrupting ads","Quarterly and on specification changes","Technical editor verifies exact source scope; measured claims require a qualified tester","Original explanatory diagram or licensed exact imagery; video only after matching creator/title/date","1–3 engineering days plus QA","P3","Documentation relevance: moderate; query demand: unknown; not a volume estimate","Electricity","msi","Scoped candidate; verify query and all exact claims before publishing"
"How a shorter daily gaming period changes annual energy","how a shorter daily gaming period changes annual energy","Electricity evidence; Electricity checklist","interactive planning","PC builders, upgraders and technical readers","calculator","evergreen","Source-backed problem scope: https://us.msi.com/Motherboard/MAG-B650-TOMAHAWK-WIFI/Specification; per-query search demand and volume unmeasured","Manufacturer documentation exists; individual SERP competition not audited.","A transparent calculation with editable inputs, unknown-aware validation and method notes.","Electricity original documentation; exact model/region/version; independent tests if claiming measured performance","/tools/pc-electricity-cost/; /data/sources/; /editorial-policy/","Contextual article ads after publisher/CMP approval; no tool-interrupting ads","Quarterly and on specification changes","Technical editor verifies exact source scope; measured claims require a qualified tester","Original explanatory diagram or licensed exact imagery; video only after matching creator/title/date","1–3 engineering days plus QA","P3","Documentation relevance: moderate; query demand: unknown; not a volume estimate","Electricity","msi","Scoped candidate; verify query and all exact claims before publishing"
"A zero marginal tariff still needs a deliberate input","a zero marginal tariff still needs a deliberate input","Electricity evidence; Electricity checklist","interactive planning","PC builders, upgraders and technical readers","calculator","evergreen","Source-backed problem scope: https://us.msi.com/Motherboard/MAG-B650-TOMAHAWK-WIFI/Specification; per-query search demand and volume unmeasured","Manufacturer documentation exists; individual SERP competition not audited.","A transparent calculation with editable inputs, unknown-aware validation and method notes.","Electricity original documentation; exact model/region/version; independent tests if claiming measured performance","/tools/pc-electricity-cost/; /data/sources/; /editorial-policy/","Contextual article ads after publisher/CMP approval; no tool-interrupting ads","Quarterly and on specification changes","Technical editor verifies exact source scope; measured claims require a qualified tester","Original explanatory diagram or licensed exact imagery; video only after matching creator/title/date","1–3 engineering days plus QA","P3","Documentation relevance: moderate; query demand: unknown; not a volume estimate","Electricity","msi","Scoped candidate; verify query and all exact claims before publishing"
"Annual projections assume consistent usage","annual projections assume consistent usage","Electricity evidence; Electricity checklist","interactive planning","PC builders, upgraders and technical readers","calculator","evergreen","Source-backed problem scope: https://us.msi.com/Motherboard/MAG-B650-TOMAHAWK-WIFI/Specification; per-query search demand and volume unmeasured","Manufacturer documentation exists; individual SERP competition not audited.","A transparent calculation with editable inputs, unknown-aware validation and method notes.","Electricity original documentation; exact model/region/version; independent tests if claiming measured performance","/tools/pc-electricity-cost/; /data/sources/; /editorial-policy/","Contextual article ads after publisher/CMP approval; no tool-interrupting ads","Quarterly and on specification changes","Technical editor verifies exact source scope; measured claims require a qualified tester","Original explanatory diagram or licensed exact imagery; video only after matching creator/title/date","1–3 engineering days plus QA","P3","Documentation relevance: moderate; query demand: unknown; not a volume estimate","Electricity","msi","Scoped candidate; verify query and all exact claims before publishing"
"A measured average is better than a guessed maximum","a measured average is better than a guessed maximum","Electricity evidence; Electricity checklist","interactive planning","PC builders, upgraders and technical readers","calculator","evergreen","Source-backed problem scope: https://us.msi.com/Motherboard/MAG-B650-TOMAHAWK-WIFI/Specification; per-query search demand and volume unmeasured","Manufacturer documentation exists; individual SERP competition not audited.","A transparent calculation with editable inputs, unknown-aware validation and method notes.","Electricity original documentation; exact model/region/version; independent tests if claiming measured performance","/tools/pc-electricity-cost/; /data/sources/; /editorial-policy/","Contextual article ads after publisher/CMP approval; no tool-interrupting ads","Quarterly and on specification changes","Technical editor verifies exact source scope; measured claims require a qualified tester","Original explanatory diagram or licensed exact imagery; video only after matching creator/title/date","1–3 engineering days plus QA","P3","Documentation relevance: moderate; query demand: unknown; not a volume estimate","Electricity","msi","Scoped candidate; verify query and all exact claims before publishing"
"Monitor pixel density and size calculator","monitor pixel density and size calculator","Display geometry evidence; Display geometry checklist","interactive planning","PC builders, upgraders and technical readers","calculator","evergreen","Source-backed problem scope: https://www.rtings.com/monitor/tests/inputs/input-lag; per-query search demand and volume unmeasured","RTINGS publishes measured display methods; SERP difficulty unmeasured.","A transparent calculation with editable inputs, unknown-aware validation and method notes.","Display geometry original documentation; exact model/region/version; independent tests if claiming measured performance","/tools/monitor-pixel-density/; /data/sources/; /editorial-policy/","Contextual article ads after publisher/CMP approval; no tool-interrupting ads","Quarterly and on specification changes","Technical editor verifies exact source scope; measured claims require a qualified tester","Original explanatory diagram or licensed exact imagery; video only after matching creator/title/date","1–3 engineering days plus QA","P1","Documentation relevance: moderate; query demand: unknown; not a volume estimate","Display geometry","rtings","Scoped candidate; verify query and all exact claims before publishing"
"FPS and refresh interval calculator","fps and refresh interval calculator","Display geometry evidence; Display geometry checklist","interactive planning","PC builders, upgraders and technical readers","calculator","evergreen","Source-backed problem scope: https://www.rtings.com/monitor/tests/inputs/input-lag; per-query search demand and volume unmeasured","RTINGS publishes measured display methods; SERP difficulty unmeasured.","A transparent calculation with editable inputs, unknown-aware validation and method notes.","Display geometry original documentation; exact model/region/version; independent tests if claiming measured performance","/tools/monitor-pixel-density/; /data/sources/; /editorial-policy/","Contextual article ads after publisher/CMP approval; no tool-interrupting ads","Quarterly and on specification changes","Technical editor verifies exact source scope; measured claims require a qualified tester","Original explanatory diagram or licensed exact imagery; video only after matching creator/title/date","1–3 engineering days plus QA","P1","Documentation relevance: moderate; query demand: unknown; not a volume estimate","Display geometry","rtings","Scoped candidate; verify query and all exact claims before publishing"
"PPI is not a display-quality score","ppi is not a display-quality score","Display geometry evidence; Display geometry checklist","interactive planning","PC builders, upgraders and technical readers","calculator","evergreen","Source-backed problem scope: https://www.rtings.com/monitor/tests/inputs/input-lag; per-query search demand and volume unmeasured","RTINGS publishes measured display methods; SERP difficulty unmeasured.","A transparent calculation with editable inputs, unknown-aware validation and method notes.","Display geometry original documentation; exact model/region/version; independent tests if claiming measured performance","/tools/monitor-pixel-density/; /data/sources/; /editorial-policy/","Contextual article ads after publisher/CMP approval; no tool-interrupting ads","Quarterly and on specification changes","Technical editor verifies exact source scope; measured claims require a qualified tester","Original explanatory diagram or licensed exact imagery; video only after matching creator/title/date","1–3 engineering days plus QA","P1","Documentation relevance: moderate; query demand: unknown; not a volume estimate","Display geometry","rtings","Scoped candidate; verify query and all exact claims before publishing"
"Native resolution versus operating-system scaling","native resolution versus operating-system scaling","Display geometry evidence; Display geometry checklist","interactive planning","PC builders, upgraders and technical readers","calculator","evergreen","Source-backed problem scope: https://www.rtings.com/monitor/tests/inputs/input-lag; per-query search demand and volume unmeasured","RTINGS publishes measured display methods; SERP difficulty unmeasured.","A transparent calculation with editable inputs, unknown-aware validation and method notes.","Display geometry original documentation; exact model/region/version; independent tests if claiming measured performance","/tools/monitor-pixel-density/; /data/sources/; /editorial-policy/","Contextual article ads after publisher/CMP approval; no tool-interrupting ads","Quarterly and on specification changes","Technical editor verifies exact source scope; measured claims require a qualified tester","Original explanatory diagram or licensed exact imagery; video only after matching creator/title/date","1–3 engineering days plus QA","P2","Documentation relevance: moderate; query demand: unknown; not a volume estimate","Display geometry","rtings","Scoped candidate; verify query and all exact claims before publishing"
"An active-panel rectangle is not the monitor chassis","an active-panel rectangle is not the monitor chassis","Display geometry evidence; Display geometry checklist","interactive planning","PC builders, upgraders and technical readers","calculator","evergreen","Source-backed problem scope: https://www.rtings.com/monitor/tests/inputs/input-lag; per-query search demand and volume unmeasured","RTINGS publishes measured display methods; SERP difficulty unmeasured.","A transparent calculation with editable inputs, unknown-aware validation and method notes.","Display geometry original documentation; exact model/region/version; independent tests if claiming measured performance","/tools/monitor-pixel-density/; /data/sources/; /editorial-policy/","Contextual article ads after publisher/CMP approval; no tool-interrupting ads","Quarterly and on specification changes","Technical editor verifies exact source scope; measured claims require a qualified tester","Original explanatory diagram or licensed exact imagery; video only after matching creator/title/date","1–3 engineering days plus QA","P2","Documentation relevance: moderate; query demand: unknown; not a volume estimate","Display geometry","rtings","Scoped candidate; verify query and all exact claims before publishing"
"Stand depth matters in a desk layout","stand depth matters in a desk layout","Display geometry evidence; Display geometry checklist","interactive planning","PC builders, upgraders and technical readers","calculator","evergreen","Source-backed problem scope: https://www.rtings.com/monitor/tests/inputs/input-lag; per-query search demand and volume unmeasured","RTINGS publishes measured display methods; SERP difficulty unmeasured.","A transparent calculation with editable inputs, unknown-aware validation and method notes.","Display geometry original documentation; exact model/region/version; independent tests if claiming measured performance","/tools/monitor-pixel-density/; /data/sources/; /editorial-policy/","Contextual article ads after publisher/CMP approval; no tool-interrupting ads","Quarterly and on specification changes","Technical editor verifies exact source scope; measured claims require a qualified tester","Original explanatory diagram or licensed exact imagery; video only after matching creator/title/date","1–3 engineering days plus QA","P2","Documentation relevance: moderate; query demand: unknown; not a volume estimate","Display geometry","rtings","Scoped candidate; verify query and all exact claims before publishing"
"Pixels per inch and viewing distance answer different questions","pixels per inch and viewing distance answer different questions","Display geometry evidence; Display geometry checklist","interactive planning","PC builders, upgraders and technical readers","calculator","evergreen","Source-backed problem scope: https://www.rtings.com/monitor/tests/inputs/input-lag; per-query search demand and volume unmeasured","RTINGS publishes measured display methods; SERP difficulty unmeasured.","A transparent calculation with editable inputs, unknown-aware validation and method notes.","Display geometry original documentation; exact model/region/version; independent tests if claiming measured performance","/tools/monitor-pixel-density/; /data/sources/; /editorial-policy/","Contextual article ads after publisher/CMP approval; no tool-interrupting ads","Quarterly and on specification changes","Technical editor verifies exact source scope; measured claims require a qualified tester","Original explanatory diagram or licensed exact imagery; video only after matching creator/title/date","1–3 engineering days plus QA","P2","Documentation relevance: moderate; query demand: unknown; not a volume estimate","Display geometry","rtings","Scoped candidate; verify query and all exact claims before publishing"
"A rounded phone screen is not a perfect visible rectangle","a rounded phone screen is not a perfect visible rectangle","Display geometry evidence; Display geometry checklist","interactive planning","PC builders, upgraders and technical readers","calculator","evergreen","Source-backed problem scope: https://www.rtings.com/monitor/tests/inputs/input-lag; per-query search demand and volume unmeasured","RTINGS publishes measured display methods; SERP difficulty unmeasured.","A transparent calculation with editable inputs, unknown-aware validation and method notes.","Display geometry original documentation; exact model/region/version; independent tests if claiming measured performance","/tools/monitor-pixel-density/; /data/sources/; /editorial-policy/","Contextual article ads after publisher/CMP approval; no tool-interrupting ads","Quarterly and on specification changes","Technical editor verifies exact source scope; measured claims require a qualified tester","Original explanatory diagram or licensed exact imagery; video only after matching creator/title/date","1–3 engineering days plus QA","P3","Documentation relevance: moderate; query demand: unknown; not a volume estimate","Display geometry","rtings","Scoped candidate; verify query and all exact claims before publishing"
"Average FPS is not a frame-time trace","average fps is not a frame-time trace","Display geometry evidence; Display geometry checklist","interactive planning","PC builders, upgraders and technical readers","calculator","evergreen","Source-backed problem scope: https://www.rtings.com/monitor/tests/inputs/input-lag; per-query search demand and volume unmeasured","RTINGS publishes measured display methods; SERP difficulty unmeasured.","A transparent calculation with editable inputs, unknown-aware validation and method notes.","Display geometry original documentation; exact model/region/version; independent tests if claiming measured performance","/tools/monitor-pixel-density/; /data/sources/; /editorial-policy/","Contextual article ads after publisher/CMP approval; no tool-interrupting ads","Quarterly and on specification changes","Technical editor verifies exact source scope; measured claims require a qualified tester","Original explanatory diagram or licensed exact imagery; video only after matching creator/title/date","1–3 engineering days plus QA","P3","Documentation relevance: moderate; query demand: unknown; not a volume estimate","Display geometry","rtings","Scoped candidate; verify query and all exact claims before publishing"
"Refresh interval is not end-to-end input latency","refresh interval is not end-to-end input latency","Display geometry evidence; Display geometry checklist","interactive planning","PC builders, upgraders and technical readers","calculator","evergreen","Source-backed problem scope: https://www.rtings.com/monitor/tests/inputs/input-lag; per-query search demand and volume unmeasured","RTINGS publishes measured display methods; SERP difficulty unmeasured.","A transparent calculation with editable inputs, unknown-aware validation and method notes.","Display geometry original documentation; exact model/region/version; independent tests if claiming measured performance","/tools/monitor-pixel-density/; /data/sources/; /editorial-policy/","Contextual article ads after publisher/CMP approval; no tool-interrupting ads","Quarterly and on specification changes","Technical editor verifies exact source scope; measured claims require a qualified tester","Original explanatory diagram or licensed exact imagery; video only after matching creator/title/date","1–3 engineering days plus QA","P3","Documentation relevance: moderate; query demand: unknown; not a volume estimate","Display geometry","rtings","Scoped candidate; verify query and all exact claims before publishing"
"Generated-frame counts require a separate comparison","generated-frame counts require a separate comparison","Display geometry evidence; Display geometry checklist","interactive planning","PC builders, upgraders and technical readers","calculator","evergreen","Source-backed problem scope: https://www.rtings.com/monitor/tests/inputs/input-lag; per-query search demand and volume unmeasured","RTINGS publishes measured display methods; SERP difficulty unmeasured.","A transparent calculation with editable inputs, unknown-aware validation and method notes.","Display geometry original documentation; exact model/region/version; independent tests if claiming measured performance","/tools/monitor-pixel-density/; /data/sources/; /editorial-policy/","Contextual article ads after publisher/CMP approval; no tool-interrupting ads","Quarterly and on specification changes","Technical editor verifies exact source scope; measured claims require a qualified tester","Original explanatory diagram or licensed exact imagery; video only after matching creator/title/date","1–3 engineering days plus QA","P3","Documentation relevance: moderate; query demand: unknown; not a volume estimate","Display geometry","rtings","Scoped candidate; verify query and all exact claims before publishing"
"A 60 FPS interval is 16.67 milliseconds, not 60 milliseconds","a 60 fps interval is 16.67 milliseconds, not 60 milliseconds","Display geometry evidence; Display geometry checklist","interactive planning","PC builders, upgraders and technical readers","calculator","evergreen","Source-backed problem scope: https://www.rtings.com/monitor/tests/inputs/input-lag; per-query search demand and volume unmeasured","RTINGS publishes measured display methods; SERP difficulty unmeasured.","A transparent calculation with editable inputs, unknown-aware validation and method notes.","Display geometry original documentation; exact model/region/version; independent tests if claiming measured performance","/tools/monitor-pixel-density/; /data/sources/; /editorial-policy/","Contextual article ads after publisher/CMP approval; no tool-interrupting ads","Quarterly and on specification changes","Technical editor verifies exact source scope; measured claims require a qualified tester","Original explanatory diagram or licensed exact imagery; video only after matching creator/title/date","1–3 engineering days plus QA","P3","Documentation relevance: moderate; query demand: unknown; not a volume estimate","Display geometry","rtings","Scoped candidate; verify query and all exact claims before publishing"
"Catalog coverage report: what our hardware index contains","catalog coverage report what our hardware index contains","Original catalog data evidence; Original catalog data checklist","resolve a technical question","PC builders, upgraders and technical readers","data report","evergreen","Source-backed problem scope: https://us.msi.com/Motherboard/MAG-B650-TOMAHAWK-WIFI/Specification; per-query search demand and volume unmeasured","TechPowerUp database is an established reference; full page access blocked. SERP difficulty unmeasured.","An exact-model evidence checklist linked to the site’s corresponding tools; no invented test winner.","Original catalog data original documentation; exact model/region/version; independent tests if claiming measured performance","/data/catalog-coverage/; /data/sources/; /editorial-policy/","Contextual article ads after publisher/CMP approval; no tool-interrupting ads","Quarterly and on specification changes","Technical editor verifies exact source scope; measured claims require a qualified tester","Original explanatory diagram or licensed exact imagery; video only after matching creator/title/date","4–12 editorial hours after data access; original testing additional","P1","Documentation relevance: moderate; query demand: unknown; not a volume estimate","Original catalog data","msi","Scoped candidate; verify query and all exact claims before publishing"
"Audit missing specification fields by category","audit missing specification fields by category","Original catalog data evidence; Original catalog data checklist","resolve a technical question","PC builders, upgraders and technical readers","data report","evergreen","Source-backed problem scope: https://us.msi.com/Motherboard/MAG-B650-TOMAHAWK-WIFI/Specification; per-query search demand and volume unmeasured","TechPowerUp database is an established reference; full page access blocked. SERP difficulty unmeasured.","An exact-model evidence checklist linked to the site’s corresponding tools; no invented test winner.","Original catalog data original documentation; exact model/region/version; independent tests if claiming measured performance","/data/catalog-coverage/; /data/sources/; /editorial-policy/","Contextual article ads after publisher/CMP approval; no tool-interrupting ads","Quarterly and on specification changes","Technical editor verifies exact source scope; measured claims require a qualified tester","Original explanatory diagram or licensed exact imagery; video only after matching creator/title/date","4–12 editorial hours after data access; original testing additional","P1","Documentation relevance: moderate; query demand: unknown; not a volume estimate","Original catalog data","msi","Scoped candidate; verify query and all exact claims before publishing"
"Image identity: an exact classification needs a matching name","image identity an exact classification needs a matching name","Original catalog data evidence; Original catalog data checklist","resolve a technical question","PC builders, upgraders and technical readers","data report","evergreen","Source-backed problem scope: https://us.msi.com/Motherboard/MAG-B650-TOMAHAWK-WIFI/Specification; per-query search demand and volume unmeasured","TechPowerUp database is an established reference; full page access blocked. SERP difficulty unmeasured.","An exact-model evidence checklist linked to the site’s corresponding tools; no invented test winner.","Original catalog data original documentation; exact model/region/version; independent tests if claiming measured performance","/data/catalog-coverage/; /data/sources/; /editorial-policy/","Contextual article ads after publisher/CMP approval; no tool-interrupting ads","Quarterly and on specification changes","Technical editor verifies exact source scope; measured claims require a qualified tester","Original explanatory diagram or licensed exact imagery; video only after matching creator/title/date","4–12 editorial hours after data access; original testing additional","P1","Documentation relevance: moderate; query demand: unknown; not a volume estimate","Original catalog data","msi","Scoped candidate; verify query and all exact claims before publishing"
"Catalog IDs are a denominator, not global sales","catalog ids are a denominator, not global sales","Original catalog data evidence; Original catalog data checklist","resolve a technical question","PC builders, upgraders and technical readers","data report","evergreen","Source-backed problem scope: https://us.msi.com/Motherboard/MAG-B650-TOMAHAWK-WIFI/Specification; per-query search demand and volume unmeasured","TechPowerUp database is an established reference; full page access blocked. SERP difficulty unmeasured.","An exact-model evidence checklist linked to the site’s corresponding tools; no invented test winner.","Original catalog data original documentation; exact model/region/version; independent tests if claiming measured performance","/data/catalog-coverage/; /data/sources/; /editorial-policy/","Contextual article ads after publisher/CMP approval; no tool-interrupting ads","Quarterly and on specification changes","Technical editor verifies exact source scope; measured claims require a qualified tester","Original explanatory diagram or licensed exact imagery; video only after matching creator/title/date","4–12 editorial hours after data access; original testing additional","P2","Documentation relevance: moderate; query demand: unknown; not a volume estimate","Original catalog data","msi","Scoped candidate; verify query and all exact claims before publishing"
"A reproducible source-coverage report","a reproducible source-coverage report","Original catalog data evidence; Original catalog data checklist","resolve a technical question","PC builders, upgraders and technical readers","data report","evergreen","Source-backed problem scope: https://us.msi.com/Motherboard/MAG-B650-TOMAHAWK-WIFI/Specification; per-query search demand and volume unmeasured","TechPowerUp database is an established reference; full page access blocked. SERP difficulty unmeasured.","An exact-model evidence checklist linked to the site’s corresponding tools; no invented test winner.","Original catalog data original documentation; exact model/region/version; independent tests if claiming measured performance","/data/catalog-coverage/; /data/sources/; /editorial-policy/","Contextual article ads after publisher/CMP approval; no tool-interrupting ads","Quarterly and on specification changes","Technical editor verifies exact source scope; measured claims require a qualified tester","Original explanatory diagram or licensed exact imagery; video only after matching creator/title/date","4–12 editorial hours after data access; original testing additional","P2","Documentation relevance: moderate; query demand: unknown; not a volume estimate","Original catalog data","msi","Scoped candidate; verify query and all exact claims before publishing"
"Duplicate product names need a canonical choice","duplicate product names need a canonical choice","Original catalog data evidence; Original catalog data checklist","resolve a technical question","PC builders, upgraders and technical readers","data report","evergreen","Source-backed problem scope: https://us.msi.com/Motherboard/MAG-B650-TOMAHAWK-WIFI/Specification; per-query search demand and volume unmeasured","TechPowerUp database is an established reference; full page access blocked. SERP difficulty unmeasured.","An exact-model evidence checklist linked to the site’s corresponding tools; no invented test winner.","Original catalog data original documentation; exact model/region/version; independent tests if claiming measured performance","/data/catalog-coverage/; /data/sources/; /editorial-policy/","Contextual article ads after publisher/CMP approval; no tool-interrupting ads","Quarterly and on specification changes","Technical editor verifies exact source scope; measured claims require a qualified tester","Original explanatory diagram or licensed exact imagery; video only after matching creator/title/date","4–12 editorial hours after data access; original testing additional","P2","Documentation relevance: moderate; query demand: unknown; not a volume estimate","Original catalog data","msi","Scoped candidate; verify query and all exact claims before publishing"
"Why historical products remain useful in a hardware index","why historical products remain useful in a hardware index","Original catalog data evidence; Original catalog data checklist","resolve a technical question","PC builders, upgraders and technical readers","data report","evergreen","Source-backed problem scope: https://us.msi.com/Motherboard/MAG-B650-TOMAHAWK-WIFI/Specification; per-query search demand and volume unmeasured","TechPowerUp database is an established reference; full page access blocked. SERP difficulty unmeasured.","An exact-model evidence checklist linked to the site’s corresponding tools; no invented test winner.","Original catalog data original documentation; exact model/region/version; independent tests if claiming measured performance","/data/catalog-coverage/; /data/sources/; /editorial-policy/","Contextual article ads after publisher/CMP approval; no tool-interrupting ads","Quarterly and on specification changes","Technical editor verifies exact source scope; measured claims require a qualified tester","Original explanatory diagram or licensed exact imagery; video only after matching creator/title/date","4–12 editorial hours after data access; original testing additional","P2","Documentation relevance: moderate; query demand: unknown; not a volume estimate","Original catalog data","msi","Scoped candidate; verify query and all exact claims before publishing"
"Missing fields should not be silently converted to zero","missing fields should not be silently converted to zero","Original catalog data evidence; Original catalog data checklist","resolve a technical question","PC builders, upgraders and technical readers","data report","evergreen","Source-backed problem scope: https://us.msi.com/Motherboard/MAG-B650-TOMAHAWK-WIFI/Specification; per-query search demand and volume unmeasured","TechPowerUp database is an established reference; full page access blocked. SERP difficulty unmeasured.","An exact-model evidence checklist linked to the site’s corresponding tools; no invented test winner.","Original catalog data original documentation; exact model/region/version; independent tests if claiming measured performance","/data/catalog-coverage/; /data/sources/; /editorial-policy/","Contextual article ads after publisher/CMP approval; no tool-interrupting ads","Quarterly and on specification changes","Technical editor verifies exact source scope; measured claims require a qualified tester","Original explanatory diagram or licensed exact imagery; video only after matching creator/title/date","4–12 editorial hours after data access; original testing additional","P3","Documentation relevance: moderate; query demand: unknown; not a volume estimate","Original catalog data","msi","Scoped candidate; verify query and all exact claims before publishing"
"A photo-source audit that preserves creator attribution","a photo-source audit that preserves creator attribution","Original catalog data evidence; Original catalog data checklist","resolve a technical question","PC builders, upgraders and technical readers","data report","evergreen","Source-backed problem scope: https://us.msi.com/Motherboard/MAG-B650-TOMAHAWK-WIFI/Specification; per-query search demand and volume unmeasured","TechPowerUp database is an established reference; full page access blocked. SERP difficulty unmeasured.","An exact-model evidence checklist linked to the site’s corresponding tools; no invented test winner.","Original catalog data original documentation; exact model/region/version; independent tests if claiming measured performance","/data/catalog-coverage/; /data/sources/; /editorial-policy/","Contextual article ads after publisher/CMP approval; no tool-interrupting ads","Quarterly and on specification changes","Technical editor verifies exact source scope; measured claims require a qualified tester","Original explanatory diagram or licensed exact imagery; video only after matching creator/title/date","4–12 editorial hours after data access; original testing additional","P3","Documentation relevance: moderate; query demand: unknown; not a volume estimate","Original catalog data","msi","Scoped candidate; verify query and all exact claims before publishing"
"Version a catalog snapshot before comparing revisions","version a catalog snapshot before comparing revisions","Original catalog data evidence; Original catalog data checklist","resolve a technical question","PC builders, upgraders and technical readers","data report","evergreen","Source-backed problem scope: https://us.msi.com/Motherboard/MAG-B650-TOMAHAWK-WIFI/Specification; per-query search demand and volume unmeasured","TechPowerUp database is an established reference; full page access blocked. SERP difficulty unmeasured.","An exact-model evidence checklist linked to the site’s corresponding tools; no invented test winner.","Original catalog data original documentation; exact model/region/version; independent tests if claiming measured performance","/data/catalog-coverage/; /data/sources/; /editorial-policy/","Contextual article ads after publisher/CMP approval; no tool-interrupting ads","Quarterly and on specification changes","Technical editor verifies exact source scope; measured claims require a qualified tester","Original explanatory diagram or licensed exact imagery; video only after matching creator/title/date","4–12 editorial hours after data access; original testing additional","P3","Documentation relevance: moderate; query demand: unknown; not a volume estimate","Original catalog data","msi","Scoped candidate; verify query and all exact claims before publishing"
"Track material corrections rather than routine rebuild dates","track material corrections rather than routine rebuild dates","Original catalog data evidence; Original catalog data checklist","resolve a technical question","PC builders, upgraders and technical readers","data report","evergreen","Source-backed problem scope: https://us.msi.com/Motherboard/MAG-B650-TOMAHAWK-WIFI/Specification; per-query search demand and volume unmeasured","TechPowerUp database is an established reference; full page access blocked. SERP difficulty unmeasured.","An exact-model evidence checklist linked to the site’s corresponding tools; no invented test winner.","Original catalog data original documentation; exact model/region/version; independent tests if claiming measured performance","/data/catalog-coverage/; /data/sources/; /editorial-policy/","Contextual article ads after publisher/CMP approval; no tool-interrupting ads","Quarterly and on specification changes","Technical editor verifies exact source scope; measured claims require a qualified tester","Original explanatory diagram or licensed exact imagery; video only after matching creator/title/date","4–12 editorial hours after data access; original testing additional","P3","Documentation relevance: moderate; query demand: unknown; not a volume estimate","Original catalog data","msi","Scoped candidate; verify query and all exact claims before publishing"
"A public aggregate dataset should state its reuse terms","a public aggregate dataset should state its reuse terms","Original catalog data evidence; Original catalog data checklist","resolve a technical question","PC builders, upgraders and technical readers","data report","evergreen","Source-backed problem scope: https://us.msi.com/Motherboard/MAG-B650-TOMAHAWK-WIFI/Specification; per-query search demand and volume unmeasured","TechPowerUp database is an established reference; full page access blocked. SERP difficulty unmeasured.","An exact-model evidence checklist linked to the site’s corresponding tools; no invented test winner.","Original catalog data original documentation; exact model/region/version; independent tests if claiming measured performance","/data/catalog-coverage/; /data/sources/; /editorial-policy/","Contextual article ads after publisher/CMP approval; no tool-interrupting ads","Quarterly and on specification changes","Technical editor verifies exact source scope; measured claims require a qualified tester","Original explanatory diagram or licensed exact imagery; video only after matching creator/title/date","4–12 editorial hours after data access; original testing additional","P3","Documentation relevance: moderate; query demand: unknown; not a volume estimate","Original catalog data","msi","Scoped candidate; verify query and all exact claims before publishing"
"Memory market watch: AI demand is not a price quote for your RAM","memory market watch ai demand is not a price quote for your ram","Memory reporting evidence; Memory reporting checklist","resolve a technical question","PC builders, upgraders and technical readers","news analysis","evergreen method; a news variant needs a dated event","Source-backed problem scope: https://investors.micron.com/news/press-release/2026/Micron-Technology-Inc--Reports-Record-Fiscal-Fourth-Quarter-and-Full-Year-2026-Results/; per-query search demand and volume unmeasured","Manufacturer documentation exists; individual SERP competition not audited.","An exact-model evidence checklist linked to the site’s corresponding tools; no invented test winner.","Memory reporting original documentation; exact model/region/version; independent tests if claiming measured performance","/blog/memory-market-watch-ai-is-not-a-retail-price/; /data/sources/; /editorial-policy/","Contextual article ads after publisher/CMP approval; no tool-interrupting ads","Review when the cited source changes; monthly source check","Technical editor verifies exact source scope; measured claims require a qualified tester","Original explanatory diagram or licensed exact imagery; video only after matching creator/title/date","4–12 editorial hours after data access; original testing additional","P1","Documentation relevance: moderate; query demand: unknown; not a volume estimate","Memory reporting","micron","Scoped candidate; verify query and all exact claims before publishing"
"A company forecast is not a measured retail trend","a company forecast is not a measured retail trend","Memory reporting evidence; Memory reporting checklist","resolve a technical question","PC builders, upgraders and technical readers","news analysis","evergreen method; a news variant needs a dated event","Source-backed problem scope: https://investors.micron.com/news/press-release/2026/Micron-Technology-Inc--Reports-Record-Fiscal-Fourth-Quarter-and-Full-Year-2026-Results/; per-query search demand and volume unmeasured","Manufacturer documentation exists; individual SERP competition not audited.","An exact-model evidence checklist linked to the site’s corresponding tools; no invented test winner.","Memory reporting original documentation; exact model/region/version; independent tests if claiming measured performance","/blog/memory-market-watch-ai-is-not-a-retail-price/; /data/sources/; /editorial-policy/","Contextual article ads after publisher/CMP approval; no tool-interrupting ads","Review when the cited source changes; monthly source check","Technical editor verifies exact source scope; measured claims require a qualified tester","Original explanatory diagram or licensed exact imagery; video only after matching creator/title/date","4–12 editorial hours after data access; original testing additional","P1","Documentation relevance: moderate; query demand: unknown; not a volume estimate","Memory reporting","micron","Scoped candidate; verify query and all exact claims before publishing"
"Server memory and desktop kits need separate reporting","server memory and desktop kits need separate reporting","Memory reporting evidence; Memory reporting checklist","resolve a technical question","PC builders, upgraders and technical readers","news analysis","evergreen method; a news variant needs a dated event","Source-backed problem scope: https://investors.micron.com/news/press-release/2026/Micron-Technology-Inc--Reports-Record-Fiscal-Fourth-Quarter-and-Full-Year-2026-Results/; per-query search demand and volume unmeasured","Manufacturer documentation exists; individual SERP competition not audited.","An exact-model evidence checklist linked to the site’s corresponding tools; no invented test winner.","Memory reporting original documentation; exact model/region/version; independent tests if claiming measured performance","/blog/memory-market-watch-ai-is-not-a-retail-price/; /data/sources/; /editorial-policy/","Contextual article ads after publisher/CMP approval; no tool-interrupting ads","Review when the cited source changes; monthly source check","Technical editor verifies exact source scope; measured claims require a qualified tester","Original explanatory diagram or licensed exact imagery; video only after matching creator/title/date","4–12 editorial hours after data access; original testing additional","P1","Documentation relevance: moderate; query demand: unknown; not a volume estimate","Memory reporting","micron","Scoped candidate; verify query and all exact claims before publishing"
"What an exact retail RAM price observation must record","what an exact retail ram price observation must record","Memory reporting evidence; Memory reporting checklist","resolve a technical question","PC builders, upgraders and technical readers","news analysis","evergreen method; a news variant needs a dated event","Source-backed problem scope: https://investors.micron.com/news/press-release/2026/Micron-Technology-Inc--Reports-Record-Fiscal-Fourth-Quarter-and-Full-Year-2026-Results/; per-query search demand and volume unmeasured","Manufacturer documentation exists; individual SERP competition not audited.","An exact-model evidence checklist linked to the site’s corresponding tools; no invented test winner.","Memory reporting original documentation; exact model/region/version; independent tests if claiming measured performance","/blog/memory-market-watch-ai-is-not-a-retail-price/; /data/sources/; /editorial-policy/","Contextual article ads after publisher/CMP approval; no tool-interrupting ads","Review when the cited source changes; monthly source check","Technical editor verifies exact source scope; measured claims require a qualified tester","Original explanatory diagram or licensed exact imagery; video only after matching creator/title/date","4–12 editorial hours after data access; original testing additional","P2","Documentation relevance: moderate; query demand: unknown; not a volume estimate","Memory reporting","micron","Scoped candidate; verify query and all exact claims before publishing"
"Stock status belongs beside a quoted price","stock status belongs beside a quoted price","Memory reporting evidence; Memory reporting checklist","resolve a technical question","PC builders, upgraders and technical readers","news analysis","evergreen method; a news variant needs a dated event","Source-backed problem scope: https://investors.micron.com/news/press-release/2026/Micron-Technology-Inc--Reports-Record-Fiscal-Fourth-Quarter-and-Full-Year-2026-Results/; per-query search demand and volume unmeasured","Manufacturer documentation exists; individual SERP competition not audited.","An exact-model evidence checklist linked to the site’s corresponding tools; no invented test winner.","Memory reporting original documentation; exact model/region/version; independent tests if claiming measured performance","/blog/memory-market-watch-ai-is-not-a-retail-price/; /data/sources/; /editorial-policy/","Contextual article ads after publisher/CMP approval; no tool-interrupting ads","Review when the cited source changes; monthly source check","Technical editor verifies exact source scope; measured claims require a qualified tester","Original explanatory diagram or licensed exact imagery; video only after matching creator/title/date","4–12 editorial hours after data access; original testing additional","P2","Documentation relevance: moderate; query demand: unknown; not a volume estimate","Memory reporting","micron","Scoped candidate; verify query and all exact claims before publishing"
"One search result cannot establish a shortage","one search result cannot establish a shortage","Memory reporting evidence; Memory reporting checklist","resolve a technical question","PC builders, upgraders and technical readers","news analysis","evergreen method; a news variant needs a dated event","Source-backed problem scope: https://investors.micron.com/news/press-release/2026/Micron-Technology-Inc--Reports-Record-Fiscal-Fourth-Quarter-and-Full-Year-2026-Results/; per-query search demand and volume unmeasured","Manufacturer documentation exists; individual SERP competition not audited.","An exact-model evidence checklist linked to the site’s corresponding tools; no invented test winner.","Memory reporting original documentation; exact model/region/version; independent tests if claiming measured performance","/blog/memory-market-watch-ai-is-not-a-retail-price/; /data/sources/; /editorial-policy/","Contextual article ads after publisher/CMP approval; no tool-interrupting ads","Review when the cited source changes; monthly source check","Technical editor verifies exact source scope; measured claims require a qualified tester","Original explanatory diagram or licensed exact imagery; video only after matching creator/title/date","4–12 editorial hours after data access; original testing additional","P2","Documentation relevance: moderate; query demand: unknown; not a volume estimate","Memory reporting","micron","Scoped candidate; verify query and all exact claims before publishing"
"A market sample needs a denominator and selection rule","a market sample needs a denominator and selection rule","Memory reporting evidence; Memory reporting checklist","resolve a technical question","PC builders, upgraders and technical readers","news analysis","evergreen method; a news variant needs a dated event","Source-backed problem scope: https://investors.micron.com/news/press-release/2026/Micron-Technology-Inc--Reports-Record-Fiscal-Fourth-Quarter-and-Full-Year-2026-Results/; per-query search demand and volume unmeasured","Manufacturer documentation exists; individual SERP competition not audited.","An exact-model evidence checklist linked to the site’s corresponding tools; no invented test winner.","Memory reporting original documentation; exact model/region/version; independent tests if claiming measured performance","/blog/memory-market-watch-ai-is-not-a-retail-price/; /data/sources/; /editorial-policy/","Contextual article ads after publisher/CMP approval; no tool-interrupting ads","Review when the cited source changes; monthly source check","Technical editor verifies exact source scope; measured claims require a qualified tester","Original explanatory diagram or licensed exact imagery; video only after matching creator/title/date","4–12 editorial hours after data access; original testing additional","P2","Documentation relevance: moderate; query demand: unknown; not a volume estimate","Memory reporting","micron","Scoped candidate; verify query and all exact claims before publishing"
"Currency conversion can obscure a retailer comparison","currency conversion can obscure a retailer comparison","Memory reporting evidence; Memory reporting checklist","resolve a technical question","PC builders, upgraders and technical readers","news analysis","evergreen method; a news variant needs a dated event","Source-backed problem scope: https://investors.micron.com/news/press-release/2026/Micron-Technology-Inc--Reports-Record-Fiscal-Fourth-Quarter-and-Full-Year-2026-Results/; per-query search demand and volume unmeasured","Manufacturer documentation exists; individual SERP competition not audited.","An exact-model evidence checklist linked to the site’s corresponding tools; no invented test winner.","Memory reporting original documentation; exact model/region/version; independent tests if claiming measured performance","/blog/memory-market-watch-ai-is-not-a-retail-price/; /data/sources/; /editorial-policy/","Contextual article ads after publisher/CMP approval; no tool-interrupting ads","Review when the cited source changes; monthly source check","Technical editor verifies exact source scope; measured claims require a qualified tester","Original explanatory diagram or licensed exact imagery; video only after matching creator/title/date","4–12 editorial hours after data access; original testing additional","P3","Documentation relevance: moderate; query demand: unknown; not a volume estimate","Memory reporting","micron","Scoped candidate; verify query and all exact claims before publishing"
"Do not compare a used kit with a new kit silently","do not compare a used kit with a new kit silently","Memory reporting evidence; Memory reporting checklist","resolve a technical question","PC builders, upgraders and technical readers","news analysis","evergreen method; a news variant needs a dated event","Source-backed problem scope: https://investors.micron.com/news/press-release/2026/Micron-Technology-Inc--Reports-Record-Fiscal-Fourth-Quarter-and-Full-Year-2026-Results/; per-query search demand and volume unmeasured","Manufacturer documentation exists; individual SERP competition not audited.","An exact-model evidence checklist linked to the site’s corresponding tools; no invented test winner.","Memory reporting original documentation; exact model/region/version; independent tests if claiming measured performance","/blog/memory-market-watch-ai-is-not-a-retail-price/; /data/sources/; /editorial-policy/","Contextual article ads after publisher/CMP approval; no tool-interrupting ads","Review when the cited source changes; monthly source check","Technical editor verifies exact source scope; measured claims require a qualified tester","Original explanatory diagram or licensed exact imagery; video only after matching creator/title/date","4–12 editorial hours after data access; original testing additional","P3","Documentation relevance: moderate; query demand: unknown; not a volume estimate","Memory reporting","micron","Scoped candidate; verify query and all exact claims before publishing"
"Memory-company results need a stated reporting period","memory-company results need a stated reporting period","Memory reporting evidence; Memory reporting checklist","resolve a technical question","PC builders, upgraders and technical readers","news analysis","evergreen method; a news variant needs a dated event","Source-backed problem scope: https://investors.micron.com/news/press-release/2026/Micron-Technology-Inc--Reports-Record-Fiscal-Fourth-Quarter-and-Full-Year-2026-Results/; per-query search demand and volume unmeasured","Manufacturer documentation exists; individual SERP competition not audited.","An exact-model evidence checklist linked to the site’s corresponding tools; no invented test winner.","Memory reporting original documentation; exact model/region/version; independent tests if claiming measured performance","/blog/memory-market-watch-ai-is-not-a-retail-price/; /data/sources/; /editorial-policy/","Contextual article ads after publisher/CMP approval; no tool-interrupting ads","Review when the cited source changes; monthly source check","Technical editor verifies exact source scope; measured claims require a qualified tester","Original explanatory diagram or licensed exact imagery; video only after matching creator/title/date","4–12 editorial hours after data access; original testing additional","P3","Documentation relevance: moderate; query demand: unknown; not a volume estimate","Memory reporting","micron","Scoped candidate; verify query and all exact claims before publishing"
"Separate company product mix from a gamer purchase decision","separate company product mix from a gamer purchase decision","Memory reporting evidence; Memory reporting checklist","resolve a technical question","PC builders, upgraders and technical readers","news analysis","evergreen method; a news variant needs a dated event","Source-backed problem scope: https://investors.micron.com/news/press-release/2026/Micron-Technology-Inc--Reports-Record-Fiscal-Fourth-Quarter-and-Full-Year-2026-Results/; per-query search demand and volume unmeasured","Manufacturer documentation exists; individual SERP competition not audited.","An exact-model evidence checklist linked to the site’s corresponding tools; no invented test winner.","Memory reporting original documentation; exact model/region/version; independent tests if claiming measured performance","/blog/memory-market-watch-ai-is-not-a-retail-price/; /data/sources/; /editorial-policy/","Contextual article ads after publisher/CMP approval; no tool-interrupting ads","Review when the cited source changes; monthly source check","Technical editor verifies exact source scope; measured claims require a qualified tester","Original explanatory diagram or licensed exact imagery; video only after matching creator/title/date","4–12 editorial hours after data access; original testing additional","P3","Documentation relevance: moderate; query demand: unknown; not a volume estimate","Memory reporting","micron","Scoped candidate; verify query and all exact claims before publishing"
"A methodology for future desktop RAM price reports","a methodology for future desktop ram price reports","Memory reporting evidence; Memory reporting checklist","resolve a technical question","PC builders, upgraders and technical readers","news analysis","evergreen method; a news variant needs a dated event","Source-backed problem scope: https://investors.micron.com/news/press-release/2026/Micron-Technology-Inc--Reports-Record-Fiscal-Fourth-Quarter-and-Full-Year-2026-Results/; per-query search demand and volume unmeasured","Manufacturer documentation exists; individual SERP competition not audited.","An exact-model evidence checklist linked to the site’s corresponding tools; no invented test winner.","Memory reporting original documentation; exact model/region/version; independent tests if claiming measured performance","/blog/memory-market-watch-ai-is-not-a-retail-price/; /data/sources/; /editorial-policy/","Contextual article ads after publisher/CMP approval; no tool-interrupting ads","Review when the cited source changes; monthly source check","Technical editor verifies exact source scope; measured claims require a qualified tester","Original explanatory diagram or licensed exact imagery; video only after matching creator/title/date","4–12 editorial hours after data access; original testing additional","P3","Documentation relevance: moderate; query demand: unknown; not a volume estimate","Memory reporting","micron","Scoped candidate; verify query and all exact claims before publishing"
"A source announcement becomes a draft before it becomes news","a source announcement becomes a draft before it becomes news","Newsroom operations evidence; Newsroom operations checklist","resolve a technical question","PC builders, upgraders and technical readers","resource","evergreen method; a news variant needs a dated event","Source-backed problem scope: https://developers.google.com/search/docs/crawling-indexing/sitemaps/news-sitemap; per-query search demand and volume unmeasured","Manufacturer documentation exists; individual SERP competition not audited.","An exact-model evidence checklist linked to the site’s corresponding tools; no invented test winner.","Newsroom operations original documentation; exact model/region/version; independent tests if claiming measured performance","/news/; /data/sources/; /editorial-policy/","Contextual article ads after publisher/CMP approval; no tool-interrupting ads","Quarterly and on specification changes","Technical editor verifies exact source scope; measured claims require a qualified tester","Original explanatory diagram or licensed exact imagery; video only after matching creator/title/date","4–12 editorial hours after data access; original testing additional","P1","Documentation relevance: moderate; query demand: unknown; not a volume estimate","Newsroom operations","news","Scoped candidate; verify query and all exact claims before publishing"
"News dates should preserve the first publication event","news dates should preserve the first publication event","Newsroom operations evidence; Newsroom operations checklist","resolve a technical question","PC builders, upgraders and technical readers","resource","evergreen method; a news variant needs a dated event","Source-backed problem scope: https://developers.google.com/search/docs/crawling-indexing/sitemaps/news-sitemap; per-query search demand and volume unmeasured","Manufacturer documentation exists; individual SERP competition not audited.","An exact-model evidence checklist linked to the site’s corresponding tools; no invented test winner.","Newsroom operations original documentation; exact model/region/version; independent tests if claiming measured performance","/news/; /data/sources/; /editorial-policy/","Contextual article ads after publisher/CMP approval; no tool-interrupting ads","Quarterly and on specification changes","Technical editor verifies exact source scope; measured claims require a qualified tester","Original explanatory diagram or licensed exact imagery; video only after matching creator/title/date","4–12 editorial hours after data access; original testing additional","P1","Documentation relevance: moderate; query demand: unknown; not a volume estimate","Newsroom operations","news","Scoped candidate; verify query and all exact claims before publishing"
"A two-day news sitemap window is not a content expiry","a two-day news sitemap window is not a content expiry","Newsroom operations evidence; Newsroom operations checklist","resolve a technical question","PC builders, upgraders and technical readers","resource","evergreen method; a news variant needs a dated event","Source-backed problem scope: https://developers.google.com/search/docs/crawling-indexing/sitemaps/news-sitemap; per-query search demand and volume unmeasured","Manufacturer documentation exists; individual SERP competition not audited.","An exact-model evidence checklist linked to the site’s corresponding tools; no invented test winner.","Newsroom operations original documentation; exact model/region/version; independent tests if claiming measured performance","/news/; /data/sources/; /editorial-policy/","Contextual article ads after publisher/CMP approval; no tool-interrupting ads","Quarterly and on specification changes","Technical editor verifies exact source scope; measured claims require a qualified tester","Original explanatory diagram or licensed exact imagery; video only after matching creator/title/date","4–12 editorial hours after data access; original testing additional","P1","Documentation relevance: moderate; query demand: unknown; not a volume estimate","Newsroom operations","news","Scoped candidate; verify query and all exact claims before publishing"
"Deduplicate source updates without copying their prose","deduplicate source updates without copying their prose","Newsroom operations evidence; Newsroom operations checklist","resolve a technical question","PC builders, upgraders and technical readers","resource","evergreen method; a news variant needs a dated event","Source-backed problem scope: https://developers.google.com/search/docs/crawling-indexing/sitemaps/news-sitemap; per-query search demand and volume unmeasured","Manufacturer documentation exists; individual SERP competition not audited.","An exact-model evidence checklist linked to the site’s corresponding tools; no invented test winner.","Newsroom operations original documentation; exact model/region/version; independent tests if claiming measured performance","/news/; /data/sources/; /editorial-policy/","Contextual article ads after publisher/CMP approval; no tool-interrupting ads","Quarterly and on specification changes","Technical editor verifies exact source scope; measured claims require a qualified tester","Original explanatory diagram or licensed exact imagery; video only after matching creator/title/date","4–12 editorial hours after data access; original testing additional","P2","Documentation relevance: moderate; query demand: unknown; not a volume estimate","Newsroom operations","news","Scoped candidate; verify query and all exact claims before publishing"
"A release-calendar entry needs a confirmed date","a release-calendar entry needs a confirmed date","Newsroom operations evidence; Newsroom operations checklist","resolve a technical question","PC builders, upgraders and technical readers","resource","evergreen method; a news variant needs a dated event","Source-backed problem scope: https://developers.google.com/search/docs/crawling-indexing/sitemaps/news-sitemap; per-query search demand and volume unmeasured","Manufacturer documentation exists; individual SERP competition not audited.","An exact-model evidence checklist linked to the site’s corresponding tools; no invented test winner.","Newsroom operations original documentation; exact model/region/version; independent tests if claiming measured performance","/news/; /data/sources/; /editorial-policy/","Contextual article ads after publisher/CMP approval; no tool-interrupting ads","Quarterly and on specification changes","Technical editor verifies exact source scope; measured claims require a qualified tester","Original explanatory diagram or licensed exact imagery; video only after matching creator/title/date","4–12 editorial hours after data access; original testing additional","P2","Documentation relevance: moderate; query demand: unknown; not a volume estimate","Newsroom operations","news","Scoped candidate; verify query and all exact claims before publishing"
"A withdrawn product announcement requires a correction","a withdrawn product announcement requires a correction","Newsroom operations evidence; Newsroom operations checklist","resolve a technical question","PC builders, upgraders and technical readers","resource","evergreen method; a news variant needs a dated event","Source-backed problem scope: https://developers.google.com/search/docs/crawling-indexing/sitemaps/news-sitemap; per-query search demand and volume unmeasured","Manufacturer documentation exists; individual SERP competition not audited.","An exact-model evidence checklist linked to the site’s corresponding tools; no invented test winner.","Newsroom operations original documentation; exact model/region/version; independent tests if claiming measured performance","/news/; /data/sources/; /editorial-policy/","Contextual article ads after publisher/CMP approval; no tool-interrupting ads","Quarterly and on specification changes","Technical editor verifies exact source scope; measured claims require a qualified tester","Original explanatory diagram or licensed exact imagery; video only after matching creator/title/date","4–12 editorial hours after data access; original testing additional","P2","Documentation relevance: moderate; query demand: unknown; not a volume estimate","Newsroom operations","news","Scoped candidate; verify query and all exact claims before publishing"
"How to attribute a company claim in a hardware headline","how to attribute a company claim in a hardware headline","Newsroom operations evidence; Newsroom operations checklist","resolve a technical question","PC builders, upgraders and technical readers","resource","evergreen method; a news variant needs a dated event","Source-backed problem scope: https://developers.google.com/search/docs/crawling-indexing/sitemaps/news-sitemap; per-query search demand and volume unmeasured","Manufacturer documentation exists; individual SERP competition not audited.","An exact-model evidence checklist linked to the site’s corresponding tools; no invented test winner.","Newsroom operations original documentation; exact model/region/version; independent tests if claiming measured performance","/news/; /data/sources/; /editorial-policy/","Contextual article ads after publisher/CMP approval; no tool-interrupting ads","Quarterly and on specification changes","Technical editor verifies exact source scope; measured claims require a qualified tester","Original explanatory diagram or licensed exact imagery; video only after matching creator/title/date","4–12 editorial hours after data access; original testing additional","P2","Documentation relevance: moderate; query demand: unknown; not a volume estimate","Newsroom operations","news","Scoped candidate; verify query and all exact claims before publishing"
"A source change does not automatically justify republishing","a source change does not automatically justify republishing","Newsroom operations evidence; Newsroom operations checklist","resolve a technical question","PC builders, upgraders and technical readers","resource","evergreen method; a news variant needs a dated event","Source-backed problem scope: https://developers.google.com/search/docs/crawling-indexing/sitemaps/news-sitemap; per-query search demand and volume unmeasured","Manufacturer documentation exists; individual SERP competition not audited.","An exact-model evidence checklist linked to the site’s corresponding tools; no invented test winner.","Newsroom operations original documentation; exact model/region/version; independent tests if claiming measured performance","/news/; /data/sources/; /editorial-policy/","Contextual article ads after publisher/CMP approval; no tool-interrupting ads","Quarterly and on specification changes","Technical editor verifies exact source scope; measured claims require a qualified tester","Original explanatory diagram or licensed exact imagery; video only after matching creator/title/date","4–12 editorial hours after data access; original testing additional","P3","Documentation relevance: moderate; query demand: unknown; not a volume estimate","Newsroom operations","news","Scoped candidate; verify query and all exact claims before publishing"
"A driver launch article needs an exact release version","a driver launch article needs an exact release version","Newsroom operations evidence; Newsroom operations checklist","resolve a technical question","PC builders, upgraders and technical readers","resource","evergreen method; a news variant needs a dated event","Source-backed problem scope: https://developers.google.com/search/docs/crawling-indexing/sitemaps/news-sitemap; per-query search demand and volume unmeasured","Manufacturer documentation exists; individual SERP competition not audited.","An exact-model evidence checklist linked to the site’s corresponding tools; no invented test winner.","Newsroom operations original documentation; exact model/region/version; independent tests if claiming measured performance","/news/; /data/sources/; /editorial-policy/","Contextual article ads after publisher/CMP approval; no tool-interrupting ads","Quarterly and on specification changes","Technical editor verifies exact source scope; measured claims require a qualified tester","Original explanatory diagram or licensed exact imagery; video only after matching creator/title/date","4–12 editorial hours after data access; original testing additional","P3","Documentation relevance: moderate; query demand: unknown; not a volume estimate","Newsroom operations","news","Scoped candidate; verify query and all exact claims before publishing"
"Separate a rumor from a confirmed manufacturer release","separate a rumor from a confirmed manufacturer release","Newsroom operations evidence; Newsroom operations checklist","resolve a technical question","PC builders, upgraders and technical readers","resource","evergreen method; a news variant needs a dated event","Source-backed problem scope: https://developers.google.com/search/docs/crawling-indexing/sitemaps/news-sitemap; per-query search demand and volume unmeasured","Manufacturer documentation exists; individual SERP competition not audited.","An exact-model evidence checklist linked to the site’s corresponding tools; no invented test winner.","Newsroom operations original documentation; exact model/region/version; independent tests if claiming measured performance","/news/; /data/sources/; /editorial-policy/","Contextual article ads after publisher/CMP approval; no tool-interrupting ads","Quarterly and on specification changes","Technical editor verifies exact source scope; measured claims require a qualified tester","Original explanatory diagram or licensed exact imagery; video only after matching creator/title/date","4–12 editorial hours after data access; original testing additional","P3","Documentation relevance: moderate; query demand: unknown; not a volume estimate","Newsroom operations","news","Scoped candidate; verify query and all exact claims before publishing"
"A public correction note should identify the changed claim","a public correction note should identify the changed claim","Newsroom operations evidence; Newsroom operations checklist","resolve a technical question","PC builders, upgraders and technical readers","resource","evergreen method; a news variant needs a dated event","Source-backed problem scope: https://developers.google.com/search/docs/crawling-indexing/sitemaps/news-sitemap; per-query search demand and volume unmeasured","Manufacturer documentation exists; individual SERP competition not audited.","An exact-model evidence checklist linked to the site’s corresponding tools; no invented test winner.","Newsroom operations original documentation; exact model/region/version; independent tests if claiming measured performance","/news/; /data/sources/; /editorial-policy/","Contextual article ads after publisher/CMP approval; no tool-interrupting ads","Quarterly and on specification changes","Technical editor verifies exact source scope; measured claims require a qualified tester","Original explanatory diagram or licensed exact imagery; video only after matching creator/title/date","4–12 editorial hours after data access; original testing additional","P3","Documentation relevance: moderate; query demand: unknown; not a volume estimate","Newsroom operations","news","Scoped candidate; verify query and all exact claims before publishing"
"Use an empty news sitemap instead of invented recent stories","use an empty news sitemap instead of invented recent stories","Newsroom operations evidence; Newsroom operations checklist","resolve a technical question","PC builders, upgraders and technical readers","resource","evergreen method; a news variant needs a dated event","Source-backed problem scope: https://developers.google.com/search/docs/crawling-indexing/sitemaps/news-sitemap; per-query search demand and volume unmeasured","Manufacturer documentation exists; individual SERP competition not audited.","An exact-model evidence checklist linked to the site’s corresponding tools; no invented test winner.","Newsroom operations original documentation; exact model/region/version; independent tests if claiming measured performance","/news/; /data/sources/; /editorial-policy/","Contextual article ads after publisher/CMP approval; no tool-interrupting ads","Quarterly and on specification changes","Technical editor verifies exact source scope; measured claims require a qualified tester","Original explanatory diagram or licensed exact imagery; video only after matching creator/title/date","4–12 editorial hours after data access; original testing additional","P3","Documentation relevance: moderate; query demand: unknown; not a volume estimate","Newsroom operations","news","Scoped candidate; verify query and all exact claims before publishing"
"A diagram should explain the article rather than act as decoration","a diagram should explain the article rather than act as decoration","Trust and distribution evidence; Trust and distribution checklist","resolve a technical question","PC builders, upgraders and technical readers","resource","evergreen","Source-backed problem scope: https://developers.google.com/search/docs/appearance/google-discover; per-query search demand and volume unmeasured","Manufacturer documentation exists; individual SERP competition not audited.","An exact-model evidence checklist linked to the site’s corresponding tools; no invented test winner.","Trust and distribution original documentation; exact model/region/version; independent tests if claiming measured performance","/editorial-policy/; /data/sources/; /editorial-policy/","Contextual article ads after publisher/CMP approval; no tool-interrupting ads","Quarterly and on specification changes","Technical editor verifies exact source scope; measured claims require a qualified tester","Original explanatory diagram or licensed exact imagery; video only after matching creator/title/date","4–12 editorial hours after data access; original testing additional","P1","Documentation relevance: moderate; query demand: unknown; not a volume estimate","Trust and distribution","discover","Scoped candidate; verify query and all exact claims before publishing"
"Why our phone comparison has no universal winner","why our phone comparison has no universal winner","Trust and distribution evidence; Trust and distribution checklist","resolve a technical question","PC builders, upgraders and technical readers","resource","evergreen","Source-backed problem scope: https://developers.google.com/search/docs/appearance/google-discover; per-query search demand and volume unmeasured","Manufacturer documentation exists; individual SERP competition not audited.","An exact-model evidence checklist linked to the site’s corresponding tools; no invented test winner.","Trust and distribution original documentation; exact model/region/version; independent tests if claiming measured performance","/editorial-policy/; /data/sources/; /editorial-policy/","Contextual article ads after publisher/CMP approval; no tool-interrupting ads","Quarterly and on specification changes","Technical editor verifies exact source scope; measured claims require a qualified tester","Original explanatory diagram or licensed exact imagery; video only after matching creator/title/date","4–12 editorial hours after data access; original testing additional","P1","Documentation relevance: moderate; query demand: unknown; not a volume estimate","Trust and distribution","discover","Scoped candidate; verify query and all exact claims before publishing"
"What counts as an original hardware measurement","what counts as an original hardware measurement","Trust and distribution evidence; Trust and distribution checklist","resolve a technical question","PC builders, upgraders and technical readers","resource","evergreen","Source-backed problem scope: https://developers.google.com/search/docs/appearance/google-discover; per-query search demand and volume unmeasured","Manufacturer documentation exists; individual SERP competition not audited.","An exact-model evidence checklist linked to the site’s corresponding tools; no invented test winner.","Trust and distribution original documentation; exact model/region/version; independent tests if claiming measured performance","/editorial-policy/; /data/sources/; /editorial-policy/","Contextual article ads after publisher/CMP approval; no tool-interrupting ads","Quarterly and on specification changes","Technical editor verifies exact source scope; measured claims require a qualified tester","Original explanatory diagram or licensed exact imagery; video only after matching creator/title/date","4–12 editorial hours after data access; original testing additional","P1","Documentation relevance: moderate; query demand: unknown; not a volume estimate","Trust and distribution","discover","Scoped candidate; verify query and all exact claims before publishing"
"A source timestamp and a publication timestamp are different","a source timestamp and a publication timestamp are different","Trust and distribution evidence; Trust and distribution checklist","resolve a technical question","PC builders, upgraders and technical readers","resource","evergreen","Source-backed problem scope: https://developers.google.com/search/docs/appearance/google-discover; per-query search demand and volume unmeasured","Manufacturer documentation exists; individual SERP competition not audited.","An exact-model evidence checklist linked to the site’s corresponding tools; no invented test winner.","Trust and distribution original documentation; exact model/region/version; independent tests if claiming measured performance","/editorial-policy/; /data/sources/; /editorial-policy/","Contextual article ads after publisher/CMP approval; no tool-interrupting ads","Quarterly and on specification changes","Technical editor verifies exact source scope; measured claims require a qualified tester","Original explanatory diagram or licensed exact imagery; video only after matching creator/title/date","4–12 editorial hours after data access; original testing additional","P2","Documentation relevance: moderate; query demand: unknown; not a volume estimate","Trust and distribution","discover","Scoped candidate; verify query and all exact claims before publishing"
"A video announcement is not an independent product review","a video announcement is not an independent product review","Trust and distribution evidence; Trust and distribution checklist","resolve a technical question","PC builders, upgraders and technical readers","resource","evergreen","Source-backed problem scope: https://developers.google.com/search/docs/appearance/google-discover; per-query search demand and volume unmeasured","Manufacturer documentation exists; individual SERP competition not audited.","An exact-model evidence checklist linked to the site’s corresponding tools; no invented test winner.","Trust and distribution original documentation; exact model/region/version; independent tests if claiming measured performance","/editorial-policy/; /data/sources/; /editorial-policy/","Contextual article ads after publisher/CMP approval; no tool-interrupting ads","Quarterly and on specification changes","Technical editor verifies exact source scope; measured claims require a qualified tester","Original explanatory diagram or licensed exact imagery; video only after matching creator/title/date","4–12 editorial hours after data access; original testing additional","P2","Documentation relevance: moderate; query demand: unknown; not a volume estimate","Trust and distribution","discover","Scoped candidate; verify query and all exact claims before publishing"
"A secondary YouTube link is not a primary video watch page","a secondary youtube link is not a primary video watch page","Trust and distribution evidence; Trust and distribution checklist","resolve a technical question","PC builders, upgraders and technical readers","resource","evergreen","Source-backed problem scope: https://developers.google.com/search/docs/appearance/google-discover; per-query search demand and volume unmeasured","Manufacturer documentation exists; individual SERP competition not audited.","An exact-model evidence checklist linked to the site’s corresponding tools; no invented test winner.","Trust and distribution original documentation; exact model/region/version; independent tests if claiming measured performance","/editorial-policy/; /data/sources/; /editorial-policy/","Contextual article ads after publisher/CMP approval; no tool-interrupting ads","Quarterly and on specification changes","Technical editor verifies exact source scope; measured claims require a qualified tester","Original explanatory diagram or licensed exact imagery; video only after matching creator/title/date","4–12 editorial hours after data access; original testing additional","P2","Documentation relevance: moderate; query demand: unknown; not a volume estimate","Trust and distribution","discover","Scoped candidate; verify query and all exact claims before publishing"
"Large representative imagery without fake product photography","large representative imagery without fake product photography","Trust and distribution evidence; Trust and distribution checklist","resolve a technical question","PC builders, upgraders and technical readers","resource","evergreen","Source-backed problem scope: https://developers.google.com/search/docs/appearance/google-discover; per-query search demand and volume unmeasured","Manufacturer documentation exists; individual SERP competition not audited.","An exact-model evidence checklist linked to the site’s corresponding tools; no invented test winner.","Trust and distribution original documentation; exact model/region/version; independent tests if claiming measured performance","/editorial-policy/; /data/sources/; /editorial-policy/","Contextual article ads after publisher/CMP approval; no tool-interrupting ads","Quarterly and on specification changes","Technical editor verifies exact source scope; measured claims require a qualified tester","Original explanatory diagram or licensed exact imagery; video only after matching creator/title/date","4–12 editorial hours after data access; original testing additional","P2","Documentation relevance: moderate; query demand: unknown; not a volume estimate","Trust and distribution","discover","Scoped candidate; verify query and all exact claims before publishing"
"A comparison result needs readable uncertainty","a comparison result needs readable uncertainty","Trust and distribution evidence; Trust and distribution checklist","resolve a technical question","PC builders, upgraders and technical readers","resource","evergreen","Source-backed problem scope: https://developers.google.com/search/docs/appearance/google-discover; per-query search demand and volume unmeasured","Manufacturer documentation exists; individual SERP competition not audited.","An exact-model evidence checklist linked to the site’s corresponding tools; no invented test winner.","Trust and distribution original documentation; exact model/region/version; independent tests if claiming measured performance","/editorial-policy/; /data/sources/; /editorial-policy/","Contextual article ads after publisher/CMP approval; no tool-interrupting ads","Quarterly and on specification changes","Technical editor verifies exact source scope; measured claims require a qualified tester","Original explanatory diagram or licensed exact imagery; video only after matching creator/title/date","4–12 editorial hours after data access; original testing additional","P3","Documentation relevance: moderate; query demand: unknown; not a volume estimate","Trust and distribution","discover","Scoped candidate; verify query and all exact claims before publishing"
"A manufacturer maximum is not a measured promise","a manufacturer maximum is not a measured promise","Trust and distribution evidence; Trust and distribution checklist","resolve a technical question","PC builders, upgraders and technical readers","resource","evergreen","Source-backed problem scope: https://developers.google.com/search/docs/appearance/google-discover; per-query search demand and volume unmeasured","Manufacturer documentation exists; individual SERP competition not audited.","An exact-model evidence checklist linked to the site’s corresponding tools; no invented test winner.","Trust and distribution original documentation; exact model/region/version; independent tests if claiming measured performance","/editorial-policy/; /data/sources/; /editorial-policy/","Contextual article ads after publisher/CMP approval; no tool-interrupting ads","Quarterly and on specification changes","Technical editor verifies exact source scope; measured claims require a qualified tester","Original explanatory diagram or licensed exact imagery; video only after matching creator/title/date","4–12 editorial hours after data access; original testing additional","P3","Documentation relevance: moderate; query demand: unknown; not a volume estimate","Trust and distribution","discover","Scoped candidate; verify query and all exact claims before publishing"
"Preferred Sources eligibility should be checked before promotion","preferred sources eligibility should be checked before promotion","Trust and distribution evidence; Trust and distribution checklist","resolve a technical question","PC builders, upgraders and technical readers","resource","evergreen","Source-backed problem scope: https://developers.google.com/search/docs/appearance/google-discover; per-query search demand and volume unmeasured","Manufacturer documentation exists; individual SERP competition not audited.","An exact-model evidence checklist linked to the site’s corresponding tools; no invented test winner.","Trust and distribution original documentation; exact model/region/version; independent tests if claiming measured performance","/editorial-policy/; /data/sources/; /editorial-policy/","Contextual article ads after publisher/CMP approval; no tool-interrupting ads","Quarterly and on specification changes","Technical editor verifies exact source scope; measured claims require a qualified tester","Original explanatory diagram or licensed exact imagery; video only after matching creator/title/date","4–12 editorial hours after data access; original testing additional","P3","Documentation relevance: moderate; query demand: unknown; not a volume estimate","Trust and distribution","discover","Scoped candidate; verify query and all exact claims before publishing"
"Search profiles are not a direct ranking boost","search profiles are not a direct ranking boost","Trust and distribution evidence; Trust and distribution checklist","resolve a technical question","PC builders, upgraders and technical readers","resource","evergreen","Source-backed problem scope: https://developers.google.com/search/docs/appearance/google-discover; per-query search demand and volume unmeasured","Manufacturer documentation exists; individual SERP competition not audited.","An exact-model evidence checklist linked to the site’s corresponding tools; no invented test winner.","Trust and distribution original documentation; exact model/region/version; independent tests if claiming measured performance","/editorial-policy/; /data/sources/; /editorial-policy/","Contextual article ads after publisher/CMP approval; no tool-interrupting ads","Quarterly and on specification changes","Technical editor verifies exact source scope; measured claims require a qualified tester","Original explanatory diagram or licensed exact imagery; video only after matching creator/title/date","4–12 editorial hours after data access; original testing additional","P3","Documentation relevance: moderate; query demand: unknown; not a volume estimate","Trust and distribution","discover","Scoped candidate; verify query and all exact claims before publishing"
"How to report an exact catalog-field correction","how to report an exact catalog-field correction","Trust and distribution evidence; Trust and distribution checklist","resolve a technical question","PC builders, upgraders and technical readers","resource","evergreen","Source-backed problem scope: https://developers.google.com/search/docs/appearance/google-discover; per-query search demand and volume unmeasured","Manufacturer documentation exists; individual SERP competition not audited.","An exact-model evidence checklist linked to the site’s corresponding tools; no invented test winner.","Trust and distribution original documentation; exact model/region/version; independent tests if claiming measured performance","/editorial-policy/; /data/sources/; /editorial-policy/","Contextual article ads after publisher/CMP approval; no tool-interrupting ads","Quarterly and on specification changes","Technical editor verifies exact source scope; measured claims require a qualified tester","Original explanatory diagram or licensed exact imagery; video only after matching creator/title/date","4–12 editorial hours after data access; original testing additional","P3","Documentation relevance: moderate; query demand: unknown; not a volume estimate","Trust and distribution","discover","Scoped candidate; verify query and all exact claims before publishing"
"Retail search links are not verified in-stock offers","retail search links are not verified in-stock offers","Buyer evidence evidence; Buyer evidence checklist","resolve a technical question","PC builders, upgraders and technical readers","buying resource","evergreen","Source-backed problem scope: https://support.google.com/adsense/answer/1346295?hl=en; per-query search demand and volume unmeasured","Manufacturer documentation exists; individual SERP competition not audited.","An exact-model evidence checklist linked to the site’s corresponding tools; no invented test winner.","Buyer evidence original documentation; exact model/region/version; independent tests if claiming measured performance","/shop/; /data/sources/; /editorial-policy/","Disclosed retailer link only when exact offer/relationship is verified","Quarterly and on specification changes","Technical editor verifies exact source scope; measured claims require a qualified tester","Original explanatory diagram or licensed exact imagery; video only after matching creator/title/date","4–12 editorial hours after data access; original testing additional","P1","Documentation relevance: moderate; query demand: unknown; not a volume estimate","Buyer evidence","ads","Scoped candidate; verify query and all exact claims before publishing"
"An expired offer should not become a permanent lowest price","an expired offer should not become a permanent lowest price","Buyer evidence evidence; Buyer evidence checklist","resolve a technical question","PC builders, upgraders and technical readers","buying resource","evergreen","Source-backed problem scope: https://support.google.com/adsense/answer/1346295?hl=en; per-query search demand and volume unmeasured","Manufacturer documentation exists; individual SERP competition not audited.","An exact-model evidence checklist linked to the site’s corresponding tools; no invented test winner.","Buyer evidence original documentation; exact model/region/version; independent tests if claiming measured performance","/shop/; /data/sources/; /editorial-policy/","Disclosed retailer link only when exact offer/relationship is verified","Quarterly and on specification changes","Technical editor verifies exact source scope; measured claims require a qualified tester","Original explanatory diagram or licensed exact imagery; video only after matching creator/title/date","4–12 editorial hours after data access; original testing additional","P1","Documentation relevance: moderate; query demand: unknown; not a volume estimate","Buyer evidence","ads","Scoped candidate; verify query and all exact claims before publishing"
"Exact SKU matching before a retailer price comparison","exact sku matching before a retailer price comparison","Buyer evidence evidence; Buyer evidence checklist","resolve a technical question","PC builders, upgraders and technical readers","buying resource","evergreen","Source-backed problem scope: https://support.google.com/adsense/answer/1346295?hl=en; per-query search demand and volume unmeasured","Manufacturer documentation exists; individual SERP competition not audited.","An exact-model evidence checklist linked to the site’s corresponding tools; no invented test winner.","Buyer evidence original documentation; exact model/region/version; independent tests if claiming measured performance","/shop/; /data/sources/; /editorial-policy/","Disclosed retailer link only when exact offer/relationship is verified","Quarterly and on specification changes","Technical editor verifies exact source scope; measured claims require a qualified tester","Original explanatory diagram or licensed exact imagery; video only after matching creator/title/date","4–12 editorial hours after data access; original testing additional","P1","Documentation relevance: moderate; query demand: unknown; not a volume estimate","Buyer evidence","ads","Scoped candidate; verify query and all exact claims before publishing"
"Define whether a subtotal includes tax and shipping","define whether a subtotal includes tax and shipping","Buyer evidence evidence; Buyer evidence checklist","resolve a technical question","PC builders, upgraders and technical readers","buying resource","evergreen","Source-backed problem scope: https://support.google.com/adsense/answer/1346295?hl=en; per-query search demand and volume unmeasured","Manufacturer documentation exists; individual SERP competition not audited.","An exact-model evidence checklist linked to the site’s corresponding tools; no invented test winner.","Buyer evidence original documentation; exact model/region/version; independent tests if claiming measured performance","/shop/; /data/sources/; /editorial-policy/","Disclosed retailer link only when exact offer/relationship is verified","Quarterly and on specification changes","Technical editor verifies exact source scope; measured claims require a qualified tester","Original explanatory diagram or licensed exact imagery; video only after matching creator/title/date","4–12 editorial hours after data access; original testing additional","P2","Documentation relevance: moderate; query demand: unknown; not a volume estimate","Buyer evidence","ads","Scoped candidate; verify query and all exact claims before publishing"
"A minimum price across stores needs stock and currency rules","a minimum price across stores needs stock and currency rules","Buyer evidence evidence; Buyer evidence checklist","resolve a technical question","PC builders, upgraders and technical readers","buying resource","evergreen","Source-backed problem scope: https://support.google.com/adsense/answer/1346295?hl=en; per-query search demand and volume unmeasured","Manufacturer documentation exists; individual SERP competition not audited.","An exact-model evidence checklist linked to the site’s corresponding tools; no invented test winner.","Buyer evidence original documentation; exact model/region/version; independent tests if claiming measured performance","/shop/; /data/sources/; /editorial-policy/","Disclosed retailer link only when exact offer/relationship is verified","Quarterly and on specification changes","Technical editor verifies exact source scope; measured claims require a qualified tester","Original explanatory diagram or licensed exact imagery; video only after matching creator/title/date","4–12 editorial hours after data access; original testing additional","P2","Documentation relevance: moderate; query demand: unknown; not a volume estimate","Buyer evidence","ads","Scoped candidate; verify query and all exact claims before publishing"
"An affiliate click does not establish a completed purchase","an affiliate click does not establish a completed purchase","Buyer evidence evidence; Buyer evidence checklist","resolve a technical question","PC builders, upgraders and technical readers","buying resource","evergreen","Source-backed problem scope: https://support.google.com/adsense/answer/1346295?hl=en; per-query search demand and volume unmeasured","Manufacturer documentation exists; individual SERP competition not audited.","An exact-model evidence checklist linked to the site’s corresponding tools; no invented test winner.","Buyer evidence original documentation; exact model/region/version; independent tests if claiming measured performance","/shop/; /data/sources/; /editorial-policy/","Disclosed retailer link only when exact offer/relationship is verified","Quarterly and on specification changes","Technical editor verifies exact source scope; measured claims require a qualified tester","Original explanatory diagram or licensed exact imagery; video only after matching creator/title/date","4–12 editorial hours after data access; original testing additional","P2","Documentation relevance: moderate; query demand: unknown; not a volume estimate","Buyer evidence","ads","Scoped candidate; verify query and all exact claims before publishing"
"A sold-out item should not silently win a price ranking","a sold-out item should not silently win a price ranking","Buyer evidence evidence; Buyer evidence checklist","resolve a technical question","PC builders, upgraders and technical readers","buying resource","evergreen","Source-backed problem scope: https://support.google.com/adsense/answer/1346295?hl=en; per-query search demand and volume unmeasured","Manufacturer documentation exists; individual SERP competition not audited.","An exact-model evidence checklist linked to the site’s corresponding tools; no invented test winner.","Buyer evidence original documentation; exact model/region/version; independent tests if claiming measured performance","/shop/; /data/sources/; /editorial-policy/","Disclosed retailer link only when exact offer/relationship is verified","Quarterly and on specification changes","Technical editor verifies exact source scope; measured claims require a qualified tester","Original explanatory diagram or licensed exact imagery; video only after matching creator/title/date","4–12 editorial hours after data access; original testing additional","P2","Documentation relevance: moderate; query demand: unknown; not a volume estimate","Buyer evidence","ads","Scoped candidate; verify query and all exact claims before publishing"
"A store image can show another memory variant","a store image can show another memory variant","Buyer evidence evidence; Buyer evidence checklist","resolve a technical question","PC builders, upgraders and technical readers","buying resource","evergreen","Source-backed problem scope: https://support.google.com/adsense/answer/1346295?hl=en; per-query search demand and volume unmeasured","Manufacturer documentation exists; individual SERP competition not audited.","An exact-model evidence checklist linked to the site’s corresponding tools; no invented test winner.","Buyer evidence original documentation; exact model/region/version; independent tests if claiming measured performance","/shop/; /data/sources/; /editorial-policy/","Disclosed retailer link only when exact offer/relationship is verified","Quarterly and on specification changes","Technical editor verifies exact source scope; measured claims require a qualified tester","Original explanatory diagram or licensed exact imagery; video only after matching creator/title/date","4–12 editorial hours after data access; original testing additional","P3","Documentation relevance: moderate; query demand: unknown; not a volume estimate","Buyer evidence","ads","Scoped candidate; verify query and all exact claims before publishing"
"What to preserve in a build-shopping evidence sheet","what to preserve in a build-shopping evidence sheet","Buyer evidence evidence; Buyer evidence checklist","resolve a technical question","PC builders, upgraders and technical readers","buying resource","evergreen","Source-backed problem scope: https://support.google.com/adsense/answer/1346295?hl=en; per-query search demand and volume unmeasured","Manufacturer documentation exists; individual SERP competition not audited.","An exact-model evidence checklist linked to the site’s corresponding tools; no invented test winner.","Buyer evidence original documentation; exact model/region/version; independent tests if claiming measured performance","/shop/; /data/sources/; /editorial-policy/","Disclosed retailer link only when exact offer/relationship is verified","Quarterly and on specification changes","Technical editor verifies exact source scope; measured claims require a qualified tester","Original explanatory diagram or licensed exact imagery; video only after matching creator/title/date","4–12 editorial hours after data access; original testing additional","P3","Documentation relevance: moderate; query demand: unknown; not a volume estimate","Buyer evidence","ads","Scoped candidate; verify query and all exact claims before publishing"
"A monitor price comparison must include the exact size suffix","a monitor price comparison must include the exact size suffix","Buyer evidence evidence; Buyer evidence checklist","resolve a technical question","PC builders, upgraders and technical readers","buying resource","evergreen","Source-backed problem scope: https://support.google.com/adsense/answer/1346295?hl=en; per-query search demand and volume unmeasured","Manufacturer documentation exists; individual SERP competition not audited.","An exact-model evidence checklist linked to the site’s corresponding tools; no invented test winner.","Buyer evidence original documentation; exact model/region/version; independent tests if claiming measured performance","/shop/; /data/sources/; /editorial-policy/","Disclosed retailer link only when exact offer/relationship is verified","Quarterly and on specification changes","Technical editor verifies exact source scope; measured claims require a qualified tester","Original explanatory diagram or licensed exact imagery; video only after matching creator/title/date","4–12 editorial hours after data access; original testing additional","P3","Documentation relevance: moderate; query demand: unknown; not a volume estimate","Buyer evidence","ads","Scoped candidate; verify query and all exact claims before publishing"
"A used or refurbished condition needs an explicit label","a used or refurbished condition needs an explicit label","Buyer evidence evidence; Buyer evidence checklist","resolve a technical question","PC builders, upgraders and technical readers","buying resource","evergreen","Source-backed problem scope: https://support.google.com/adsense/answer/1346295?hl=en; per-query search demand and volume unmeasured","Manufacturer documentation exists; individual SERP competition not audited.","An exact-model evidence checklist linked to the site’s corresponding tools; no invented test winner.","Buyer evidence original documentation; exact model/region/version; independent tests if claiming measured performance","/shop/; /data/sources/; /editorial-policy/","Disclosed retailer link only when exact offer/relationship is verified","Quarterly and on specification changes","Technical editor verifies exact source scope; measured claims require a qualified tester","Original explanatory diagram or licensed exact imagery; video only after matching creator/title/date","4–12 editorial hours after data access; original testing additional","P3","Documentation relevance: moderate; query demand: unknown; not a volume estimate","Buyer evidence","ads","Scoped candidate; verify query and all exact claims before publishing"
"A missing price should remain missing in a PC total","a missing price should remain missing in a pc total","Buyer evidence evidence; Buyer evidence checklist","resolve a technical question","PC builders, upgraders and technical readers","buying resource","evergreen","Source-backed problem scope: https://support.google.com/adsense/answer/1346295?hl=en; per-query search demand and volume unmeasured","Manufacturer documentation exists; individual SERP competition not audited.","An exact-model evidence checklist linked to the site’s corresponding tools; no invented test winner.","Buyer evidence original documentation; exact model/region/version; independent tests if claiming measured performance","/shop/; /data/sources/; /editorial-policy/","Disclosed retailer link only when exact offer/relationship is verified","Quarterly and on specification changes","Technical editor verifies exact source scope; measured claims require a qualified tester","Original explanatory diagram or licensed exact imagery; video only after matching creator/title/date","4–12 editorial hours after data access; original testing additional","P3","Documentation relevance: moderate; query demand: unknown; not a volume estimate","Buyer evidence","ads","Scoped candidate; verify query and all exact claims before publishing"
